# Blender v2.77 (sub 0) OBJ File: 'emitter.obj'
# www.blender.org
mtllib emitter.mtl
o cannon
v -0.079642 0.122229 -1.130303
v -0.090913 0.075388 -1.164938
v -0.031131 0.062740 -1.165576
v -0.020868 0.111335 -1.131775
v -0.072437 0.802248 -1.131162
v -0.081246 0.848963 -1.165880
v -0.144703 0.836244 -1.165165
v -0.127878 0.791420 -1.131068
v 0.287818 0.521248 -1.080702
v 0.320730 0.527947 -1.123759
v 0.312895 0.580773 -1.123875
v 0.279376 0.567870 -1.080685
v 0.324455 0.684167 -1.176846
v 0.316170 0.680943 -1.204491
v 0.282448 0.734971 -1.204509
v 0.291963 0.738986 -1.176883
v 0.164045 0.714465 -1.080704
v 0.181690 0.743099 -1.123887
v 0.138738 0.772894 -1.124000
v 0.125560 0.740809 -1.080701
v 0.471924 0.366540 0.516141
v 0.524655 0.356454 0.537183
v 0.502570 0.265349 0.535095
v 0.444805 0.284082 0.513572
v 0.392570 0.723886 0.207306
v 0.434531 0.753125 0.232039
v 0.480266 0.675906 0.233469
v 0.433551 0.654083 0.208849
v 0.380287 0.518686 -0.082051
v 0.449668 0.539920 -0.049751
v 0.459688 0.459253 -0.045496
v 0.388700 0.447962 -0.076888
v -0.212526 0.785064 -0.089519
v -0.249791 0.844602 -0.052330
v -0.183482 0.882504 -0.048607
v -0.159007 0.817160 -0.081392
v 0.150965 0.113879 -0.784707
v 0.130922 0.106336 -0.752269
v 0.087073 0.135869 -0.770711
v 0.104456 0.143055 -0.807045
v 0.260503 0.187005 -0.742641
v 0.256802 0.183407 -0.740942
v 0.227897 0.213366 -0.755428
v 0.229440 0.214289 -0.755858
v 0.161548 0.156086 -0.662104
v 0.223224 0.163311 -0.702724
v 0.222069 0.199843 -0.679392
v -0.185296 0.124175 -0.815631
v -0.146318 0.152690 -0.834428
v -0.127261 0.146453 -0.818774
v -0.175837 0.117296 -0.797002
v 0.166221 0.807584 -0.774813
v 0.147655 0.815803 -0.743601
v 0.170390 0.765441 -0.718432
v 0.197744 0.744335 -0.745969
v 0.151326 0.811270 -0.784122
v 0.110629 0.782584 -0.806621
v 0.093111 0.789660 -0.770384
v 0.133363 0.818826 -0.752632
v 0.268807 0.714774 -0.748520
v 0.269514 0.668419 -0.751083
v 0.250017 0.695369 -0.756576
v 0.445871 0.775538 0.547828
v 0.448867 0.779228 0.665387
v 0.498713 0.690188 0.662788
v 0.493538 0.691535 0.545277
v -0.464073 0.161530 0.541847
v -0.469137 0.170941 0.661813
v -0.518130 0.256582 0.662326
v -0.510686 0.240670 0.542616
v 0.304865 0.674221 -1.212459
v 0.262238 0.647507 -1.224350
v 0.234912 0.691479 -1.224333
v 0.272114 0.726074 -1.212474
v -0.328667 0.440404 -1.222733
v -0.284043 0.408004 -1.200967
v -0.315217 0.360668 -1.222733
v -0.321942 0.400536 -1.222733
v 0.205293 0.779888 -1.212506
v 0.176719 0.740354 -1.224304
v 0.136633 0.769678 -1.224273
v 0.156820 0.814386 -1.212531
v 0.244229 0.636217 -1.223469
v 0.200143 0.606041 -1.203558
v 0.155762 0.677051 -1.206610
v 0.215075 0.681803 -1.223778
v -0.054221 0.226064 -1.205910
v -0.137659 0.242947 -1.216997
v -0.092752 0.294821 -0.080093
v -0.034700 0.278144 -0.085061
v 0.036215 0.702347 -1.196029
v 0.123392 0.689569 -1.198282
v 0.097320 0.626303 -0.082764
v 0.037988 0.640563 -0.093916
v -0.212669 0.221843 -1.221278
v -0.159783 0.231101 -1.227715
v -0.155092 0.181619 -1.228409
v -0.183881 0.201731 -1.224843
v -0.030793 0.778386 -1.223068
v -0.066263 0.732802 -1.205806
v -0.108685 0.763057 -1.223068
v -0.069739 0.770721 -1.223068
v -0.068821 0.155833 -1.226358
v -0.057043 0.213948 -1.213002
v 0.023123 0.198619 -1.205096
v -0.007304 0.144387 -1.223452
v 0.356618 0.387039 -1.212635
v 0.312629 0.396185 -1.224175
v 0.328602 0.448949 -1.224164
v 0.375078 0.448896 -1.212643
v 0.055116 0.769523 -1.223724
v 0.039283 0.712714 -1.204713
v -0.042411 0.724569 -1.202652
v 0.000923 0.780376 -1.223647
v -0.243085 0.509056 -1.180930
v -0.220603 0.594302 -1.175497
v -0.161532 0.557106 -0.082456
v -0.175653 0.497018 -0.087120
v 0.220339 0.414503 -1.190316
v 0.196992 0.329195 -1.190056
v 0.166570 0.355293 -0.082507
v 0.179880 0.414317 -0.090558
v -0.320224 0.674737 -1.212555
v -0.280883 0.648619 -1.224254
v -0.312459 0.604250 -1.224191
v -0.355400 0.622666 -1.212608
v 0.299597 0.250559 -1.212798
v 0.267575 0.275802 -1.223968
v 0.287205 0.318360 -1.224201
v 0.327685 0.300594 -1.212620
v -0.323191 0.250450 -1.217304
v -0.291331 0.274786 -1.228264
v -0.258207 0.228043 -1.228493
v -0.284960 0.196567 -1.217760
v -0.140709 0.662127 -1.183923
v -0.075082 0.709235 -1.191941
v -0.046555 0.646082 -0.095759
v -0.098226 0.613571 -0.094522
v -0.316757 0.523382 -1.222974
v -0.251860 0.510521 -1.190467
v -0.273717 0.429333 -1.195512
v -0.328925 0.469894 -1.223182
v 0.191940 0.600167 -1.194599
v 0.240069 0.524036 -1.191112
v 0.184738 0.499073 -0.089295
v 0.152736 0.556647 -0.090277
v 0.160389 0.200930 -1.223446
v 0.123698 0.253255 -1.200199
v 0.187110 0.298806 -1.198943
v 0.218676 0.232618 -1.223666
v -0.178464 0.724343 -1.223125
v -0.145276 0.670264 -1.193521
v -0.207246 0.624779 -1.186189
v -0.220356 0.695859 -1.222693
v 0.191705 0.703896 -1.223193
v 0.145851 0.699934 -1.210322
v 0.137013 0.743987 -1.223193
v 0.164359 0.723942 -1.223193
v 0.022125 0.146896 -1.223001
v 0.044910 0.187506 -1.206806
v 0.075339 0.159723 -1.223001
v 0.048732 0.153310 -1.223001
v -0.240122 0.675227 -1.222407
v -0.229587 0.615403 -1.190648
v -0.291914 0.602731 -1.222407
v -0.266018 0.638979 -1.222407
v 0.109534 0.598437 -0.076893
v 0.141112 0.549168 -0.084744
v 0.169472 0.497968 -0.083415
v 0.029385 0.479423 -0.078833
v -0.379303 0.536916 -1.212648
v -0.335912 0.527729 -1.224160
v -0.348364 0.475465 -1.224112
v -0.392742 0.475663 -1.212689
v 0.174775 0.471853 -0.083453
v 0.166647 0.418243 -0.085017
v 0.154735 0.365597 -0.077394
v 0.036143 0.453501 -0.078919
v 0.188979 0.136414 -0.817652
v 0.193214 0.194560 -0.843745
v 0.208123 0.194186 -0.795719
v -0.018643 0.636198 -0.089129
v 0.035396 0.626992 -0.087965
v 0.088556 0.614133 -0.077548
v 0.008764 0.495649 -0.079479
v -0.105599 0.322640 -0.075246
v -0.137353 0.367272 -0.080726
v -0.166168 0.413996 -0.077114
v -0.026922 0.442765 -0.078015
v -0.171121 0.440294 -0.077349
v -0.162023 0.494398 -0.081865
v -0.149439 0.547783 -0.077264
v -0.032034 0.469031 -0.078250
v 0.140244 0.343187 -0.076489
v 0.094581 0.312166 -0.080746
v 0.046729 0.284455 -0.075909
v 0.020904 0.431645 -0.078023
v 0.053779 0.116577 -0.636991
v 0.082468 0.133674 -0.757705
v 0.123674 0.105088 -0.740296
v 0.173701 0.139192 -0.828131
v 0.139402 0.161399 -0.842079
v 0.177094 0.185767 -0.849031
v 0.069187 0.120835 -0.629107
v 0.137347 0.109630 -0.729848
v 0.158340 0.153904 -0.708035
v 0.158021 0.154918 -0.674088
v 0.197151 0.187398 -0.724616
v 0.218841 0.162043 -0.714145
v -0.189915 0.140025 -0.828501
v -0.199846 0.185232 -0.847907
v -0.163276 0.161604 -0.841531
v -0.022566 0.073327 -0.876422
v -0.020391 0.070886 -0.834307
v -0.081908 0.127735 -0.832998
v -0.074082 0.129456 -0.873784
v -0.017460 0.118860 -0.604128
v -0.071356 0.124574 -0.749835
v -0.020082 0.070444 -0.751640
v -0.183164 0.118288 -0.774849
v -0.160855 0.109914 -0.743552
v -0.180031 0.160253 -0.718498
v -0.208777 0.181321 -0.745822
v 0.001378 0.118833 -0.603565
v -0.001255 0.070222 -0.751669
v 0.052761 0.124545 -0.749991
v -0.068500 0.116833 -0.638409
v -0.139535 0.105517 -0.740518
v -0.102987 0.133777 -0.757301
v -0.082387 0.121185 -0.629711
v -0.168411 0.153903 -0.707721
v -0.151799 0.110128 -0.729487
v -0.198688 0.127737 -0.807031
v -0.190683 0.122040 -0.787376
v -0.215630 0.186899 -0.757812
v -0.220811 0.192636 -0.781854
v -0.266220 0.175441 -0.721799
v -0.258690 0.168649 -0.715134
v -0.254975 0.216680 -0.684545
v -0.266016 0.236082 -0.690074
v -0.173277 0.155917 -0.662180
v -0.239403 0.200138 -0.679171
v -0.241909 0.163301 -0.702760
v -0.158700 0.811554 -0.784546
v -0.139508 0.819304 -0.752582
v -0.095143 0.789686 -0.770616
v -0.113757 0.782533 -0.806878
v -0.283354 0.188414 -0.734577
v -0.279679 0.185344 -0.731773
v -0.277539 0.249867 -0.698718
v -0.283373 0.253736 -0.704477
v -0.172954 0.807345 -0.775108
v -0.200518 0.744524 -0.745971
v -0.179625 0.765311 -0.718671
v -0.154609 0.816167 -0.743974
v -0.285535 0.737130 -0.734643
v -0.280849 0.671379 -0.705468
v -0.266766 0.676328 -0.698407
v -0.279377 0.740139 -0.731613
v -0.196235 0.789331 -0.818053
v -0.206211 0.730762 -0.843040
v -0.221697 0.731398 -0.795588
v -0.169683 0.771949 -0.672289
v -0.204273 0.738115 -0.724820
v -0.233923 0.764446 -0.713774
v -0.175250 0.768417 -0.662692
v -0.235231 0.761411 -0.701426
v -0.224419 0.726461 -0.679430
v -0.293058 0.715671 -0.739503
v -0.291306 0.656449 -0.742742
v -0.290250 0.665697 -0.716954
v -0.263699 0.750004 -0.721856
v -0.251129 0.689502 -0.690773
v -0.239256 0.709060 -0.685234
v -0.254400 0.756865 -0.715171
v 0.059406 0.808904 -0.638336
v 0.126461 0.820257 -0.740368
v 0.088387 0.791873 -0.757246
v 0.156897 0.771299 -0.673145
v 0.224541 0.763930 -0.713954
v 0.199788 0.738066 -0.724705
v 0.263309 0.738575 -0.742045
v 0.233672 0.712032 -0.755388
v 0.234497 0.711431 -0.755683
v 0.261383 0.741153 -0.741253
v 0.001378 0.855832 -0.823449
v 0.004458 0.856883 -0.762223
v 0.060443 0.800670 -0.760486
v 0.073488 0.798251 -0.821955
v 0.146796 0.787888 -0.634134
v 0.155265 0.818781 -0.582238
v 0.260379 0.748577 -0.617882
v 0.237444 0.725025 -0.669172
v -0.015776 0.104920 -0.565573
v -0.019731 0.072009 -0.501987
v -0.147581 0.097531 -0.575774
v -0.129306 0.127534 -0.626596
v -0.131379 0.798139 -0.623776
v -0.147048 0.828196 -0.572953
v -0.014188 0.853780 -0.501761
v -0.013333 0.820792 -0.565324
v 0.278644 0.730553 -0.607343
v 0.255780 0.709497 -0.556167
v 0.322164 0.610127 -0.519249
v 0.350643 0.624861 -0.584426
v -0.019455 0.071507 -0.484286
v -0.018066 0.100521 -0.427868
v -0.126699 0.122955 -0.509424
v -0.143526 0.097848 -0.556704
v -0.144170 0.828060 -0.555201
v -0.129935 0.802557 -0.507436
v -0.016056 0.825265 -0.429182
v -0.013406 0.854485 -0.484518
v -0.332955 0.611199 -0.669035
v -0.346543 0.625641 -0.596808
v -0.285552 0.730300 -0.618803
v -0.255304 0.707330 -0.673432
v 0.319063 0.313739 -0.669137
v 0.349862 0.300400 -0.595860
v 0.276610 0.194719 -0.618537
v 0.255163 0.218978 -0.672861
v -0.388529 0.474854 -0.502340
v -0.360569 0.475307 -0.431223
v -0.346056 0.587737 -0.505070
v -0.356319 0.599632 -0.571403
v -0.365569 0.476222 -0.601562
v -0.388796 0.476157 -0.520409
v -0.355779 0.601611 -0.590240
v -0.343722 0.588625 -0.662012
v -0.332556 0.337137 -0.662480
v -0.370497 0.324126 -0.589152
v -0.390501 0.449457 -0.520278
v -0.364404 0.449552 -0.601567
v 0.359014 0.599378 -0.571099
v 0.331923 0.585539 -0.506486
v 0.353432 0.468029 -0.431815
v 0.382701 0.472779 -0.502098
v 0.329941 0.588546 -0.662123
v 0.359364 0.601439 -0.589200
v 0.382432 0.474234 -0.520061
v 0.349589 0.475871 -0.601663
v -0.258030 0.630918 -1.080687
v -0.285522 0.649957 -1.120333
v -0.314669 0.605430 -1.120588
v -0.284863 0.591299 -1.080699
v 0.255460 0.706728 -0.672799
v 0.278553 0.730875 -0.618617
v 0.350544 0.625335 -0.595904
v 0.320232 0.611887 -0.669127
v -0.151770 0.136870 -0.636343
v -0.170308 0.106244 -0.584230
v -0.276663 0.177022 -0.617943
v -0.252905 0.201091 -0.669600
v -0.173975 0.714560 -1.080680
v -0.193382 0.743007 -1.120610
v -0.237948 0.713154 -1.120131
v -0.213363 0.688221 -1.080678
v 0.076685 0.838447 -0.087884
v 0.091313 0.909061 -0.051241
v 0.164891 0.885987 -0.047146
v 0.137331 0.819629 -0.081293
v 0.142372 0.209051 -1.080686
v 0.162667 0.180415 -1.123987
v 0.201839 0.209299 -1.124511
v 0.181140 0.235392 -1.080711
v 0.036795 0.163984 -1.080680
v 0.052473 0.130802 -1.122823
v 0.099581 0.140729 -1.123180
v 0.080412 0.173004 -1.080685
v -0.072632 0.164480 -1.080683
v -0.077894 0.131059 -1.120453
v -0.021240 0.120535 -1.121920
v -0.031938 0.155339 -1.080719
v -0.406269 0.732176 0.226265
v -0.444342 0.745587 0.235367
v -0.390430 0.815689 0.240523
v -0.357182 0.799484 0.233017
v 0.468063 0.368609 0.209439
v 0.513001 0.359576 0.232003
v 0.490543 0.273428 0.233449
v 0.447093 0.290280 0.210792
v 0.383687 0.194057 0.083610
v 0.349871 0.223038 0.115261
v 0.307093 0.165847 0.117148
v 0.336684 0.138314 0.086450
v -0.404370 0.193183 0.207844
v -0.439597 0.169813 0.228208
v -0.483715 0.248905 0.231181
v -0.445858 0.263918 0.211067
v -0.533240 0.357758 0.392969
v -0.472677 0.366669 0.421810
v -0.483676 0.446192 0.422821
v -0.545142 0.448820 0.393615
v -0.106804 -0.061837 0.390772
v -0.094925 -0.001961 0.419180
v -0.172760 0.018773 0.418228
v -0.196910 -0.038111 0.390201
v -0.301286 0.018239 0.387525
v -0.268472 0.066562 0.414868
v -0.335293 0.114781 0.413130
v -0.375850 0.074762 0.386224
v -0.102817 0.941702 0.515725
v -0.112636 0.992251 0.536353
v -0.018050 1.006297 0.534421
v -0.018966 0.954211 0.513990
v 0.103348 -0.061852 0.390640
v 0.090756 -0.001953 0.419108
v 0.010818 -0.012430 0.418167
v 0.012011 -0.073974 0.389981
v -0.418728 0.744382 0.518350
v -0.463046 0.768515 0.537816
v -0.406838 0.841269 0.535273
v -0.369722 0.807155 0.515897
v -0.536310 0.600913 0.671657
v -0.327544 0.539097 0.676863
v -0.316228 0.585579 0.674521
v -0.514271 0.675429 0.668275
v 0.438053 0.771662 0.668800
v 0.259919 0.647156 0.675691
v 0.287487 0.600950 0.673366
v 0.486470 0.685058 0.666192
v 0.099336 0.992749 0.668156
v 0.056956 0.787102 0.675732
v 0.106131 0.772086 0.673443
v 0.187285 0.969629 0.666111
v -0.304862 0.521545 -1.080699
v -0.337029 0.528309 -1.122031
v -0.349101 0.475452 -1.123133
v -0.314958 0.474856 -1.080698
v -0.079328 0.759713 -1.080712
v -0.072779 0.793416 -1.121284
v -0.124530 0.782899 -1.121232
v -0.111629 0.751385 -1.080683
v -0.114069 1.000360 0.546004
v -0.112829 1.003900 0.664580
v -0.017224 1.017310 0.662581
v -0.017625 1.014648 0.543979
v 0.020242 0.280527 -0.075745
v -0.032201 0.291738 -0.079949
v -0.084030 0.306711 -0.075078
v -0.005413 0.426745 -0.077845
v -0.135037 0.569852 -0.078612
v -0.090656 0.601998 -0.088560
v -0.044367 0.631044 -0.089241
v -0.016994 0.490672 -0.079603
v 0.199128 0.144440 -1.212565
v 0.172449 0.183532 -1.224233
v 0.229439 0.214329 -1.224017
v 0.253702 0.180146 -1.212778
v 0.236156 0.254365 -1.223155
v 0.210765 0.307511 -1.203644
v 0.265322 0.319144 -1.223155
v 0.250739 0.286755 -1.223155
v 0.117880 0.261393 -1.191299
v 0.053134 0.214371 -1.192399
v 0.048345 0.269389 -0.080993
v 0.101722 0.300425 -0.085921
v -0.272670 0.287340 -1.227453
v -0.217571 0.321196 -1.213792
v -0.167404 0.252940 -1.227021
v -0.241120 0.238679 -1.227773
v 0.292239 0.400733 -1.223386
v 0.230098 0.412916 -1.199290
v 0.252358 0.493662 -1.199483
v 0.308439 0.454869 -1.223467
v -0.209943 0.328300 -1.203135
v -0.261209 0.400049 -1.189639
v -0.181231 0.411862 -0.082341
v -0.148777 0.359417 -0.085895
v 0.362024 0.536583 -1.212521
v 0.314548 0.527223 -1.224283
v 0.300238 0.579038 -1.224391
v 0.347924 0.597758 -1.212432
v 0.062241 0.069984 -1.175734
v 0.064181 0.075464 -1.204461
v 0.127137 0.088051 -1.204463
v 0.129562 0.083100 -1.175889
v -0.382697 0.387955 -1.212688
v -0.340382 0.396739 -1.224122
v -0.331564 0.344614 -1.224107
v -0.372033 0.326865 -1.212700
v -0.220943 0.146575 -1.217357
v -0.200614 0.182330 -1.228174
v -0.156428 0.150784 -1.228227
v -0.172124 0.111142 -1.217148
v -0.214724 0.779864 -1.212587
v -0.189677 0.740997 -1.224220
v -0.230495 0.711911 -1.224298
v -0.266072 0.745518 -1.212527
v -0.077849 0.836854 -1.212582
v -0.071657 0.790805 -1.224229
v -0.124302 0.780436 -1.224223
v -0.138819 0.824697 -1.212586
v 0.055024 0.121988 -1.132646
v 0.061063 0.075462 -1.165827
v 0.126754 0.088311 -1.166010
v 0.104444 0.132289 -1.132987
v -0.225780 0.794677 -1.174705
v -0.221492 0.790220 -1.204465
v -0.275683 0.754089 -1.204465
v -0.280888 0.757950 -1.174523
v -0.091991 0.070087 -1.174855
v -0.089522 0.075507 -1.204465
v -0.025137 0.062778 -1.204472
v -0.031429 0.057165 -1.175415
v 0.186614 0.750492 -1.133711
v 0.214761 0.790081 -1.167624
v 0.159116 0.826181 -1.168038
v 0.141917 0.781211 -1.133888
v 0.063477 0.802289 -1.132590
v 0.071594 0.848912 -1.167450
v 0.008581 0.861681 -1.166876
v 0.009325 0.813028 -1.131527
v 0.062052 0.087537 -1.212558
v 0.051663 0.133537 -1.224252
v 0.090261 0.142704 -1.224336
v 0.119128 0.099116 -1.212504
v -0.198319 0.750508 -1.130466
v -0.223193 0.790067 -1.164765
v -0.277336 0.754022 -1.164578
v -0.244350 0.719657 -1.129978
v 0.316097 0.239740 -1.177455
v 0.309114 0.242590 -1.204516
v 0.341331 0.295806 -1.204582
v 0.358291 0.295580 -1.175724
v -0.397850 0.540363 -1.172696
v -0.391343 0.539346 -1.204466
v -0.405154 0.475499 -1.204462
v -0.411216 0.475497 -1.173071
v -0.336914 0.684442 -1.173370
v -0.330750 0.681468 -1.204467
v -0.367195 0.627380 -1.204468
v -0.374271 0.629436 -1.172443
v -0.400236 0.384334 -1.172544
v -0.394529 0.385439 -1.204461
v -0.383354 0.321649 -1.204462
v -0.388887 0.319471 -1.172044
v 0.280737 0.654819 -1.133641
v 0.320540 0.681140 -1.166984
v 0.288569 0.735071 -1.167119
v 0.249895 0.700955 -1.133494
v -0.342641 0.240386 -1.178404
v -0.334911 0.243385 -1.207005
v -0.296489 0.189383 -1.206815
v -0.306345 0.185731 -1.178710
v 0.384601 0.384360 -1.175433
v 0.370239 0.384839 -1.204548
v 0.388673 0.449315 -1.204491
v 0.399546 0.449356 -1.175556
v -0.298361 0.269292 -1.133831
v -0.338115 0.244634 -1.165735
v -0.302245 0.190372 -1.166149
v -0.269228 0.221148 -1.135740
v 0.245062 0.630673 -1.080699
v 0.273313 0.649852 -1.123821
v 0.243166 0.694577 -1.123753
v 0.219922 0.670091 -1.080713
v 0.280945 0.402548 -1.080628
v 0.320659 0.396200 -1.123500
v 0.328696 0.448594 -1.123574
v 0.294768 0.449852 -1.080722
v -0.293077 0.655025 -1.130144
v -0.332502 0.681294 -1.163475
v -0.368936 0.627201 -1.162622
v -0.323312 0.609112 -1.130351
v 0.270020 0.269075 -1.133753
v 0.311703 0.242802 -1.167608
v 0.355693 0.298158 -1.165868
v 0.312085 0.316983 -1.133194
v -0.346085 0.530164 -1.131803
v -0.392176 0.539259 -1.162874
v -0.405185 0.475578 -1.163236
v -0.358567 0.475567 -1.132941
v -0.346823 0.394721 -1.129769
v -0.394527 0.385354 -1.162691
v -0.383489 0.321594 -1.162169
v -0.334863 0.340375 -1.126964
v 0.383052 0.540123 -1.176184
v 0.374774 0.538877 -1.204484
v 0.360026 0.602542 -1.204474
v 0.366980 0.604807 -1.176695
v 0.168354 0.173095 -1.133765
v 0.199624 0.133846 -1.167846
v 0.248345 0.169042 -1.169285
v 0.208316 0.203007 -1.134332
v -0.233073 0.130546 -1.179394
v -0.228244 0.134869 -1.207282
v -0.178256 0.098798 -1.207241
v -0.177413 0.093720 -1.180180
v -0.086023 0.087478 -1.212530
v -0.073617 0.133969 -1.224275
v -0.013844 0.123934 -1.224336
v -0.022051 0.075163 -1.212475
v 0.072861 0.854153 -1.177401
v 0.073640 0.849064 -1.204461
v 0.009948 0.861733 -1.204461
v 0.008693 0.867067 -1.176833
v 0.071064 0.837028 -1.212543
v 0.059961 0.790726 -1.224267
v 0.007634 0.801056 -1.224270
v 0.009779 0.849203 -1.212540
v -0.081982 0.854273 -1.175822
v -0.079673 0.849061 -1.204464
v -0.143028 0.836397 -1.204463
v -0.146386 0.841449 -1.175085
v 0.215319 0.133154 -0.076292
v 0.253872 0.074872 -0.049494
v 0.187353 0.036974 -0.045156
v 0.160452 0.105208 -0.071275
v 0.322691 0.238517 -0.076617
v 0.380496 0.196098 -0.049467
v 0.333842 0.139703 -0.045396
v 0.283697 0.186206 -0.072408
v -0.380838 0.526212 -0.078581
v -0.449891 0.550583 -0.049793
v -0.430427 0.623132 -0.045980
v -0.367748 0.575452 -0.076138
v 0.329645 0.529706 -1.133530
v 0.377920 0.539042 -1.166368
v 0.362543 0.602587 -1.166719
v 0.321079 0.584213 -1.133801
v -0.322797 0.244822 -0.078646
v -0.376883 0.208192 -0.054222
v -0.414029 0.275854 -0.049590
v -0.354884 0.301228 -0.074327
v 0.330583 0.394535 -1.133149
v 0.380280 0.385527 -1.165726
v 0.393705 0.449238 -1.165898
v 0.338350 0.448594 -1.133195
v -0.305004 0.403174 -1.080686
v -0.337626 0.396573 -1.119927
v -0.326035 0.343936 -1.117186
v -0.295058 0.356494 -1.080674
v 0.217647 0.794586 -1.177502
v 0.212870 0.790047 -1.204475
v 0.161390 0.826022 -1.204456
v 0.161417 0.831346 -1.177989
v -0.451095 0.552799 0.083619
v -0.412280 0.545057 0.111542
v -0.394253 0.612754 0.110821
v -0.431579 0.627559 0.086214
v 0.040569 0.759748 -1.080670
v 0.060449 0.793555 -1.122716
v 0.006319 0.803940 -1.121672
v -0.021216 0.769538 -1.080642
v 0.528142 0.572858 0.547266
v 0.522111 0.571393 0.664572
v 0.525438 0.474779 0.662372
v 0.540992 0.476052 0.544525
v -0.169191 0.113578 -0.784133
v -0.118754 0.143061 -0.806768
v -0.107128 0.136054 -0.770804
v -0.147483 0.106770 -0.752503
v -0.257475 0.173687 -0.730742
v -0.227430 0.203035 -0.746287
v -0.218897 0.195472 -0.736014
v -0.249979 0.168180 -0.723696
v -0.275171 0.186750 -0.742302
v -0.241672 0.213953 -0.755674
v -0.241691 0.213967 -0.755681
v -0.271814 0.183556 -0.740638
v -0.004552 0.073164 -0.876648
v 0.049210 0.129073 -0.875299
v 0.066593 0.127705 -0.832707
v -0.000176 0.070508 -0.834288
v -0.023061 0.079504 -0.886648
v -0.067960 0.129855 -0.884300
v -0.021915 0.131420 -0.931202
v -0.020055 0.070501 -0.823718
v -0.020025 0.068816 -0.762255
v -0.073997 0.124979 -0.760368
v -0.082223 0.127313 -0.822413
v -0.070384 0.805134 -0.628661
v -0.146050 0.816446 -0.730524
v -0.168943 0.771662 -0.707988
v -0.257546 0.752088 -0.730907
v -0.247289 0.758437 -0.723225
v -0.213645 0.730487 -0.735858
v -0.225341 0.722300 -0.746865
v -0.283262 0.714866 -0.748439
v -0.262634 0.695298 -0.756584
v -0.281879 0.668122 -0.750995
v 0.193374 0.789027 -0.817614
v 0.208951 0.731397 -0.795470
v 0.200732 0.730753 -0.842631
v -0.278094 0.738724 -0.742378
v -0.272967 0.742815 -0.740051
v -0.241592 0.712724 -0.755096
v -0.245169 0.710843 -0.756017
v 0.171392 0.122931 -0.815348
v 0.159141 0.117238 -0.797247
v 0.112440 0.146684 -0.819654
v 0.124329 0.152410 -0.834437
v 0.250026 0.175406 -0.722429
v 0.250601 0.236177 -0.690316
v 0.237839 0.216415 -0.684810
v 0.240348 0.168036 -0.715272
v 0.000153 0.070108 -0.823690
v 0.067718 0.127331 -0.822133
v 0.055639 0.124953 -0.760521
v -0.001390 0.068588 -0.762282
v 0.184922 0.127472 -0.807148
v 0.207738 0.192586 -0.782161
v 0.197571 0.186673 -0.758202
v 0.172995 0.121621 -0.787796
v 0.268182 0.188295 -0.734914
v 0.267482 0.253620 -0.704769
v 0.262258 0.249806 -0.698991
v 0.264625 0.185104 -0.732085
v 0.265720 0.211112 -0.748848
v 0.246505 0.230384 -0.756587
v 0.265238 0.257044 -0.751251
v 0.275383 0.210016 -0.739903
v 0.274763 0.269132 -0.742998
v 0.273124 0.259905 -0.717422
v 0.241866 0.173678 -0.731338
v 0.232574 0.168490 -0.724099
v 0.206270 0.195738 -0.736738
v 0.213250 0.202735 -0.746293
v -0.177886 0.801281 -0.815913
v -0.166313 0.808028 -0.797520
v -0.123633 0.779064 -0.818768
v -0.142138 0.772883 -0.833830
v -0.202911 0.136486 -0.817826
v -0.221347 0.194271 -0.795624
v -0.215724 0.194814 -0.842864
v -0.289506 0.209839 -0.739696
v -0.288282 0.259970 -0.717003
v -0.285350 0.269246 -0.743054
v -0.278834 0.211135 -0.748677
v -0.275589 0.257516 -0.751298
v -0.257553 0.230552 -0.756796
v -0.167874 0.153969 -0.672752
v -0.237299 0.161438 -0.713801
v -0.209660 0.187651 -0.724714
v -0.004484 0.079531 -0.886935
v -0.003341 0.131351 -0.931408
v 0.041965 0.129456 -0.885714
v -0.055045 0.809149 -0.636814
v -0.090091 0.791835 -0.757922
v -0.132235 0.820689 -0.740728
v -0.191893 0.798483 -0.807644
v -0.220887 0.732966 -0.782191
v -0.208031 0.738870 -0.757796
v -0.180484 0.803912 -0.787695
v -0.181852 0.783670 -0.829416
v -0.158689 0.763411 -0.841195
v -0.189060 0.741348 -0.847471
v 0.153892 0.819919 -0.569261
v 0.141244 0.792668 -0.520586
v 0.236841 0.728428 -0.556108
v 0.259307 0.749100 -0.605101
v 0.007619 0.806830 -0.604139
v 0.057525 0.801085 -0.749957
v 0.005016 0.855254 -0.751604
v 0.003178 0.846189 -0.885880
v 0.053358 0.795789 -0.884408
v 0.006497 0.793964 -0.930767
v 0.175708 0.802377 -0.815550
v 0.132162 0.773003 -0.833528
v 0.119471 0.778746 -0.819589
v 0.160672 0.808128 -0.796834
v 0.073918 0.804694 -0.629588
v 0.159184 0.771768 -0.707696
v 0.139649 0.815822 -0.729605
v 0.247307 0.751831 -0.730870
v 0.219592 0.722595 -0.746378
v 0.209828 0.730242 -0.736027
v 0.238208 0.757439 -0.723662
v 0.188043 0.798007 -0.807201
v 0.174366 0.804590 -0.787061
v 0.204159 0.738801 -0.757828
v 0.208914 0.733075 -0.781603
v 0.255015 0.750177 -0.721846
v 0.245806 0.757169 -0.715069
v 0.238909 0.709245 -0.684539
v 0.252173 0.689358 -0.690062
v 0.160877 0.769404 -0.662070
v 0.222756 0.725751 -0.679173
v 0.227779 0.762115 -0.702432
v 0.289802 0.920202 0.668797
v 0.171031 0.737798 0.675727
v 0.207515 0.708128 0.673699
v 0.360785 0.870162 0.667224
v 0.278092 0.715622 -0.739522
v 0.276202 0.665696 -0.717138
v 0.278995 0.656457 -0.742795
v -0.170126 0.105962 -0.572058
v -0.151579 0.133307 -0.523840
v -0.243847 0.196862 -0.556724
v -0.274144 0.176334 -0.605209
v -0.268504 0.749314 -0.605173
v -0.246564 0.728544 -0.556466
v -0.154262 0.792467 -0.520942
v -0.169496 0.819528 -0.569295
v 0.258032 0.176573 -0.605530
v 0.239829 0.197530 -0.556658
v 0.141157 0.132933 -0.523276
v 0.153660 0.105797 -0.572149
v -0.346463 0.626017 -0.585247
v -0.336129 0.613431 -0.519002
v -0.265748 0.709877 -0.556558
v -0.286592 0.729741 -0.607430
v 0.350089 0.300558 -0.584415
v 0.321243 0.310129 -0.519234
v 0.258804 0.216443 -0.555967
v 0.277083 0.195224 -0.607156
v 0.349503 0.449112 -0.601561
v 0.382372 0.447476 -0.520106
v 0.358820 0.324237 -0.589132
v 0.328832 0.337120 -0.662080
v 0.382886 0.447985 -0.502232
v 0.353371 0.443654 -0.431686
v 0.330971 0.333728 -0.506268
v 0.358530 0.324963 -0.571390
v -0.370146 0.325376 -0.571660
v -0.335577 0.335970 -0.506834
v -0.359641 0.450740 -0.431029
v -0.389867 0.450265 -0.502329
v -0.270196 0.219584 -0.672743
v -0.294575 0.194934 -0.618551
v -0.362560 0.300079 -0.596044
v -0.322525 0.313155 -0.669522
v -0.293733 0.195049 -0.607477
v -0.262715 0.215877 -0.556672
v -0.326009 0.312699 -0.519304
v -0.363013 0.300589 -0.584612
v 0.128716 0.097696 -0.557575
v 0.117166 0.123182 -0.509917
v 0.005257 0.100451 -0.427583
v 0.004696 0.071470 -0.484327
v -0.237085 0.725128 -0.669722
v -0.268887 0.748716 -0.617945
v -0.169916 0.818822 -0.582095
v -0.153892 0.787745 -0.634187
v 0.013395 0.820610 -0.565804
v 0.012503 0.853142 -0.503256
v 0.131194 0.827972 -0.572988
v 0.122933 0.798395 -0.623216
v 0.120080 0.127351 -0.625968
v 0.130888 0.097738 -0.575937
v 0.007011 0.072618 -0.503401
v 0.010969 0.105156 -0.566195
v 0.237008 0.200689 -0.669526
v 0.258311 0.176920 -0.617922
v 0.154533 0.106754 -0.584712
v 0.143475 0.137504 -0.636553
v 0.010738 0.853808 -0.484595
v 0.007440 0.825082 -0.429790
v 0.117376 0.802535 -0.507308
v 0.129013 0.828097 -0.554607
v -0.556666 0.575752 0.548142
v -0.549533 0.603701 0.668356
v -0.526659 0.680746 0.664913
v -0.528462 0.666925 0.545365
v 0.295616 0.926692 0.547538
v 0.297078 0.931207 0.665383
v 0.370318 0.879464 0.663884
v 0.369706 0.871134 0.545530
v 0.100739 1.004365 0.546750
v 0.101980 1.005768 0.664687
v 0.192571 0.982048 0.662698
v 0.190513 0.981702 0.544644
v 0.300486 0.003672 0.546683
v 0.298094 0.003281 0.664336
v 0.218269 -0.043904 0.662326
v 0.221465 -0.043334 0.544357
v -0.470392 0.772363 0.547433
v -0.467142 0.779199 0.665772
v -0.408259 0.846920 0.662878
v -0.412615 0.846789 0.544787
v 0.100397 -0.065184 0.667882
v 0.057907 0.142534 0.675483
v 0.008145 0.136320 0.673339
v 0.009985 -0.077026 0.665847
v 0.437440 0.162490 0.667784
v 0.259573 0.280996 0.675431
v 0.228421 0.240413 0.673240
v 0.380341 0.088914 0.665697
v 0.104130 -0.078128 0.546782
v 0.103137 -0.078266 0.664416
v 0.009816 -0.090531 0.662421
v 0.008557 -0.090792 0.544408
v 0.472916 0.558886 0.516405
v 0.521025 0.570967 0.537502
v 0.534558 0.476340 0.534742
v 0.488613 0.476561 0.514625
v -0.304561 0.020153 0.665428
v -0.186744 0.198341 0.675559
v -0.226403 0.233168 0.673072
v -0.383370 0.081617 0.662332
v -0.305338 0.910883 0.668154
v -0.188467 0.739733 0.675970
v -0.144404 0.764002 0.673714
v -0.225238 0.956193 0.665963
v -0.455848 0.772066 0.669209
v -0.279830 0.652600 0.676385
v -0.247743 0.690742 0.673982
v -0.398547 0.837537 0.666324
v -0.107529 -0.064760 0.667920
v -0.069298 0.144008 0.675663
v -0.118538 0.158537 0.673626
v -0.196000 -0.040947 0.665836
v -0.452139 0.757710 0.395343
v -0.398100 0.725378 0.425823
v -0.347852 0.791720 0.425914
v -0.391255 0.835139 0.399628
v -0.488008 0.379727 0.518743
v -0.544649 0.361325 0.538624
v -0.563630 0.456131 0.537024
v -0.503080 0.466175 0.517334
v 0.508692 0.568484 0.668062
v 0.312224 0.528955 0.675605
v 0.319306 0.480038 0.673518
v 0.511380 0.475138 0.665858
v 0.532169 0.355004 0.546790
v 0.521681 0.353954 0.664360
v 0.506394 0.262172 0.662300
v 0.511025 0.262652 0.544326
v -0.098983 -0.018515 0.516230
v -0.109403 -0.070091 0.537186
v -0.198715 -0.045874 0.534917
v -0.178719 0.003195 0.514205
v -0.115183 0.979650 0.393841
v -0.100367 0.922876 0.424329
v -0.018328 0.934919 0.422576
v -0.018911 0.995501 0.389908
v -0.282878 0.871541 0.516659
v -0.311959 0.913062 0.536720
v -0.229449 0.956667 0.533793
v -0.208545 0.909141 0.513467
v 0.440405 0.757279 0.241947
v 0.442079 0.758107 0.378149
v 0.489414 0.678917 0.378389
v 0.486854 0.678929 0.243268
v -0.452343 0.166269 0.387735
v -0.402461 0.196752 0.415055
v -0.442657 0.266787 0.415015
v -0.500090 0.246022 0.388046
v 0.088302 0.944156 0.516031
v 0.099020 0.996286 0.537129
v 0.187338 0.973982 0.535138
v 0.167753 0.923212 0.513950
v -0.478000 0.552531 0.212950
v -0.520701 0.560974 0.233205
v -0.498510 0.644619 0.232250
v -0.456263 0.635350 0.219879
v -0.276874 0.055931 0.510431
v -0.306291 0.015753 0.530473
v -0.383366 0.075771 0.525169
v -0.344881 0.109100 0.505277
v -0.316619 0.919700 0.546369
v -0.313071 0.921780 0.664664
v -0.230351 0.968476 0.662511
v -0.232585 0.964360 0.543305
v -0.491481 0.572997 0.519190
v -0.547788 0.574958 0.538727
v -0.520193 0.664552 0.535984
v -0.468591 0.651386 0.516665
v 0.396951 0.196448 0.209622
v 0.435530 0.171215 0.232420
v 0.380807 0.099844 0.233507
v 0.347758 0.132255 0.211091
v 0.387842 0.712623 -0.040657
v 0.387768 0.709996 0.073346
v 0.427185 0.640284 0.076178
v 0.426890 0.646480 -0.036115
v -0.270735 0.062804 0.206313
v -0.295002 0.026482 0.227252
v -0.369009 0.080367 0.227397
v -0.337546 0.112433 0.207049
v 0.261269 0.857003 0.208376
v 0.284027 0.891987 0.230090
v 0.359641 0.841638 0.232517
v 0.324802 0.806319 0.208595
v -0.477176 0.364181 0.209338
v -0.518651 0.359665 0.235105
v -0.530967 0.448597 0.236580
v -0.489092 0.442288 0.208053
v 0.287458 0.897675 0.240189
v 0.293242 0.907011 0.378774
v 0.366284 0.849414 0.376926
v 0.364913 0.846743 0.242364
v 0.102978 -0.058981 0.242396
v 0.104908 -0.069160 0.380932
v 0.012077 -0.081495 0.380380
v 0.012266 -0.071028 0.243369
v 0.265131 0.064616 0.209778
v 0.290757 0.026486 0.232424
v 0.212840 -0.018581 0.233507
v 0.194728 0.023959 0.211111
v 0.517592 0.564455 0.389581
v 0.458779 0.552361 0.417787
v 0.471940 0.475180 0.417762
v 0.531148 0.475127 0.389687
v 0.435499 0.753639 0.387816
v 0.384234 0.719167 0.415870
v 0.424747 0.651229 0.415602
v 0.482028 0.675798 0.387937
v 0.090526 -0.018877 0.516161
v 0.102265 -0.070223 0.537144
v 0.008675 -0.082597 0.534872
v 0.008606 -0.029656 0.514139
v 0.266329 0.054156 0.516118
v 0.295994 0.010420 0.537055
v 0.217919 -0.035909 0.534873
v 0.194163 0.012445 0.514024
v -0.091354 0.004275 -0.040138
v -0.091838 0.004652 0.073408
v -0.167846 0.025055 0.076250
v -0.166906 0.024983 -0.036040
v 0.519842 0.565612 0.241952
v 0.525027 0.566031 0.379851
v 0.538507 0.474952 0.380005
v 0.531191 0.474206 0.242591
v -0.100614 0.920224 0.210509
v -0.113551 0.966053 0.232183
v -0.013384 0.990349 0.241207
v -0.011299 0.929302 0.210620
v -0.104773 -0.058980 0.242405
v -0.108209 -0.069160 0.381063
v -0.199931 -0.045050 0.380609
v -0.193329 -0.035411 0.243385
v 0.441755 0.165271 0.390553
v 0.391029 0.199211 0.418994
v 0.341176 0.135368 0.418019
v 0.386948 0.092473 0.389885
v -0.446911 0.166117 0.240116
v -0.458686 0.161311 0.376532
v -0.506391 0.242223 0.377004
v -0.491908 0.246006 0.243164
v -0.455266 0.748491 0.244046
v -0.458820 0.761023 0.385471
v -0.397369 0.840034 0.390072
v -0.401079 0.819859 0.248842
v 0.441495 0.167247 0.242397
v 0.448025 0.161138 0.380839
v 0.392536 0.087194 0.380331
v 0.385909 0.094620 0.243369
v -0.528762 0.562489 0.242800
v -0.542218 0.564581 0.382122
v -0.520213 0.651207 0.379321
v -0.508998 0.646405 0.241001
v 0.466238 0.553597 0.208488
v 0.512900 0.564075 0.231992
v 0.524034 0.474389 0.232719
v 0.478302 0.474709 0.210657
v -0.315390 0.887135 0.240583
v -0.311348 0.908224 0.389688
v -0.237458 0.948213 0.387450
v -0.241495 0.926676 0.234808
v -0.116667 0.973493 0.242091
v -0.117109 0.986192 0.383950
v -0.018584 1.002465 0.379981
v -0.013510 0.998060 0.251307
v 0.289067 0.900878 0.388494
v 0.255235 0.850331 0.417028
v 0.316891 0.800027 0.414411
v 0.360495 0.843837 0.386509
v -0.298962 0.019473 0.238872
v -0.306591 0.011831 0.376330
v -0.382289 0.068678 0.375036
v -0.373642 0.074380 0.238729
v 0.096749 0.979445 0.245166
v 0.099709 0.989740 0.380198
v 0.189503 0.965079 0.379730
v 0.179097 0.949364 0.240714
v 0.519966 0.358140 0.241979
v 0.526956 0.356237 0.380723
v 0.503374 0.266087 0.380217
v 0.497176 0.270670 0.243318
v 0.381970 0.706288 0.083245
v 0.352167 0.690266 0.101852
v 0.385512 0.633105 0.109941
v 0.421514 0.639776 0.086405
v -0.090902 0.009451 0.083757
v -0.082969 0.048860 0.115826
v -0.150567 0.067363 0.118260
v -0.165962 0.029624 0.086479
v -0.254550 0.845210 0.082939
v -0.234266 0.814652 0.102783
v -0.173659 0.850340 0.101937
v -0.187112 0.883189 0.085500
v 0.380757 0.370027 -0.078675
v 0.449136 0.356573 -0.049630
v 0.428909 0.282912 -0.045244
v 0.364973 0.319735 -0.072158
v 0.457519 0.354652 -0.040138
v 0.457541 0.350762 0.073328
v 0.437135 0.275758 0.076175
v 0.437060 0.277459 -0.036040
v 0.452017 0.535492 0.083579
v 0.413672 0.532650 0.109892
v 0.422774 0.453848 0.113370
v 0.462356 0.454172 0.086304
v 0.387747 0.190656 -0.040138
v 0.387748 0.190382 0.073361
v 0.340278 0.134905 0.076225
v 0.340168 0.133842 -0.036040
v -0.377849 0.386501 -0.075730
v -0.447191 0.373423 -0.049438
v -0.459195 0.449603 -0.045166
v -0.385275 0.449576 -0.071398
v 0.457509 0.542286 -0.040138
v 0.457540 0.536029 0.073327
v 0.467853 0.454503 0.076165
v 0.467824 0.460509 -0.036040
v 0.164928 0.118318 -0.775222
v 0.190492 0.180972 -0.746211
v 0.168754 0.160266 -0.718857
v 0.145610 0.109633 -0.743550
v 0.215769 0.779434 -0.084123
v 0.255134 0.835127 -0.051186
v 0.315521 0.786872 -0.046775
v 0.265571 0.742450 -0.078405
v -0.076885 0.079459 -0.075529
v -0.089671 0.013060 -0.049506
v -0.163413 0.033372 -0.045287
v -0.138240 0.096742 -0.070941
v -0.382574 0.718882 0.083303
v -0.349892 0.697425 0.107314
v -0.307874 0.752944 0.109370
v -0.335163 0.780158 0.085884
v 0.074925 0.078992 -0.075642
v 0.088645 0.009667 -0.049429
v 0.012479 0.002109 -0.045308
v 0.011844 0.070592 -0.071150
v -0.253726 0.850891 -0.042476
v -0.257895 0.850908 0.072946
v -0.189707 0.890221 0.075787
v -0.186312 0.890066 -0.039012
v 0.204111 0.129492 -1.177750
v 0.205229 0.134171 -1.204456
v 0.259029 0.170259 -1.204449
v 0.254656 0.165488 -1.179245
v -0.384945 0.722220 -0.041177
v -0.387512 0.722188 0.073157
v -0.339115 0.784470 0.075829
v -0.334485 0.784714 -0.037509
v -0.088515 0.913543 0.082924
v -0.082098 0.876930 0.104389
v -0.012990 0.884377 0.111600
v -0.012492 0.923898 0.085833
v -0.383734 0.207094 0.080775
v -0.351868 0.228388 0.111397
v -0.386540 0.289657 0.113711
v -0.422164 0.274308 0.083689
v 0.259676 0.841449 -0.041438
v 0.259026 0.843146 0.073246
v 0.321409 0.793124 0.076186
v 0.321570 0.791927 -0.037106
v -0.087257 0.920143 -0.042218
v -0.089743 0.919893 0.072890
v -0.012182 0.929493 0.075696
v -0.010610 0.930015 -0.037220
v -0.458145 0.553962 -0.040398
v -0.456519 0.553963 0.073377
v -0.437345 0.629889 0.076205
v -0.437423 0.629933 -0.036517
v -0.456173 0.371716 -0.040138
v -0.456043 0.371712 0.073400
v -0.465635 0.449673 0.076235
v -0.468552 0.449785 -0.036040
v 0.452494 0.352733 0.083596
v 0.413137 0.367680 0.113427
v 0.394877 0.309441 0.117754
v 0.432660 0.280064 0.086341
v 0.255046 0.837576 0.083118
v 0.235064 0.806237 0.104651
v 0.292413 0.760864 0.099156
v 0.315546 0.786582 0.085482
v 0.090426 0.000841 -0.040138
v 0.090409 0.004484 0.073409
v 0.012363 -0.005641 0.076250
v 0.012447 -0.006829 -0.036040
v 0.322463 0.670450 -0.082814
v 0.381145 0.708431 -0.050342
v 0.419500 0.643294 -0.045646
v 0.354065 0.612192 -0.078258
v -0.385643 0.203310 -0.043004
v -0.388072 0.203310 0.068084
v -0.426581 0.271347 0.071274
v -0.423570 0.271296 -0.038589
v 0.092821 0.916455 -0.041437
v 0.091473 0.917251 0.072987
v 0.166785 0.895308 0.075956
v 0.167947 0.893348 -0.037546
v -0.258838 0.074444 -0.043056
v -0.260176 0.074443 0.068137
v -0.322621 0.122362 0.070703
v -0.320927 0.122333 -0.039257
v -0.073833 0.842505 -0.087805
v -0.085851 0.912692 -0.052012
v -0.010755 0.922739 -0.047020
v -0.011178 0.849603 -0.085211
v 0.090319 0.912179 0.083279
v 0.081906 0.873718 0.112195
v 0.149275 0.854231 0.116378
v 0.164714 0.890863 0.086181
v 0.258836 0.067573 -0.040138
v 0.258818 0.071418 0.073399
v 0.190808 0.034486 0.076250
v 0.190642 0.028329 -0.036041
v 0.089412 0.009186 0.083792
v 0.081566 0.046435 0.115369
v 0.012193 0.039085 0.118076
v 0.012396 -0.000718 0.086490
v -0.322253 0.665771 -0.087625
v -0.379049 0.716802 -0.050855
v -0.329616 0.779773 -0.047394
v -0.278752 0.727553 -0.088184
v 0.271389 0.737356 -0.734221
v 0.268589 0.739962 -0.731784
v 0.264322 0.675808 -0.698689
v 0.269984 0.671925 -0.704570
v -0.010815 0.806792 -0.605133
v -0.013401 0.854899 -0.751632
v -0.061529 0.801084 -0.750160
v 0.508097 0.357029 0.667859
v 0.310736 0.401071 0.675597
v 0.295413 0.350190 0.673347
v 0.493525 0.268018 0.665738
v -0.310804 0.008583 0.541431
v -0.311789 0.009879 0.660812
v -0.391569 0.072852 0.657222
v -0.388769 0.070289 0.535921
v 0.306397 0.484923 -1.222779
v 0.261237 0.516090 -1.203616
v 0.284807 0.562158 -1.222779
v 0.295602 0.523541 -1.222779
v -0.111002 -0.078045 0.546822
v -0.109930 -0.077917 0.664447
v -0.201083 -0.053400 0.662392
v -0.201947 -0.053422 0.544444
v -0.110247 0.990962 0.668072
v -0.070734 0.788330 0.675876
v -0.020323 0.795187 0.673731
v -0.017675 1.003864 0.666033
v -0.553196 0.359290 0.547887
v -0.550508 0.388506 0.668358
v -0.561126 0.496962 0.667649
v -0.572291 0.455888 0.546074
v -0.536991 0.391101 0.671697
v -0.326396 0.412962 0.676981
v -0.332072 0.463887 0.674869
v -0.546732 0.496356 0.670865
v -0.459103 0.178773 0.666604
v -0.277274 0.293476 0.676105
v -0.303743 0.338236 0.674705
v -0.507297 0.264100 0.666598
v 0.179365 0.786120 -0.827885
v 0.185217 0.739781 -0.847778
v 0.147729 0.763942 -0.840987
v -0.018975 0.854984 -0.823438
v -0.079194 0.798251 -0.821998
v -0.064618 0.800670 -0.760683
v -0.013778 0.856532 -0.762233
v 0.002197 0.852555 -0.875605
v 0.001251 0.855425 -0.834043
v 0.072975 0.797834 -0.832532
v 0.060200 0.796201 -0.873957
v -0.015827 0.845789 -0.885856
v -0.012534 0.793980 -0.930386
v -0.060712 0.795790 -0.884480
v -0.217861 0.137720 -0.078535
v -0.253983 0.083286 -0.054257
v -0.315625 0.130071 -0.050364
v -0.268960 0.178133 -0.073863
v -0.179035 0.209076 -1.086702
v -0.199874 0.182268 -1.121803
v -0.157533 0.152753 -1.121920
v -0.137624 0.182405 -1.087692
v -0.016184 0.852070 -0.875603
v -0.067540 0.796201 -0.874070
v -0.078986 0.797835 -0.832569
v -0.019098 0.854557 -0.834031
v -0.262719 0.293534 -1.086642
v -0.287954 0.276026 -1.120480
v -0.260369 0.231504 -1.121088
v -0.238471 0.253844 -1.085662
v 0.227514 0.292738 -1.080643
v 0.261653 0.273897 -1.123998
v 0.301866 0.320432 -1.123469
v 0.255986 0.332450 -1.080569
v -0.256462 0.078928 0.080751
v -0.234993 0.111012 0.111443
v -0.291106 0.153796 0.113924
v -0.318125 0.126550 0.083344
v -0.094751 -0.007131 0.209673
v -0.103366 -0.051927 0.232419
v -0.190489 -0.028776 0.233496
v -0.173675 0.013685 0.210921
v 0.294768 0.020462 0.242396
v 0.300204 0.011779 0.380910
v 0.219573 -0.035017 0.380362
v 0.215579 -0.025364 0.243369
v 0.092387 0.924111 0.209346
v 0.096376 0.972416 0.234892
v 0.177447 0.943202 0.230492
v 0.168069 0.908256 0.210911
v 0.092506 -0.006888 0.209778
v 0.101569 -0.051877 0.232424
v 0.012339 -0.063712 0.233507
v 0.011905 -0.017523 0.211111
v -0.279457 0.860564 0.222705
v -0.303787 0.881818 0.230976
v -0.235490 0.919264 0.225278
v -0.213528 0.891796 0.215012
v 0.255981 0.075342 0.083776
v 0.233629 0.106041 0.114841
v 0.173018 0.072381 0.117354
v 0.188861 0.038866 0.086532
v -0.451341 0.372679 0.083761
v -0.412745 0.380512 0.115585
v -0.421451 0.449848 0.117742
v -0.460673 0.449644 0.086486
v 0.519807 0.357801 0.390508
v 0.462501 0.370051 0.418951
v 0.442130 0.292718 0.417999
v 0.496586 0.269151 0.389892
v -0.535342 0.563315 0.391945
v -0.471834 0.551590 0.424390
v -0.449707 0.629255 0.423502
v -0.513598 0.649203 0.389087
v -0.411747 0.195503 0.511345
v -0.456117 0.166118 0.530905
v -0.502225 0.245570 0.532135
v -0.453584 0.271538 0.513072
v 0.395083 0.735472 0.516107
v 0.439332 0.770013 0.538239
v 0.485948 0.687793 0.535809
v 0.436110 0.662709 0.514023
v 0.262260 0.871472 0.516046
v 0.291356 0.919285 0.537963
v 0.364280 0.864270 0.536096
v 0.327115 0.820599 0.514010
v 0.098359 0.982975 0.390052
v 0.086825 0.923836 0.421247
v 0.164214 0.902516 0.418315
v 0.186920 0.958564 0.389374
v -0.306235 0.902632 0.399335
v -0.269784 0.854567 0.426173
v -0.204248 0.890609 0.424295
v -0.233408 0.942238 0.397060
v 0.295852 0.017930 0.390602
v 0.260571 0.068555 0.419017
v 0.192477 0.028765 0.418073
v 0.216720 -0.028025 0.389960
v -0.524872 0.359108 0.245315
v -0.540351 0.356768 0.383239
v -0.552196 0.449362 0.383938
v -0.536535 0.449981 0.246859
v 0.396915 0.188758 0.515922
v 0.444245 0.159853 0.537108
v 0.386133 0.085499 0.534636
v 0.350340 0.123395 0.514133
v 0.451351 0.155538 0.546658
v 0.448694 0.155112 0.664319
v 0.389806 0.079235 0.662270
v 0.391401 0.079419 0.544222
v 0.290562 0.014376 0.667802
v 0.172262 0.190782 0.675427
v 0.130923 0.166270 0.673294
v 0.213160 -0.031314 0.665756
v -0.150693 0.088036 -1.164299
v -0.173442 0.097936 -1.167272
v -0.152553 0.083008 -1.174295
v -0.149995 0.099793 -1.212586
v -0.153906 0.088235 -1.204457
v 0.001225 0.062877 -1.204458
v 0.004977 0.075958 -1.212612
v -0.005080 0.056867 -1.175577
v -0.004630 0.062612 -1.165645
v -0.017577 0.867096 -1.176560
v -0.017789 0.861681 -1.166596
v -0.016879 0.849010 -1.212577
v -0.016318 0.861724 -1.204464
v -0.163376 0.814210 -1.212647
v -0.167302 0.826350 -1.204465
v -0.170673 0.831403 -1.174888
v -0.169049 0.826113 -1.164952
v 0.338211 0.475198 -1.133258
v 0.328565 0.475121 -1.123643
v 0.399124 0.475437 -1.175673
v 0.393297 0.475496 -1.166018
v 0.356948 0.629347 -1.176809
v 0.352511 0.627209 -1.166849
v 0.311579 0.608683 -1.133788
v 0.303459 0.605126 -1.123888
v 0.273877 0.757825 -1.177015
v 0.270407 0.753980 -1.167210
v 0.231311 0.719773 -1.133534
v 0.224644 0.713304 -1.123774
v 0.137028 0.841239 -1.177969
v 0.134605 0.836144 -1.168024
v 0.117629 0.791550 -1.133654
v 0.114579 0.783170 -1.123759
v 0.541446 0.449718 0.544467
v 0.535040 0.449890 0.534697
v 0.511333 0.448358 0.665830
v 0.525331 0.448122 0.662346
v 0.484766 0.242687 0.665722
v 0.497561 0.237773 0.662296
v 0.501221 0.238432 0.544310
v 0.492434 0.240886 0.535007
v 0.384118 0.829093 0.242582
v 0.379087 0.823900 0.232784
v 0.379241 0.825025 0.386424
v 0.384869 0.830745 0.376851
v 0.492490 0.651514 0.388166
v 0.499837 0.654805 0.378603
v 0.496897 0.654724 0.243269
v 0.490325 0.651501 0.233442
v 0.436978 0.622284 -0.036040
v 0.429604 0.618860 -0.045599
v 0.437010 0.615913 0.076175
v 0.431584 0.615184 0.086313
v 0.462221 0.427814 0.086310
v 0.467729 0.428222 0.076165
v 0.467761 0.434214 -0.036040
v 0.459333 0.432562 -0.045610
v -0.315627 0.803112 -0.037694
v -0.310672 0.798234 -0.047590
v -0.316456 0.798752 0.085851
v -0.320476 0.802989 0.075799
v -0.162677 0.893197 0.085489
v -0.165417 0.900162 0.075779
v -0.159145 0.892673 -0.048546
v -0.162071 0.900135 -0.038975
v 0.379849 0.851414 0.667236
v 0.388995 0.861249 0.663890
v 0.198430 0.698289 0.671000
v 0.217042 0.679647 0.670995
v 0.226506 0.689264 0.673690
v 0.298138 0.576388 0.673369
v 0.275215 0.595453 0.670733
v 0.285709 0.571366 0.670734
v 0.494656 0.659472 0.666109
v 0.507140 0.665585 0.662693
v -0.400852 0.099706 0.662486
v -0.409864 0.091734 0.657283
v -0.236629 0.260080 0.671779
v -0.244770 0.252440 0.673171
v -0.218487 0.240975 0.671673
v -0.291187 0.343274 0.672037
v -0.300932 0.367639 0.672067
v -0.313598 0.363118 0.674739
v -0.515472 0.287411 0.668293
v -0.527812 0.281671 0.664906
v 0.125279 0.749014 0.670802
v 0.130668 0.761364 0.673428
v 0.101229 0.759638 0.670814
v -0.303621 0.580372 0.671844
v -0.293644 0.604446 0.671768
v -0.305825 0.610240 0.674449
v -0.219022 0.699707 0.671308
v -0.228459 0.709317 0.673895
v -0.238072 0.681547 0.671388
v 0.283004 0.355143 0.670731
v 0.272601 0.330939 0.670689
v 0.284886 0.325579 0.673303
v 0.200375 0.230887 0.670629
v 0.209694 0.221289 0.673242
v 0.218748 0.249712 0.670629
v 0.273383 0.590630 -1.223160
v 0.289564 0.603534 -1.224368
v 0.243685 0.499811 -1.190577
v 0.244524 0.535031 -1.200507
v 0.120977 0.700859 -1.206774
v 0.143809 0.676297 -1.198085
v 0.216805 0.711028 -1.224336
v -0.324454 0.321528 -1.228035
v -0.304221 0.336002 -1.227135
v -0.265567 0.423810 -1.186363
v -0.267738 0.389452 -1.200562
v -0.137209 0.229276 -1.220907
v -0.158676 0.256551 -1.216631
v -0.244801 0.213876 -1.228122
v 0.109309 0.758669 -1.223801
v 0.112289 0.780397 -1.224264
v -0.050961 0.715125 -1.193777
v -0.083306 0.715749 -1.200854
v -0.019013 0.801175 -1.224235
v 0.328858 0.475407 -1.224176
v -0.133391 0.144005 -1.224215
v -0.130337 0.167278 -1.229264
v 0.029217 0.209181 -1.194823
v 0.060287 0.207704 -1.201456
v 0.013064 0.124370 -1.224168
v -0.136572 0.752827 -1.223557
v -0.148859 0.770083 -1.224143
v -0.206336 0.615018 -1.175905
v -0.230002 0.591708 -1.185423
v -0.249307 0.692988 -1.224316
v -0.147822 0.577705 -0.083887
v -0.185985 0.436151 -0.082551
v 0.117258 0.612125 -0.081956
v -0.022282 0.650871 -0.095684
v -0.304589 0.576869 -1.222766
v -0.323459 0.579993 -1.224210
v -0.349200 0.448863 -1.224136
v 0.296656 0.343422 -1.224186
v 0.276040 0.346596 -1.223304
v 0.182625 0.308414 -1.190198
v 0.207838 0.332171 -1.199096
v 0.247946 0.233244 -1.223734
v -0.113131 0.309236 -0.080242
v 0.024022 0.265530 -0.080841
v 0.152752 0.335031 -0.081641
v 0.189114 0.474392 -0.089299
v 0.102102 0.169242 -1.223225
v 0.115459 0.152735 -1.224450
v -0.231196 0.670537 -1.080675
v -0.239795 0.678856 -1.070159
v -0.221127 0.697366 -1.070159
v -0.261441 0.745819 -0.088360
v -0.263284 0.748281 -0.098520
v -0.281253 0.729303 -0.098355
v -0.135728 0.828737 -0.090837
v -0.159961 0.818691 -0.091208
v -0.134951 0.826986 -0.081150
v -0.139380 0.752117 -1.070159
v -0.115342 0.763095 -1.070160
v -0.134588 0.740899 -1.080683
v -0.295947 0.596424 -1.070159
v -0.294766 0.568233 -1.080701
v -0.306316 0.572276 -1.070159
v -0.358724 0.599477 -0.077820
v -0.360847 0.597649 -0.087157
v -0.369952 0.572944 -0.085500
v -0.047026 0.768042 -1.080742
v -0.051410 0.780498 -1.070159
v -0.025257 0.782004 -1.070160
v -0.011810 0.852275 -0.095135
v 0.014247 0.848936 -0.085225
v 0.014336 0.851579 -0.095163
v 0.162074 0.811054 -0.090307
v 0.137780 0.821443 -0.091001
v 0.161097 0.809393 -0.080673
v 0.102355 0.749958 -1.080699
v 0.107214 0.761679 -1.070159
v 0.131502 0.752103 -1.070159
v 0.103604 0.182710 -1.080662
v 0.107643 0.171334 -1.070161
v 0.083404 0.161190 -1.070160
v 0.136204 0.095637 -0.080042
v 0.160835 0.105171 -0.080173
v 0.136252 0.095858 -0.071155
v -0.013926 0.070633 -0.071139
v -0.014319 0.069927 -0.080212
v 0.011890 0.069879 -0.080219
v -0.006822 0.154964 -1.080676
v -0.007926 0.142422 -1.070160
v -0.034069 0.142808 -1.070160
v -0.306210 0.352410 -1.070159
v -0.286967 0.333224 -1.087620
v -0.296547 0.327791 -1.073339
v -0.362979 0.325160 -0.080154
v -0.353208 0.300759 -0.086290
v -0.362162 0.325091 -0.071080
v -0.385602 0.475549 -0.071980
v -0.385847 0.475878 -0.080974
v -0.385613 0.449489 -0.080304
v -0.314949 0.449854 -1.080698
v -0.327163 0.449291 -1.070159
v -0.327172 0.475462 -1.070159
v 0.266438 0.744391 -0.088097
v 0.283631 0.724095 -0.078233
v 0.284824 0.725832 -0.087841
v 0.229848 0.678506 -1.070160
v 0.202531 0.688120 -1.080707
v 0.211643 0.697378 -1.070160
v -0.162040 0.104476 -0.074162
v -0.162699 0.106550 -0.086139
v -0.138472 0.096140 -0.079972
v -0.140550 0.172261 -1.073235
v -0.113327 0.173620 -1.080647
v -0.116056 0.162178 -1.070160
v -0.384269 0.636696 0.110190
v -0.399633 0.615047 0.120744
v -0.389567 0.639317 0.120043
v -0.446468 0.658890 0.221815
v -0.444725 0.661086 0.213447
v -0.454869 0.636772 0.211417
v -0.334580 0.820634 0.224319
v -0.353700 0.802472 0.225361
v -0.339303 0.820513 0.232779
v -0.289790 0.771160 0.108663
v -0.312045 0.757047 0.119286
v -0.293531 0.775726 0.118592
v 0.384814 0.285511 0.118131
v 0.401977 0.308906 0.127846
v 0.391734 0.284511 0.128171
v 0.437269 0.266510 0.210823
v 0.439064 0.265387 0.201168
v 0.449113 0.289687 0.201143
v 0.329572 0.114058 0.211111
v 0.330867 0.112045 0.201433
v 0.349464 0.130639 0.201421
v 0.293962 0.142353 0.127331
v 0.288974 0.147570 0.117096
v 0.312413 0.160962 0.127366
v 0.429503 0.454903 0.123368
v 0.428845 0.428686 0.123982
v 0.422163 0.428002 0.113899
v 0.480617 0.473855 0.200980
v 0.478584 0.448999 0.210761
v 0.480869 0.447517 0.201065
v 0.401065 0.613721 0.121300
v 0.395323 0.609887 0.111290
v 0.390849 0.637912 0.120087
v 0.435589 0.654928 0.199167
v 0.443764 0.630456 0.209013
v 0.446039 0.630768 0.199339
v -0.296982 0.149295 0.125049
v -0.314385 0.166743 0.125152
v -0.309510 0.172282 0.113926
v -0.354036 0.128391 0.207331
v -0.354824 0.128860 0.195386
v -0.337234 0.111413 0.195296
v -0.454803 0.288234 0.213300
v -0.456677 0.287601 0.203620
v -0.445081 0.263565 0.198928
v -0.393302 0.285361 0.125677
v -0.402353 0.310307 0.128365
v -0.395006 0.312974 0.118179
v -0.487152 0.446684 0.432661
v -0.487118 0.473109 0.432976
v -0.483622 0.471940 0.423198
v -0.505801 0.492927 0.508510
v -0.505538 0.466637 0.508428
v -0.503597 0.492150 0.517539
v -0.458569 0.675360 0.516645
v -0.460800 0.677253 0.507320
v -0.471119 0.653026 0.507459
v -0.442822 0.656341 0.433534
v -0.439639 0.653208 0.423621
v -0.453114 0.632058 0.433351
v 0.427000 0.652621 0.425118
v 0.437762 0.628597 0.425407
v 0.435374 0.627540 0.415877
v 0.439651 0.663362 0.504635
v 0.446663 0.639064 0.514069
v 0.450389 0.639195 0.504651
v 0.488508 0.451106 0.514601
v 0.493129 0.450905 0.504892
v 0.493230 0.476770 0.504910
v 0.475363 0.475574 0.427460
v 0.475985 0.449414 0.427636
v 0.472546 0.449415 0.417943
v -0.198190 0.025561 0.425355
v -0.195810 0.027086 0.414736
v -0.173544 0.015946 0.427843
v -0.203992 0.010164 0.500212
v -0.179711 -0.000274 0.504767
v -0.202840 0.011741 0.511603
v -0.360902 0.125360 0.505617
v -0.363446 0.123276 0.493768
v -0.345447 0.104625 0.493736
v -0.336095 0.113743 0.423687
v -0.354690 0.131836 0.423877
v -0.353461 0.132581 0.413222
v 0.010841 -0.015468 0.427787
v -0.015430 -0.015463 0.427796
v -0.015088 -0.012437 0.418167
v -0.017120 -0.033245 0.504702
v 0.009135 -0.033293 0.504690
v -0.017155 -0.029600 0.514144
v 0.007418 0.934939 0.422168
v -0.018511 0.939037 0.432531
v 0.007694 0.939077 0.432108
v 0.006934 0.957829 0.504566
v -0.019302 0.957564 0.504520
v 0.006800 0.954432 0.514006
v 0.191507 0.913285 0.513974
v 0.193386 0.915995 0.504548
v 0.169196 0.926132 0.504545
v 0.187837 0.892042 0.417727
v 0.165172 0.905774 0.428013
v 0.189185 0.895167 0.427396
v 0.168589 0.018783 0.418086
v 0.193538 0.026018 0.427695
v 0.169316 0.015899 0.427707
v 0.171312 -0.001004 0.504632
v 0.195594 0.009038 0.504623
v 0.170347 0.002533 0.514074
v -0.351051 0.824879 0.515731
v -0.352578 0.827467 0.506285
v -0.371633 0.809540 0.506552
v -0.350553 0.793862 0.435541
v -0.331831 0.812285 0.435577
v -0.329450 0.809840 0.425932
v -0.378781 0.855642 0.666187
v -0.388965 0.864913 0.662737
v -0.119678 0.774252 0.673692
v -0.139008 0.751753 0.671126
v -0.114686 0.761813 0.671106
v -0.206036 0.978502 0.662501
v -0.200478 0.966358 0.665954
v 0.009092 1.004126 0.666043
v 0.009035 1.017458 0.662594
v 0.006425 0.794926 0.673696
v -0.020163 0.781731 0.671145
v 0.005985 0.781497 0.671110
v 0.217169 0.972569 0.662786
v 0.212311 0.960104 0.666198
v -0.318499 0.488912 0.672004
v -0.331713 0.490907 0.674854
v -0.318246 0.462527 0.672032
v -0.560348 0.523519 0.667638
v -0.546584 0.523321 0.670804
v -0.515791 0.704460 0.664562
v -0.503164 0.699734 0.667914
v 0.188490 -0.041686 0.665766
v 0.194078 -0.054055 0.662336
v 0.125493 0.178578 0.670685
v 0.101386 0.168304 0.670698
v 0.106292 0.155811 0.673307
v 0.007818 0.149723 0.670726
v -0.018387 0.149996 0.670766
v -0.018623 0.136510 0.673376
v -0.016442 -0.090495 0.662425
v -0.016778 -0.076926 0.665852
v 0.305745 0.453891 0.670985
v 0.319088 0.453296 0.673526
v 0.305866 0.480010 0.670983
v 0.199042 0.253026 -1.080717
v 0.208205 0.244523 -1.070162
v 0.189465 0.226064 -1.070161
v 0.284289 0.185313 -0.081593
v 0.265326 0.168369 -0.072314
v 0.265577 0.167207 -0.081532
v 0.144554 0.108734 -1.212352
v 0.151429 0.098082 -1.204464
v 0.271508 0.200524 -1.212976
v 0.276896 0.189373 -1.204450
v -0.285049 0.726808 -1.212503
v -0.294306 0.735556 -1.204467
v -0.365864 0.598170 -1.212608
v -0.377532 0.603193 -1.204470
v 0.338157 0.325183 -1.212626
v 0.351806 0.320362 -1.204604
v -0.405703 0.449229 -1.204462
v -0.393362 0.449045 -1.212676
v 0.389522 0.475212 -1.204494
v 0.376124 0.475407 -1.212610
v -0.361423 0.304332 -1.216847
v -0.373332 0.297387 -1.207194
v 0.337615 0.622368 -1.212446
v 0.349893 0.626915 -1.204473
v -0.278233 0.170940 -1.207324
v -0.269762 0.182007 -1.217567
v 0.253765 0.745391 -1.212481
v 0.264351 0.754073 -1.204494
v 0.137333 0.836394 -1.204461
v 0.132349 0.824853 -1.212546
v -0.288735 0.167371 -1.178608
v -0.283808 0.172039 -1.166327
v 0.153565 0.093497 -1.176255
v 0.150904 0.098650 -1.166408
v -0.299557 0.739447 -1.174299
v -0.296068 0.735388 -1.164327
v 0.273902 0.183900 -1.179186
v 0.267713 0.187446 -1.169349
v -0.384485 0.605228 -1.172321
v -0.379167 0.602939 -1.162511
v 0.369657 0.319364 -1.175310
v 0.366854 0.321816 -1.165555
v -0.411584 0.449196 -1.173045
v -0.405565 0.449114 -1.163214
v -0.373984 0.298896 -1.165320
v -0.378936 0.295039 -1.178099
v -0.152287 0.781358 -1.130955
v -0.148817 0.772860 -1.121090
v -0.256376 0.694485 -1.120077
v -0.262842 0.700937 -1.129938
v 0.123495 0.151531 -1.123463
v 0.128392 0.143183 -1.133199
v 0.227955 0.221167 -1.134311
v 0.221440 0.227360 -1.124527
v -0.333604 0.584762 -1.130664
v -0.324957 0.581167 -1.120930
v 0.312622 0.343807 -1.123426
v 0.322816 0.340476 -1.133103
v -0.349215 0.449211 -1.122668
v -0.358782 0.449067 -1.132574
v -0.327494 0.317435 -1.131923
v -0.315540 0.320547 -1.119873
v -0.252082 0.202988 -1.135765
v -0.242217 0.211782 -1.121686
v -0.160756 0.140770 -1.133877
v -0.138416 0.133124 -1.128831
v -0.134548 0.141584 -1.118985
v 0.005604 0.111688 -1.132305
v 0.005364 0.120874 -1.122466
v -0.021029 0.803933 -1.121335
v -0.016995 0.813076 -1.131256
v 0.265233 0.327031 -1.070161
v 0.267122 0.355245 -1.080535
v 0.276865 0.350813 -1.070161
v 0.309316 0.475091 -1.070160
v 0.307754 0.449158 -1.070161
v 0.296261 0.474625 -1.080720
v 0.270200 0.591254 -1.080685
v 0.281639 0.596518 -1.070160
v 0.291243 0.572038 -1.070160
v -0.220446 0.235747 -1.085713
v -0.228441 0.227353 -1.071140
v -0.246649 0.245758 -1.070655
v 0.008639 1.015030 0.544070
v 0.008415 1.006769 0.534547
v 0.214890 0.971970 0.544743
v 0.211891 0.964182 0.535238
v 0.388245 0.852604 0.545569
v 0.382903 0.845417 0.536069
v 0.495871 0.663179 0.535681
v 0.503513 0.667209 0.545210
v -0.222538 -0.034398 0.531351
v -0.226061 -0.043099 0.542273
v -0.219113 -0.031543 0.664426
v -0.225212 -0.043099 0.660408
v -0.400017 0.093207 0.525240
v -0.407293 0.089033 0.536400
v -0.017698 -0.090727 0.544413
v -0.017769 -0.082543 0.534882
v -0.208087 0.974162 0.543260
v -0.204827 0.966474 0.533730
v 0.197303 -0.053521 0.544369
v 0.193496 -0.046080 0.534841
v -0.393747 0.864914 0.544656
v -0.387667 0.859478 0.535083
v 0.372763 0.060813 0.544225
v 0.367425 0.066732 0.534666
v 0.361441 0.069964 0.665699
v 0.371229 0.060609 0.662272
v -0.517862 0.691069 0.545278
v -0.509109 0.688978 0.535770
v -0.572656 0.482059 0.546101
v -0.563365 0.482862 0.536861
v -0.521963 0.264960 0.544889
v -0.513719 0.268741 0.535618
v -0.210177 0.912060 0.504037
v -0.184490 0.918580 0.513361
v -0.185568 0.921683 0.503905
v 0.434613 0.260160 0.513607
v 0.437455 0.258175 0.504390
v 0.447943 0.282545 0.504410
v 0.345220 0.802183 0.514083
v 0.348221 0.803370 0.504676
v 0.329869 0.822179 0.504676
v 0.332507 0.104884 0.514103
v 0.335383 0.102225 0.504625
v 0.353479 0.121093 0.504606
v -0.454832 0.269513 0.501761
v -0.462239 0.295096 0.515986
v -0.465430 0.294490 0.506823
v -0.492482 0.467080 0.198591
v -0.492337 0.441235 0.198088
v -0.489262 0.467705 0.208619
v -0.531472 0.475136 0.236309
v -0.536930 0.476348 0.246537
v -0.499482 0.670782 0.241160
v -0.488524 0.669210 0.232312
v -0.494962 0.272993 0.235736
v -0.501697 0.270507 0.245653
v -0.365462 0.835083 0.238872
v -0.382405 0.838187 0.248343
v -0.220156 -0.028473 0.387562
v -0.224210 -0.035063 0.376607
v -0.394689 0.093054 0.386154
v -0.400933 0.087047 0.375040
v -0.209005 0.952347 0.396369
v -0.213140 0.958322 0.386734
v -0.180456 0.904176 0.433807
v -0.180282 0.900637 0.424004
v -0.204775 0.894073 0.434046
v 0.007525 0.995861 0.389410
v 0.007612 1.002726 0.379564
v 0.213616 0.954762 0.379550
v 0.211148 0.948208 0.389193
v -0.372387 0.853275 0.400085
v -0.378449 0.858363 0.390614
v -0.509640 0.268998 0.390938
v -0.516653 0.266497 0.381371
v -0.453627 0.288699 0.428423
v -0.451321 0.289251 0.418777
v -0.443264 0.264079 0.425595
v -0.545342 0.475182 0.393440
v -0.552328 0.475683 0.383779
v 0.531156 0.447904 0.242595
v 0.524016 0.447985 0.232732
v 0.487219 0.246388 0.243370
v 0.480523 0.249014 0.233499
v -0.385854 0.097180 0.227493
v -0.392127 0.092769 0.239064
v 0.342810 0.787893 0.208486
v 0.344984 0.788840 0.198783
v 0.326558 0.807732 0.198921
v -0.198035 0.022000 0.208320
v -0.198374 0.022410 0.196478
v -0.174119 0.011761 0.201259
v -0.217768 -0.025649 0.241039
v -0.214568 -0.017774 0.229387
v 0.170112 0.910984 0.201027
v 0.191859 0.898948 0.210856
v 0.194361 0.901428 0.200866
v 0.203549 0.938968 0.240007
v 0.202034 0.932822 0.229881
v -0.013829 -0.017575 0.211095
v -0.014011 -0.019522 0.201452
v 0.012297 -0.019470 0.201469
v -0.013996 -0.071030 0.243370
v -0.014054 -0.063715 0.233508
v -0.209888 0.894167 0.205222
v -0.187802 0.901009 0.213049
v -0.184996 0.903334 0.203519
v -0.217342 0.937610 0.234827
v -0.211305 0.930606 0.225331
v 0.013076 0.990337 0.241402
v 0.012164 0.998078 0.251501
v 0.014563 0.929742 0.210457
v 0.015148 0.932105 0.200792
v -0.011331 0.931672 0.200974
v 0.170963 0.014115 0.211111
v 0.171557 0.011922 0.201440
v 0.195850 0.021979 0.201444
v 0.191317 -0.035414 0.243369
v 0.188456 -0.028680 0.233507
v 0.367339 0.076051 0.243369
v 0.362145 0.081181 0.233507
v 0.318617 0.802526 0.423930
v 0.337093 0.783687 0.423745
v 0.335126 0.781413 0.414247
v -0.014434 -0.073980 0.390007
v -0.014192 -0.081526 0.380397
v 0.192302 -0.038148 0.389966
v 0.195321 -0.045080 0.380365
v 0.374097 0.068530 0.380340
v 0.368343 0.073702 0.389911
v 0.324491 0.114728 0.427588
v 0.322805 0.117043 0.418000
v 0.343138 0.133290 0.427588
v -0.503121 0.673737 0.389621
v -0.510220 0.675395 0.379652
v 0.486694 0.244629 0.389890
v 0.493507 0.241733 0.380232
v 0.432136 0.268863 0.418008
v 0.444435 0.291697 0.427709
v 0.434312 0.267494 0.427702
v 0.531434 0.448751 0.389794
v 0.538786 0.448723 0.380115
v -0.191121 0.035122 -0.038597
v -0.186820 0.044874 -0.049642
v -0.339285 0.141044 -0.039161
v -0.331498 0.146140 -0.050347
v -0.266983 0.176859 -0.085262
v -0.283669 0.193215 -0.073918
v -0.285275 0.195496 -0.085247
v -0.014044 0.002674 -0.045324
v -0.013879 -0.006313 -0.036040
v 0.363366 0.588154 -0.078093
v 0.365038 0.588094 -0.087617
v 0.355594 0.612627 -0.087749
v 0.389487 0.420170 -0.085618
v 0.390274 0.446378 -0.086287
v 0.388023 0.422349 -0.076145
v 0.164352 0.029101 0.086548
v 0.166358 0.024724 0.076251
v 0.176057 0.065362 0.127626
v 0.151618 0.055781 0.127715
v 0.149037 0.062972 0.117417
v -0.013903 0.032028 0.128355
v -0.013634 0.039491 0.118136
v 0.012446 0.031610 0.128288
v -0.013930 -0.000716 0.086490
v -0.013897 -0.005639 0.076250
v 0.321007 0.116986 0.076231
v 0.317343 0.120367 0.086474
v -0.427436 0.654149 0.076173
v -0.421622 0.651921 0.086185
v 0.422107 0.255722 0.086227
v 0.426545 0.251863 0.076181
v -0.460730 0.476026 0.086482
v -0.465692 0.476000 0.076232
v -0.429932 0.449114 0.127841
v -0.429814 0.475587 0.127287
v -0.421287 0.475519 0.117102
v -0.436462 0.295745 0.076247
v -0.432125 0.297687 0.086490
v 0.333879 0.767393 0.085550
v 0.339677 0.774219 0.076200
v 0.310937 0.742375 0.098817
v 0.294332 0.762937 0.108435
v 0.312833 0.744302 0.107939
v -0.153278 0.060359 0.128457
v -0.178142 0.069646 0.125749
v -0.173780 0.075987 0.113805
v -0.189224 0.039775 0.083678
v -0.192075 0.035093 0.071371
v -0.425394 0.299198 -0.045311
v -0.433803 0.295641 -0.036040
v 0.340118 0.773219 -0.036992
v 0.334262 0.768115 -0.046617
v 0.189007 0.875126 -0.047159
v 0.191942 0.882575 -0.037546
v 0.015545 0.929508 -0.037106
v 0.015619 0.922244 -0.046897
v 0.162753 0.027227 -0.045151
v 0.166308 0.018708 -0.036041
v 0.321208 0.115538 -0.036040
v 0.314679 0.121329 -0.045429
v -0.426989 0.653968 -0.036628
v -0.420197 0.648193 -0.045884
v 0.365559 0.320894 -0.081240
v 0.354451 0.295768 -0.071824
v 0.355232 0.296580 -0.080723
v 0.426652 0.253467 -0.036040
v 0.418639 0.258370 -0.045136
v -0.468831 0.475954 -0.036078
v -0.459501 0.476072 -0.045197
v 0.013828 0.923536 0.085842
v 0.014041 0.929123 0.075710
v 0.012628 0.884094 0.112838
v -0.013590 0.890415 0.121758
v 0.012746 0.890103 0.122942
v 0.151622 0.861426 0.126538
v 0.175856 0.850723 0.125597
v 0.172419 0.843992 0.115139
v 0.190818 0.884735 0.075993
v 0.188808 0.880259 0.086221
v -0.176134 0.853723 0.111477
v -0.151970 0.863633 0.111699
v -0.149488 0.860302 0.102177
v -0.336914 0.145514 0.083380
v -0.341077 0.140992 0.070695
v -0.113832 0.171019 0.671029
v -0.137706 0.181810 0.671137
v -0.143053 0.169341 0.673725
v -0.095067 -0.009089 0.199913
v -0.184496 0.199807 -1.072187
v -0.382076 0.525110 -0.087862
v 0.091135 -0.004947 0.428836
v 0.419977 0.535122 0.120008
v -0.475600 0.366639 0.431662
v 0.237687 0.099854 0.125209
v 0.236719 0.285777 -1.070162
v 0.300280 0.523565 -1.070160
v -0.074544 0.844741 -0.097720
v 0.420105 0.367756 0.123628
v -0.237409 0.818671 0.112627
v 0.163714 0.726579 0.673034
v 0.292309 0.399985 -1.070161
v -0.493873 0.574219 0.509971
v -0.271598 0.286775 -1.071997
v 0.089099 0.947349 0.506504
v -0.103531 0.944966 0.506157
v -0.420821 0.746545 0.508910
v 0.264603 0.873641 0.506561
v 0.470240 0.367559 0.199658
v 0.356060 0.220063 0.125503
v -0.240169 0.105530 0.123107
v -0.271254 0.857556 0.435979
v -0.228625 0.134988 -1.166799
v 0.461717 0.553095 0.427508
v -0.316744 0.523869 -1.070159
v 0.256789 0.853174 0.426729
v 0.255743 0.637512 -1.070160
v 0.164805 0.201857 0.672787
v -0.314489 0.535456 0.674069
v -0.100547 0.926748 0.434318
v 0.082998 0.039019 0.125739
v 0.037739 0.151806 -1.070160
v -0.403627 0.734797 0.218164
v -0.266810 0.299886 0.674052
v 0.297716 0.403875 0.672991
v -0.413665 0.193426 0.499636
v -0.083656 0.881666 0.114339
v 0.148554 0.198699 -1.070161
v 0.076958 0.840701 -0.097817
v 0.381794 0.369511 -0.088056
v 0.054256 0.774020 0.673096
v -0.075063 0.152493 -1.070160
v 0.386368 0.721020 0.425484
v 0.398722 0.195063 0.199851
v -0.066799 0.157137 0.673030
v 0.477134 0.559057 0.506731
v -0.403389 0.195006 0.425791
v -0.490864 0.379655 0.509608
v 0.055262 0.155627 0.672842
v 0.237772 0.810688 0.114631
v 0.399938 0.186590 0.506446
v -0.267871 0.637640 -1.070159
v -0.419312 0.546251 0.121708
v -0.206419 0.171879 -1.134821
v -0.099467 -0.022112 0.506685
v -0.354680 0.700824 0.117308
v -0.099212 0.922598 0.200814
v -0.475324 0.553598 0.434313
v -0.084476 0.041546 0.126148
v 0.215639 0.132548 -0.085451
v 0.040979 0.771842 -1.070159
v 0.216701 0.781255 -0.093894
v 0.355825 0.693671 0.111594
v -0.270750 0.062495 0.194383
v -0.268782 0.645022 0.673718
v 0.248930 0.639515 0.672997
v 0.381928 0.517855 -0.091618
v 0.074924 0.078519 -0.084720
v 0.465405 0.369535 0.428761
v -0.322762 0.245738 -0.090422
v 0.268506 0.051088 0.506573
v -0.180253 0.724741 -1.070159
v -0.420747 0.378792 0.125842
v -0.277742 0.052872 0.498837
v 0.323839 0.671549 -0.092471
v -0.180039 0.208592 0.673544
v -0.357751 0.223415 0.123123
v -0.180967 0.728681 0.673354
v -0.275229 0.861824 0.213478
v 0.083152 0.880393 0.122441
v -0.083376 0.771797 -1.070159
v -0.313001 0.414560 0.674195
v -0.479764 0.363329 0.199406
v -0.213940 0.787083 -0.099619
v 0.171573 0.724741 -1.070159
v 0.299144 0.526402 0.672991
v 0.093004 -0.008981 0.200013
v 0.263421 0.858971 0.198434
v 0.398390 0.736402 0.506605
v -0.284475 0.874325 0.507116
v -0.378432 0.386491 -0.084820
v 0.087449 0.927575 0.431176
v 0.091282 -0.022505 0.506610
v 0.393121 0.197468 0.428733
v 0.468558 0.553322 0.198704
v 0.394700 0.724792 0.197506
v -0.404376 0.193243 0.195668
v -0.095494 -0.004920 0.428909
v 0.261960 0.065995 0.428730
v 0.248471 0.288407 0.672789
v -0.324591 0.665731 -0.097488
v 0.266353 0.062597 0.199997
v -0.077200 0.078797 -0.084682
v -0.068129 0.775238 0.673261
v -0.270081 0.065266 0.425574
v 0.093715 0.926685 0.199462
v 0.475847 0.365662 0.506599
v -0.401075 0.728045 0.435702
v -0.316686 0.400850 -1.070159
v -0.217194 0.138124 -0.090353
v 0.323385 0.238476 -0.085760
v -0.478923 0.552933 0.203602
v 0.306069 0.453866 0.786608
v 0.298043 0.403851 0.787833
v -0.318176 0.488888 0.787071
v -0.314162 0.535431 0.788323
v -0.300608 0.367615 0.787099
v -0.312674 0.414536 0.788380
v -0.218699 0.699682 0.786755
v -0.180640 0.728656 0.787998
v 0.101710 0.168280 0.786478
v 0.055589 0.155603 0.787766
v -0.137383 0.181785 0.786676
v -0.179712 0.208567 0.788084
v 0.125602 0.748990 0.786525
v 0.164041 0.726555 0.787852
v -0.114362 0.761790 0.786663
v -0.067802 0.775214 0.787956
v 0.006309 0.781473 0.786665
v 0.054583 0.773996 0.787880
v -0.293320 0.604422 0.786963
v -0.268454 0.644998 0.788163
v 0.286033 0.571342 0.786494
v 0.299472 0.526377 0.787833
v -0.287899 0.372639 0.788428
v -0.277835 0.347820 0.788415
v -0.254997 0.307058 0.789662
v -0.226617 0.269719 0.788304
v -0.208217 0.250272 0.788255
v -0.172146 0.219818 0.789441
v -0.132366 0.194717 0.788026
v -0.108039 0.183501 0.787976
v -0.063856 0.170400 0.789218
v -0.018357 0.163746 0.787864
v 0.008417 0.163397 0.787845
v 0.053016 0.168888 0.789136
v 0.096345 0.180858 0.787833
v 0.120937 0.191462 0.787828
v 0.157877 0.213264 0.789112
v 0.191228 0.240563 0.787804
v 0.209792 0.259891 0.787804
v 0.237741 0.296175 0.789113
v 0.260335 0.336124 0.787830
v 0.270898 0.360726 0.787849
v 0.284772 0.406467 0.789201
v 0.292249 0.453432 0.787958
v 0.292448 0.480207 0.787957
v 0.286204 0.523758 0.789201
v 0.273533 0.565939 0.787850
v 0.262727 0.590444 0.787850
v 0.238103 0.631844 0.789204
v 0.208115 0.669484 0.787962
v 0.189295 0.688544 0.787964
v 0.156770 0.715135 0.789220
v 0.120680 0.736123 0.787880
v 0.096244 0.747099 0.787885
v 0.052126 0.760673 0.789246
v 0.006758 0.767637 0.788011
v -0.020018 0.767984 0.788028
v -0.065114 0.761941 0.789318
v -0.108868 0.749261 0.788011
v -0.133616 0.739043 0.788020
v -0.173087 0.717408 0.789359
v -0.208826 0.690121 0.788098
v -0.228288 0.671727 0.788135
v -0.257212 0.637418 0.789517
v -0.280544 0.599227 0.788297
v -0.290678 0.574440 0.788333
v -0.300944 0.532272 0.789670
v -0.304651 0.488547 0.788401
v -0.304158 0.461740 0.788414
v -0.299290 0.416690 0.789724
v 0.200699 0.230863 0.786446
v 0.165132 0.201833 0.787740
v 0.217366 0.679622 0.786612
v 0.249257 0.639490 0.787835
v -0.236305 0.260057 0.786969
v -0.266482 0.299862 0.788315
v -0.018063 0.149971 0.786508
v -0.066472 0.157113 0.787851
v 0.272925 0.330914 0.786473
v 0.248799 0.288382 0.787741
v 0.198754 0.698265 0.786614
v 0.275539 0.595429 0.786494
v -0.218163 0.240951 0.786920
v -0.290863 0.343250 0.787086
v 0.101552 0.759614 0.786530
v -0.303297 0.580348 0.786998
v -0.237749 0.681522 0.786791
v 0.283327 0.355119 0.786493
v 0.219072 0.249688 0.786446
v -0.138684 0.751729 0.786672
v -0.019840 0.781708 0.786681
v -0.317922 0.462504 0.787084
v 0.125816 0.178554 0.786472
v 0.008142 0.149699 0.786490
v 0.306189 0.479986 0.786607
v -0.113508 0.170995 0.786628
vt 0.900424 0.650759
vt 0.901703 0.654585
vt 0.899146 0.655831
vt 0.896715 0.652028
vt 0.908118 0.699829
vt 0.906247 0.696212
vt 0.908463 0.695293
vt 0.910818 0.698744
vt 0.876473 0.693933
vt 0.883878 0.690438
vt 0.885407 0.693485
vt 0.878421 0.697519
vt 0.892924 0.692895
vt 0.894551 0.691761
vt 0.895478 0.693032
vt 0.894207 0.694377
vt 0.891650 0.707450
vt 0.894459 0.700804
vt 0.897135 0.701862
vt 0.894973 0.708754
vt 0.942546 0.489919
vt 0.930591 0.482725
vt 0.938738 0.469857
vt 0.953031 0.475268
vt 0.721011 0.753884
vt 0.717078 0.738549
vt 0.731828 0.734801
vt 0.738229 0.749089
vt 0.665867 0.173452
vt 0.674994 0.179218
vt 0.669998 0.186059
vt 0.661867 0.178895
vt 0.644655 0.116254
vt 0.647036 0.105320
vt 0.654755 0.107158
vt 0.650418 0.117155
vt 0.664546 0.826330
vt 0.663802 0.838796
vt 0.654940 0.832645
vt 0.656195 0.818233
vt 0.737336 0.924921
vt 0.736753 0.925563
vt 0.733912 0.918215
vt 0.734184 0.918047
vt 0.729724 0.957319
vt 0.734605 0.939556
vt 0.740566 0.948217
vt 0.720253 0.814921
vt 0.726189 0.807299
vt 0.729128 0.813700
vt 0.720605 0.821469
vt 0.693468 0.829237
vt 0.693118 0.841278
vt 0.683329 0.849331
vt 0.680379 0.837530
vt 0.696636 0.826489
vt 0.704935 0.818942
vt 0.704935 0.833350
vt 0.696130 0.838617
vt 0.657234 0.921413
vt 0.651511 0.917226
vt 0.657726 0.916334
vt 0.872652 0.518824
vt 0.867472 0.495139
vt 0.878439 0.493178
vt 0.887925 0.515287
vt 0.838488 0.348607
vt 0.841482 0.372667
vt 0.830263 0.376170
vt 0.824101 0.352195
vt 0.895083 0.691445
vt 0.896282 0.690755
vt 0.896487 0.691567
vt 0.895781 0.692579
vt 0.906680 0.675826
vt 0.902479 0.675733
vt 0.905788 0.670639
vt 0.906234 0.673232
vt 0.897662 0.693511
vt 0.898215 0.692299
vt 0.899518 0.692771
vt 0.899079 0.694086
vt 0.896773 0.690422
vt 0.898113 0.689954
vt 0.895908 0.690125
vt 0.896639 0.691173
vt 0.904474 0.661417
vt 0.910227 0.654854
vt 0.893840 0.741524
vt 0.892472 0.739123
vt 0.901194 0.688847
vt 0.906531 0.689002
vt 0.896685 0.721243
vt 0.891919 0.717923
vt 0.904098 0.657032
vt 0.903109 0.655035
vt 0.904631 0.650628
vt 0.904364 0.653830
vt 0.902065 0.692358
vt 0.902131 0.691314
vt 0.904075 0.691484
vt 0.903070 0.691921
vt 0.903343 0.653457
vt 0.904054 0.659994
vt 0.901651 0.666888
vt 0.901201 0.661187
vt 0.893051 0.682371
vt 0.895186 0.682748
vt 0.894662 0.684879
vt 0.892766 0.684889
vt 0.900820 0.692313
vt 0.900810 0.690843
vt 0.899536 0.691082
vt 0.901293 0.692268
vt 0.900481 0.683496
vt 0.907259 0.689375
vt 0.889330 0.725747
vt 0.884983 0.727082
vt 0.900682 0.683680
vt 0.907716 0.681820
vt 0.902422 0.727578
vt 0.898142 0.723990
vt 0.909492 0.686193
vt 0.907403 0.686280
vt 0.908001 0.684179
vt 0.910202 0.683787
vt 0.893808 0.676080
vt 0.895886 0.677128
vt 0.895842 0.679429
vt 0.893488 0.678752
vt 0.907382 0.662834
vt 0.905640 0.663560
vt 0.904798 0.659497
vt 0.906408 0.658876
vt 0.902513 0.689435
vt 0.907997 0.688335
vt 0.892884 0.716115
vt 0.887293 0.719428
vt 0.907082 0.680297
vt 0.901848 0.683063
vt 0.899702 0.677971
vt 0.906577 0.677368
vt 0.899177 0.688237
vt 0.905049 0.689226
vt 0.900588 0.719770
vt 0.894828 0.720144
vt 0.898251 0.671186
vt 0.901647 0.673971
vt 0.899387 0.677602
vt 0.896830 0.674291
vt 0.905220 0.689901
vt 0.903060 0.690262
vt 0.901464 0.690135
vt 0.905513 0.688934
vt 0.897313 0.691610
vt 0.898673 0.691032
vt 0.899458 0.692220
vt 0.898386 0.691915
vt 0.900985 0.663255
vt 0.902203 0.667699
vt 0.899870 0.666498
vt 0.900427 0.664876
vt 0.906460 0.688299
vt 0.903357 0.688572
vt 0.906921 0.684855
vt 0.906690 0.686577
vt 0.891661 0.719346
vt 0.894524 0.719788
vt 0.897386 0.720231
vt 0.892044 0.726402
vt 0.910238 0.679492
vt 0.907905 0.680058
vt 0.907681 0.677227
vt 0.910163 0.676325
vt 0.895874 0.721004
vt 0.897544 0.723742
vt 0.899213 0.726480
vt 0.892040 0.727761
vt 0.668583 0.814017
vt 0.671990 0.801945
vt 0.678873 0.819231
vt 0.889508 0.716661
vt 0.891977 0.718097
vt 0.894446 0.719533
vt 0.891070 0.725659
vt 0.887531 0.738143
vt 0.887128 0.734746
vt 0.886725 0.731348
vt 0.890455 0.730568
vt 0.884359 0.728497
vt 0.885844 0.726319
vt 0.887330 0.724141
vt 0.890214 0.728630
vt 0.896443 0.728030
vt 0.896862 0.730856
vt 0.897281 0.733682
vt 0.891429 0.729950
vt 0.660861 0.884209
vt 0.655103 0.837851
vt 0.663588 0.843400
vt 0.666350 0.810610
vt 0.661828 0.804171
vt 0.668703 0.800559
vt 0.663816 0.886776
vt 0.666420 0.846860
vt 0.674358 0.854659
vt 0.727868 0.952831
vt 0.727868 0.931373
vt 0.732827 0.935758
vt 0.719743 0.810067
vt 0.716962 0.800559
vt 0.723400 0.804170
vt 0.624581 0.368713
vt 0.624087 0.383850
vt 0.611428 0.383522
vt 0.613437 0.367697
vt 0.620744 0.470501
vt 0.611777 0.415505
vt 0.622840 0.414746
vt 0.717891 0.829170
vt 0.718612 0.841237
vt 0.709603 0.849913
vt 0.705842 0.838330
vt 0.623553 0.470837
vt 0.625620 0.414850
vt 0.636890 0.416516
vt 0.722963 0.883473
vt 0.721485 0.843073
vt 0.729487 0.837945
vt 0.720074 0.886283
vt 0.710971 0.854368
vt 0.718682 0.846678
vt 0.717895 0.817407
vt 0.717731 0.824403
vt 0.705435 0.833474
vt 0.706076 0.823938
vt 0.654654 0.450128
vt 0.654462 0.452818
vt 0.643089 0.459829
vt 0.641211 0.456057
vt 0.652421 0.476531
vt 0.645007 0.463667
vt 0.653719 0.457703
vt 0.650293 0.372448
vt 0.649791 0.384718
vt 0.640826 0.378879
vt 0.641974 0.364470
vt 0.654776 0.445041
vt 0.654760 0.446155
vt 0.640826 0.451695
vt 0.641376 0.449363
vt 0.653179 0.375459
vt 0.665292 0.384772
vt 0.662119 0.396050
vt 0.652680 0.387392
vt 0.690709 0.926617
vt 0.700652 0.936268
vt 0.699585 0.939596
vt 0.690090 0.927784
vt 0.654051 0.359795
vt 0.657871 0.347898
vt 0.664861 0.365001
vt 0.678486 0.952822
vt 0.678486 0.930465
vt 0.684354 0.935162
vt 0.680367 0.956374
vt 0.685746 0.939448
vt 0.690242 0.948527
vt 0.692949 0.924397
vt 0.700419 0.919824
vt 0.701343 0.931308
vt 0.688331 0.931475
vt 0.697139 0.943211
vt 0.693700 0.945787
vt 0.687201 0.934069
vt 0.694930 0.883561
vt 0.695878 0.843313
vt 0.704341 0.838585
vt 0.669882 0.952583
vt 0.663804 0.935100
vt 0.669038 0.930525
vt 0.659309 0.924510
vt 0.661740 0.917386
vt 0.661927 0.917400
vt 0.659671 0.924860
vt 0.598374 0.888289
vt 0.597665 0.911137
vt 0.585868 0.912067
vt 0.584441 0.888397
vt 0.899051 0.890110
vt 0.912016 0.894356
vt 0.897227 0.901560
vt 0.889439 0.894373
vt 0.823127 0.874491
vt 0.801729 0.874232
vt 0.826982 0.858846
vt 0.840278 0.863436
vt 0.901596 0.863997
vt 0.915331 0.859314
vt 0.940704 0.875100
vt 0.918944 0.875507
vt 0.897390 0.905243
vt 0.910548 0.918245
vt 0.894065 0.940161
vt 0.889009 0.917766
vt 0.795304 0.874264
vt 0.773959 0.875021
vt 0.803770 0.857207
vt 0.821037 0.858617
vt 0.920963 0.858835
vt 0.938607 0.856451
vt 0.968590 0.874800
vt 0.947084 0.875044
vt 0.881978 0.851356
vt 0.888630 0.836863
vt 0.895869 0.848891
vt 0.888065 0.856711
vt 0.860153 0.899330
vt 0.854250 0.914043
vt 0.846647 0.901958
vt 0.854524 0.894562
vt 0.873286 0.801757
vt 0.873757 0.771925
vt 0.892825 0.804128
vt 0.887781 0.828498
vt 0.872097 0.834765
vt 0.873017 0.808746
vt 0.886832 0.834260
vt 0.880495 0.849691
vt 0.861219 0.849841
vt 0.855374 0.833239
vt 0.869452 0.808611
vt 0.869343 0.834481
vt 0.886589 0.922575
vt 0.891059 0.945594
vt 0.870100 0.975340
vt 0.871689 0.947357
vt 0.880422 0.901467
vt 0.885947 0.917289
vt 0.871731 0.940764
vt 0.872493 0.915791
vt 0.929222 0.692857
vt 0.921144 0.689011
vt 0.922861 0.685286
vt 0.931501 0.688576
vt 0.887784 0.895472
vt 0.895542 0.903065
vt 0.887712 0.914849
vt 0.882017 0.899872
vt 0.842719 0.861678
vt 0.830001 0.856961
vt 0.844186 0.849251
vt 0.851735 0.856531
vt 0.921377 0.702484
vt 0.915751 0.696638
vt 0.918435 0.694167
vt 0.924638 0.699671
vt 0.667068 0.131768
vt 0.676869 0.125594
vt 0.680970 0.132614
vt 0.670247 0.136779
vt 0.876622 0.656731
vt 0.885330 0.662071
vt 0.883414 0.665557
vt 0.874098 0.661207
vt 0.885746 0.646032
vt 0.891301 0.654374
vt 0.888409 0.657005
vt 0.881796 0.649132
vt 0.898141 0.640079
vt 0.900108 0.649204
vt 0.895745 0.650630
vt 0.893548 0.641237
vt 0.595300 0.634281
vt 0.604615 0.634042
vt 0.602695 0.650222
vt 0.594552 0.652525
vt 0.784447 0.707995
vt 0.772587 0.700058
vt 0.781014 0.687315
vt 0.795058 0.693737
vt 0.651318 0.246960
vt 0.655917 0.268715
vt 0.635669 0.271637
vt 0.636390 0.249085
vt 0.674770 0.546493
vt 0.677008 0.559534
vt 0.661173 0.562875
vt 0.656971 0.550035
vt 0.663602 0.606704
vt 0.669108 0.614267
vt 0.663003 0.618858
vt 0.656073 0.612231
vt 0.724993 0.605276
vt 0.720038 0.613045
vt 0.713578 0.608959
vt 0.716950 0.600309
vt 0.705041 0.596864
vt 0.703565 0.605934
vt 0.695642 0.604323
vt 0.695402 0.594974
vt 0.768759 0.491333
vt 0.780401 0.483930
vt 0.789085 0.497392
vt 0.777981 0.506552
vt 0.740511 0.619876
vt 0.732816 0.625171
vt 0.728360 0.618880
vt 0.735089 0.612177
vt 0.754353 0.415330
vt 0.767678 0.416764
vt 0.764896 0.431742
vt 0.751650 0.431896
vt 0.804053 0.403769
vt 0.824919 0.415038
vt 0.821891 0.419336
vt 0.799347 0.410742
vt 0.867072 0.492867
vt 0.862913 0.469055
vt 0.868809 0.468017
vt 0.877673 0.490959
vt 0.823089 0.484246
vt 0.836035 0.464197
vt 0.840905 0.467193
vt 0.831658 0.489894
vt 0.933520 0.679775
vt 0.923467 0.678784
vt 0.923627 0.674188
vt 0.934190 0.674521
vt 0.912586 0.707672
vt 0.908805 0.701113
vt 0.911790 0.699974
vt 0.915356 0.706712
vt 0.783868 0.481766
vt 0.804436 0.468948
vt 0.810563 0.478051
vt 0.792418 0.494918
vt 0.894418 0.736396
vt 0.892466 0.740616
vt 0.890514 0.744836
vt 0.890229 0.731400
vt 0.884945 0.722183
vt 0.887676 0.719741
vt 0.890406 0.717299
vt 0.890714 0.726651
vt 0.895521 0.669249
vt 0.897551 0.670548
vt 0.896292 0.673551
vt 0.894467 0.672268
vt 0.896906 0.675850
vt 0.899976 0.679284
vt 0.896705 0.679463
vt 0.896806 0.677657
vt 0.903132 0.674598
vt 0.909104 0.672042
vt 0.901016 0.734525
vt 0.897460 0.731832
vt 0.905061 0.663789
vt 0.901216 0.665367
vt 0.899716 0.656735
vt 0.904212 0.659193
vt 0.896094 0.682900
vt 0.899595 0.684343
vt 0.896571 0.686907
vt 0.895275 0.685080
vt 0.900177 0.665202
vt 0.904929 0.675296
vt 0.889304 0.732509
vt 0.886272 0.735180
vt 0.893459 0.687728
vt 0.895308 0.687598
vt 0.895920 0.689310
vt 0.894083 0.689682
vt 0.896433 0.659911
vt 0.898310 0.661922
vt 0.896558 0.664677
vt 0.894237 0.662679
vt 0.909522 0.671462
vt 0.907161 0.672526
vt 0.906810 0.669218
vt 0.909034 0.667880
vt 0.905704 0.655212
vt 0.905023 0.654539
vt 0.905154 0.650793
vt 0.905178 0.652470
vt 0.907362 0.690771
vt 0.905877 0.690151
vt 0.906429 0.689121
vt 0.908413 0.689363
vt 0.904253 0.693336
vt 0.903445 0.692203
vt 0.904787 0.691658
vt 0.905785 0.692642
vt 0.892377 0.655747
vt 0.895912 0.659231
vt 0.893481 0.661939
vt 0.889824 0.658230
vt 0.910169 0.692286
vt 0.908031 0.691007
vt 0.909279 0.689412
vt 0.911798 0.690407
vt 0.901850 0.654936
vt 0.902840 0.656020
vt 0.900762 0.658308
vt 0.899562 0.656370
vt 0.894969 0.699617
vt 0.896357 0.696242
vt 0.898391 0.697126
vt 0.897332 0.700581
vt 0.901327 0.700995
vt 0.901199 0.697272
vt 0.903332 0.697292
vt 0.903944 0.701104
vt 0.898608 0.662503
vt 0.900026 0.664003
vt 0.899284 0.666267
vt 0.897106 0.665219
vt 0.914567 0.695570
vt 0.910958 0.692747
vt 0.912804 0.690705
vt 0.916894 0.693303
vt 0.889956 0.674619
vt 0.892900 0.675525
vt 0.892462 0.678414
vt 0.889110 0.678041
vt 0.914917 0.678776
vt 0.911170 0.679176
vt 0.911155 0.675874
vt 0.914959 0.675147
vt 0.913488 0.686594
vt 0.910348 0.686092
vt 0.911129 0.683531
vt 0.914600 0.683714
vt 0.914143 0.669811
vt 0.910385 0.670969
vt 0.909798 0.667333
vt 0.913438 0.665952
vt 0.889423 0.695887
vt 0.892290 0.693356
vt 0.893808 0.694958
vt 0.891359 0.697854
vt 0.910823 0.661486
vt 0.908136 0.662550
vt 0.907063 0.658906
vt 0.909346 0.658111
vt 0.889105 0.682086
vt 0.892120 0.682197
vt 0.891978 0.684871
vt 0.889215 0.684975
vt 0.916221 0.658242
vt 0.911905 0.660950
vt 0.910099 0.657562
vt 0.913597 0.654965
vt 0.883144 0.702236
vt 0.888443 0.696835
vt 0.890680 0.699022
vt 0.885917 0.704712
vt 0.872520 0.682824
vt 0.881577 0.682117
vt 0.881934 0.685827
vt 0.873307 0.687369
vt 0.919482 0.688354
vt 0.914544 0.686756
vt 0.915807 0.683683
vt 0.920954 0.684956
vt 0.883677 0.672542
vt 0.888926 0.674188
vt 0.888037 0.677904
vt 0.882954 0.676813
vt 0.921563 0.678705
vt 0.916090 0.678627
vt 0.916183 0.674790
vt 0.921655 0.674517
vt 0.921072 0.667714
vt 0.915240 0.669393
vt 0.914438 0.665371
vt 0.920558 0.663232
vt 0.890297 0.688298
vt 0.892697 0.687762
vt 0.893370 0.689841
vt 0.891175 0.690638
vt 0.886844 0.663098
vt 0.891534 0.666164
vt 0.890218 0.669268
vt 0.885141 0.666268
vt 0.906857 0.655375
vt 0.905804 0.655686
vt 0.904849 0.653489
vt 0.905018 0.653635
vt 0.902866 0.655693
vt 0.903915 0.655361
vt 0.901834 0.660294
vt 0.900777 0.658758
vt 0.901135 0.696542
vt 0.900973 0.694762
vt 0.902464 0.694743
vt 0.903025 0.696557
vt 0.900912 0.694194
vt 0.900834 0.692940
vt 0.901572 0.692914
vt 0.902158 0.694185
vt 0.905799 0.695551
vt 0.904652 0.693794
vt 0.906300 0.693024
vt 0.907792 0.694701
vt 0.628402 0.188089
vt 0.626229 0.197478
vt 0.618590 0.195606
vt 0.622677 0.186536
vt 0.642874 0.188551
vt 0.644173 0.198387
vt 0.636686 0.199508
vt 0.636647 0.189739
vt 0.616165 0.120877
vt 0.611293 0.111843
vt 0.617727 0.107548
vt 0.620336 0.118261
vt 0.885273 0.689880
vt 0.889412 0.688496
vt 0.890371 0.691017
vt 0.886585 0.692645
vt 0.600682 0.143928
vt 0.592145 0.142134
vt 0.593706 0.134598
vt 0.602046 0.137988
vt 0.883219 0.682042
vt 0.888098 0.682021
vt 0.888302 0.685069
vt 0.883480 0.685405
vt 0.933082 0.664930
vt 0.923062 0.667138
vt 0.922584 0.662168
vt 0.931975 0.659415
vt 0.896657 0.695602
vt 0.897427 0.693994
vt 0.898936 0.694641
vt 0.898505 0.696381
vt 0.583226 0.071255
vt 0.572012 0.056384
vt 0.587985 0.046147
vt 0.596219 0.061982
vt 0.902310 0.709311
vt 0.901405 0.702266
vt 0.904463 0.702393
vt 0.906925 0.709291
vt 0.904054 0.504790
vt 0.890419 0.485290
vt 0.899429 0.478677
vt 0.916778 0.495737
vt 0.720777 0.826284
vt 0.729930 0.818432
vt 0.729930 0.832586
vt 0.721359 0.838449
vt 0.657359 0.448177
vt 0.664201 0.443021
vt 0.664201 0.447694
vt 0.657111 0.450967
vt 0.656800 0.443496
vt 0.662469 0.438180
vt 0.662588 0.438268
vt 0.657072 0.444261
vt 0.627115 0.368747
vt 0.638456 0.368165
vt 0.640326 0.384854
vt 0.627081 0.383997
vt 0.624686 0.365009
vt 0.614821 0.363667
vt 0.625430 0.347012
vt 0.623943 0.387856
vt 0.623026 0.410801
vt 0.611443 0.411467
vt 0.611186 0.387594
vt 0.649644 0.433003
vt 0.652503 0.392571
vt 0.660783 0.400413
vt 0.686889 0.928545
vt 0.685693 0.931478
vt 0.679970 0.925563
vt 0.682333 0.920904
vt 0.691435 0.921593
vt 0.690512 0.916418
vt 0.696982 0.917113
vt 0.693252 0.813544
vt 0.682747 0.818107
vt 0.690405 0.801596
vt 0.689565 0.924465
vt 0.688787 0.925278
vt 0.685770 0.917679
vt 0.686414 0.917345
vt 0.665924 0.815342
vt 0.665057 0.821613
vt 0.657076 0.813317
vt 0.659200 0.807411
vt 0.736730 0.931804
vt 0.747074 0.942480
vt 0.743775 0.945349
vt 0.735716 0.934622
vt 0.626964 0.387999
vt 0.640326 0.388930
vt 0.637595 0.412527
vt 0.625771 0.410900
vt 0.668188 0.817677
vt 0.679768 0.824410
vt 0.679768 0.834099
vt 0.667694 0.824580
vt 0.738601 0.927112
vt 0.749384 0.936193
vt 0.749049 0.938551
vt 0.738206 0.928160
vt 0.739150 0.921863
vt 0.738244 0.916889
vt 0.744498 0.917296
vt 0.740777 0.924669
vt 0.748091 0.919806
vt 0.749627 0.930982
vt 0.735004 0.929012
vt 0.734008 0.931796
vt 0.729219 0.925989
vt 0.730640 0.921951
vt 0.651363 0.361095
vt 0.650643 0.367559
vt 0.643039 0.359750
vt 0.646037 0.353638
vt 0.717628 0.813554
vt 0.707116 0.818725
vt 0.713622 0.801688
vt 0.653753 0.441993
vt 0.643113 0.444484
vt 0.649000 0.434530
vt 0.656350 0.439957
vt 0.653271 0.433502
vt 0.659291 0.435487
vt 0.655734 0.473698
vt 0.656720 0.454989
vt 0.663660 0.452862
vt 0.627308 0.365006
vt 0.628238 0.347053
vt 0.637280 0.364084
vt 0.646648 0.430397
vt 0.640979 0.383954
vt 0.649630 0.389270
vt 0.653676 0.363495
vt 0.665820 0.370092
vt 0.665820 0.379980
vt 0.653388 0.370637
vt 0.651896 0.355961
vt 0.648879 0.350443
vt 0.654353 0.347012
vt 0.915769 0.895651
vt 0.933163 0.899135
vt 0.913396 0.915155
vt 0.899939 0.903400
vt 0.596552 0.971089
vt 0.586343 0.916104
vt 0.597539 0.915097
vt 0.598565 0.865669
vt 0.588239 0.864292
vt 0.598424 0.847561
vt 0.695793 0.815016
vt 0.702668 0.808029
vt 0.704408 0.813782
vt 0.696391 0.821626
vt 0.691817 0.886231
vt 0.684406 0.853828
vt 0.692815 0.846653
vt 0.661464 0.928527
vt 0.665465 0.921153
vt 0.667462 0.925507
vt 0.662508 0.931278
vt 0.693453 0.817219
vt 0.693525 0.824500
vt 0.680267 0.832724
vt 0.681426 0.823305
vt 0.659865 0.931409
vt 0.660904 0.934037
vt 0.653567 0.945202
vt 0.650131 0.942429
vt 0.668095 0.956716
vt 0.656889 0.947961
vt 0.662219 0.938981
vt 0.843980 0.492949
vt 0.848886 0.469183
vt 0.854022 0.470086
vt 0.853418 0.494771
vt 0.655753 0.924344
vt 0.647124 0.931008
vt 0.648142 0.919917
vt 0.826557 0.855714
vt 0.809319 0.853676
vt 0.826878 0.836508
vt 0.841386 0.847560
vt 0.900270 0.848578
vt 0.913956 0.837071
vt 0.933119 0.853121
vt 0.915693 0.856108
vt 0.842417 0.902205
vt 0.829534 0.913814
vt 0.810610 0.898129
vt 0.827558 0.894351
vt 0.890214 0.833882
vt 0.895686 0.810434
vt 0.911140 0.833906
vt 0.897774 0.846655
vt 0.852847 0.916888
vt 0.845927 0.938668
vt 0.832070 0.917017
vt 0.844770 0.904152
vt 0.869828 0.915517
vt 0.868318 0.940669
vt 0.855953 0.916554
vt 0.861666 0.900937
vt 0.867852 0.947154
vt 0.866218 0.975263
vt 0.848444 0.944268
vt 0.854902 0.921688
vt 0.854535 0.827960
vt 0.848284 0.804044
vt 0.869633 0.771771
vt 0.869256 0.801760
vt 0.853305 0.855449
vt 0.845853 0.847741
vt 0.853603 0.835825
vt 0.859526 0.851523
vt 0.843947 0.845630
vt 0.829669 0.833226
vt 0.845423 0.809656
vt 0.852261 0.832851
vt 0.822208 0.891950
vt 0.805196 0.895119
vt 0.773958 0.878567
vt 0.795413 0.877856
vt 0.889648 0.857849
vt 0.897517 0.850392
vt 0.911991 0.857437
vt 0.898777 0.862257
vt 0.919000 0.878645
vt 0.940151 0.878702
vt 0.915432 0.892452
vt 0.901885 0.888331
vt 0.841224 0.886709
vt 0.827856 0.891214
vt 0.802335 0.877760
vt 0.823202 0.877549
vt 0.852922 0.893478
vt 0.844995 0.900395
vt 0.831096 0.893069
vt 0.844062 0.888423
vt 0.947050 0.878715
vt 0.968336 0.878460
vt 0.938599 0.895926
vt 0.921223 0.893076
vt 0.784334 0.387066
vt 0.802143 0.402599
vt 0.797223 0.409856
vt 0.775870 0.399342
vt 0.838614 0.519381
vt 0.843525 0.495225
vt 0.853330 0.497075
vt 0.853641 0.522339
vt 0.807559 0.506267
vt 0.821772 0.486252
vt 0.830656 0.492112
vt 0.820055 0.514991
vt 0.940441 0.417346
vt 0.917300 0.420989
vt 0.915216 0.410803
vt 0.937870 0.402939
vt 0.771692 0.417344
vt 0.794294 0.422566
vt 0.792605 0.432382
vt 0.768931 0.432033
vt 0.906008 0.400523
vt 0.886299 0.413716
vt 0.883183 0.409138
vt 0.900254 0.392258
vt 0.915247 0.444528
vt 0.891513 0.440203
vt 0.892573 0.434589
vt 0.917017 0.434360
vt 0.927940 0.386304
vt 0.907975 0.399220
vt 0.901980 0.390644
vt 0.919329 0.373145
vt 0.914593 0.519391
vt 0.906480 0.508072
vt 0.919429 0.498807
vt 0.928185 0.508259
vt 0.867468 0.374832
vt 0.862588 0.399193
vt 0.856705 0.398493
vt 0.855995 0.372289
vt 0.797195 0.445800
vt 0.820352 0.441367
vt 0.821548 0.446826
vt 0.799325 0.455977
vt 0.796584 0.423027
vt 0.819942 0.427494
vt 0.819094 0.432891
vt 0.794985 0.432499
vt 0.889777 0.384513
vt 0.876161 0.404004
vt 0.871298 0.400970
vt 0.881506 0.378922
vt 0.641330 0.641588
vt 0.650856 0.643818
vt 0.649546 0.651627
vt 0.640725 0.651656
vt 0.796550 0.348426
vt 0.805886 0.360049
vt 0.792779 0.369334
vt 0.781236 0.359809
vt 0.889059 0.483214
vt 0.876328 0.463950
vt 0.881004 0.460983
vt 0.897635 0.476812
vt 0.927228 0.480574
vt 0.908172 0.467336
vt 0.914499 0.458462
vt 0.935192 0.468093
vt 0.913993 0.346996
vt 0.905986 0.359031
vt 0.892762 0.350777
vt 0.898630 0.337608
vt 0.650617 0.682302
vt 0.658499 0.676793
vt 0.663000 0.683266
vt 0.656086 0.690833
vt 0.754609 0.454280
vt 0.767488 0.451257
vt 0.770102 0.466353
vt 0.757568 0.471240
vt 0.716035 0.734447
vt 0.708777 0.707426
vt 0.718335 0.704936
vt 0.730448 0.730806
vt 0.682915 0.597244
vt 0.685158 0.606277
vt 0.677275 0.608119
vt 0.673321 0.599497
vt 0.796353 0.522104
vt 0.805092 0.509684
vt 0.817917 0.518664
vt 0.810938 0.533500
vt 0.606360 0.592118
vt 0.617355 0.600391
vt 0.608372 0.613383
vt 0.597510 0.609962
vt 0.875849 0.330815
vt 0.872944 0.344010
vt 0.856948 0.340184
vt 0.858158 0.326839
vt 0.771443 0.450409
vt 0.794824 0.446230
vt 0.797064 0.456795
vt 0.774010 0.465181
vt 0.768245 0.378735
vt 0.780931 0.385031
vt 0.772223 0.397608
vt 0.758984 0.393535
vt 0.800439 0.670442
vt 0.785866 0.667570
vt 0.788856 0.652124
vt 0.803586 0.652623
vt 0.685462 0.162710
vt 0.727822 0.173540
vt 0.723229 0.190060
vt 0.683799 0.170783
vt 0.715641 0.545686
vt 0.713078 0.559008
vt 0.697040 0.556165
vt 0.697502 0.542882
vt 0.680637 0.755575
vt 0.681651 0.741724
vt 0.697749 0.742750
vt 0.697989 0.758811
vt 0.635413 0.561525
vt 0.643596 0.575227
vt 0.629934 0.584036
vt 0.619273 0.570035
vt 0.682185 0.737379
vt 0.686115 0.708183
vt 0.695972 0.710061
vt 0.697982 0.738441
vt 0.768295 0.601697
vt 0.742770 0.618318
vt 0.737120 0.610333
vt 0.759690 0.588889
vt 0.799950 0.629238
vt 0.785700 0.632100
vt 0.782518 0.616697
vt 0.796314 0.611574
vt 0.727434 0.695577
vt 0.722034 0.688008
vt 0.728168 0.683555
vt 0.734950 0.690055
vt 0.708138 0.704709
vt 0.705989 0.695392
vt 0.713538 0.693505
vt 0.717351 0.702325
vt 0.943721 0.375603
vt 0.931366 0.383961
vt 0.922515 0.370495
vt 0.933287 0.360549
vt 0.958499 0.414066
vt 0.944480 0.416646
vt 0.941892 0.401774
vt 0.956392 0.396147
vt 0.595077 0.178053
vt 0.560458 0.200273
vt 0.552385 0.187116
vt 0.590496 0.171239
vt 0.746071 0.721053
vt 0.729030 0.697839
vt 0.736844 0.692083
vt 0.758394 0.712739
vt 0.609414 0.714625
vt 0.620000 0.703337
vt 0.633948 0.716495
vt 0.620120 0.732161
vt 0.743992 0.577686
vt 0.726452 0.602970
vt 0.718058 0.597825
vt 0.730984 0.569089
vt 0.749595 0.660311
vt 0.740411 0.658756
vt 0.741723 0.651119
vt 0.751227 0.651158
vt 0.677762 0.564726
vt 0.682333 0.594030
vt 0.672437 0.596367
vt 0.662456 0.568084
vt 0.608768 0.634279
vt 0.638618 0.640945
vt 0.638033 0.651403
vt 0.606709 0.649930
vt 0.781611 0.666731
vt 0.752275 0.660803
vt 0.753936 0.651315
vt 0.784601 0.651681
vt 0.621094 0.602784
vt 0.646140 0.619939
vt 0.640355 0.627455
vt 0.612301 0.615098
vt 0.756580 0.736323
vt 0.748467 0.724429
vt 0.761025 0.715931
vt 0.769991 0.725963
vt 0.607287 0.668782
vt 0.639825 0.663225
vt 0.641426 0.671913
vt 0.608128 0.683983
vt 0.623488 0.700507
vt 0.648332 0.683931
vt 0.654080 0.692870
vt 0.637325 0.713494
vt 0.686533 0.705391
vt 0.688025 0.695893
vt 0.695805 0.697344
vt 0.696013 0.707175
vt 0.712312 0.564027
vt 0.705483 0.593625
vt 0.695505 0.591625
vt 0.696816 0.561177
vt 0.651443 0.725328
vt 0.664806 0.700114
vt 0.673235 0.705176
vt 0.662888 0.734759
vt 0.769078 0.697671
vt 0.744247 0.681514
vt 0.749457 0.673236
vt 0.777276 0.685222
vt 0.733109 0.174926
vt 0.747230 0.178747
vt 0.744496 0.197377
vt 0.728476 0.191800
vt 0.556072 0.203012
vt 0.538244 0.214287
vt 0.528475 0.197938
vt 0.547749 0.189477
vt 0.656387 0.054017
vt 0.658570 0.038216
vt 0.678367 0.042979
vt 0.673522 0.056915
vt 0.655782 0.183526
vt 0.661061 0.192086
vt 0.654304 0.196246
vt 0.651523 0.186427
vt 0.662475 0.194454
vt 0.682644 0.230828
vt 0.669015 0.238398
vt 0.655223 0.198873
vt 0.714637 0.210474
vt 0.729167 0.221313
vt 0.716219 0.238849
vt 0.703513 0.224019
vt 0.644533 0.201072
vt 0.650412 0.241751
vt 0.636093 0.243704
vt 0.636792 0.202249
vt 0.606449 0.130396
vt 0.598364 0.124887
vt 0.602884 0.118161
vt 0.610136 0.125299
vt 0.677295 0.180795
vt 0.710375 0.207217
vt 0.699695 0.220225
vt 0.672103 0.187907
vt 0.667370 0.829399
vt 0.679191 0.838951
vt 0.675745 0.850256
vt 0.666616 0.841573
vt 0.672521 0.144987
vt 0.683140 0.143382
vt 0.684359 0.151430
vt 0.673813 0.150832
vt 0.605114 0.171475
vt 0.597346 0.176555
vt 0.592987 0.170030
vt 0.601697 0.166376
vt 0.617343 0.055560
vt 0.612946 0.038482
vt 0.631515 0.033524
vt 0.633406 0.051437
vt 0.615307 0.181935
vt 0.609839 0.189768
vt 0.603618 0.185120
vt 0.610261 0.178406
vt 0.647620 0.102559
vt 0.655522 0.059446
vt 0.672092 0.062213
vt 0.655717 0.104503
vt 0.892411 0.666882
vt 0.894872 0.668606
vt 0.893723 0.671566
vt 0.891240 0.669928
vt 0.628013 0.102143
vt 0.618626 0.060689
vt 0.634263 0.056768
vt 0.636332 0.100605
vt 0.693115 0.069248
vt 0.703247 0.055862
vt 0.720886 0.065682
vt 0.707063 0.079347
vt 0.544719 0.131634
vt 0.524521 0.127163
vt 0.529505 0.108480
vt 0.548250 0.116205
vt 0.685962 0.142952
vt 0.729532 0.135491
vt 0.732527 0.152232
vt 0.687221 0.151416
vt 0.665673 0.110085
vt 0.689976 0.073817
vt 0.703479 0.083547
vt 0.672716 0.114426
vt 0.609924 0.109504
vt 0.586270 0.075509
vt 0.598884 0.066535
vt 0.616800 0.104887
vt 0.596090 0.123330
vt 0.562126 0.100487
vt 0.570498 0.087658
vt 0.600853 0.116321
vt 0.685401 0.235308
vt 0.696813 0.253308
vt 0.682780 0.263240
vt 0.671617 0.243001
vt 0.734893 0.134591
vt 0.750854 0.131075
vt 0.750854 0.152431
vt 0.737972 0.151979
vt 0.608299 0.191942
vt 0.584361 0.225836
vt 0.571639 0.216707
vt 0.601802 0.187091
vt 0.672347 0.159534
vt 0.682750 0.162051
vt 0.681174 0.169808
vt 0.670904 0.165710
vt 0.589092 0.141376
vt 0.550814 0.133053
vt 0.554081 0.118263
vt 0.590704 0.133526
vt 0.679263 0.124090
vt 0.715707 0.100692
vt 0.724737 0.114369
vt 0.683562 0.131445
vt 0.588704 0.160177
vt 0.550183 0.167222
vt 0.547533 0.152234
vt 0.587452 0.152266
vt 0.657508 0.121552
vt 0.664068 0.112393
vt 0.670774 0.116563
vt 0.662228 0.125004
vt 0.720384 0.097702
vt 0.737529 0.086857
vt 0.748796 0.103232
vt 0.729675 0.111829
vt 0.625621 0.200103
vt 0.616390 0.240217
vt 0.601254 0.236816
vt 0.617600 0.198088
vt 0.581241 0.230083
vt 0.568482 0.246988
vt 0.552692 0.235617
vt 0.568123 0.220652
vt 0.629635 0.116478
vt 0.628433 0.104871
vt 0.636535 0.103396
vt 0.636570 0.115585
vt 0.658006 0.926816
vt 0.658347 0.927717
vt 0.648001 0.938573
vt 0.647565 0.936179
vt 0.599330 0.970744
vt 0.600269 0.915115
vt 0.610999 0.916372
vt 0.906054 0.466025
vt 0.886248 0.453722
vt 0.889352 0.448661
vt 0.912194 0.457526
vt 0.872203 0.348577
vt 0.867929 0.371906
vt 0.856183 0.369085
vt 0.856624 0.344778
vt 0.895604 0.686456
vt 0.898039 0.688505
vt 0.896422 0.689155
vt 0.896013 0.687806
vt 0.903752 0.362520
vt 0.891078 0.382574
vt 0.882464 0.376782
vt 0.890889 0.354448
vt 0.806434 0.467611
vt 0.825855 0.454364
vt 0.828990 0.459090
vt 0.812320 0.476357
vt 0.808100 0.363337
vt 0.818395 0.385791
vt 0.809241 0.393034
vt 0.795249 0.372312
vt 0.819655 0.387661
vt 0.834652 0.405314
vt 0.830024 0.408589
vt 0.810880 0.394658
vt 0.841906 0.375693
vt 0.847836 0.399690
vt 0.842038 0.400767
vt 0.830843 0.378959
vt 0.695602 0.810407
vt 0.693725 0.800559
vt 0.700233 0.804635
vt 0.601412 0.888328
vt 0.613834 0.888818
vt 0.611612 0.912335
vt 0.600356 0.911155
vt 0.598642 0.869397
vt 0.598458 0.884299
vt 0.584608 0.884338
vt 0.586888 0.868298
vt 0.601241 0.865736
vt 0.601294 0.847759
vt 0.611041 0.864596
vt 0.600159 0.157911
vt 0.591759 0.159529
vt 0.590572 0.151969
vt 0.599249 0.151907
vt 0.912826 0.642328
vt 0.909884 0.650151
vt 0.906098 0.648495
vt 0.907486 0.640464
vt 0.601214 0.869455
vt 0.612269 0.868639
vt 0.613834 0.884768
vt 0.601468 0.884342
vt 0.925227 0.651399
vt 0.918272 0.656721
vt 0.915345 0.653057
vt 0.921838 0.646839
vt 0.872317 0.669813
vt 0.881964 0.672056
vt 0.881231 0.676737
vt 0.871601 0.674729
vt 0.544041 0.168397
vt 0.523833 0.172012
vt 0.519296 0.153072
vt 0.541088 0.152770
vt 0.754510 0.561807
vt 0.746423 0.574010
vt 0.733060 0.565183
vt 0.739135 0.551613
vt 0.781454 0.632949
vt 0.751786 0.638694
vt 0.749654 0.629219
vt 0.778381 0.617918
vt 0.641264 0.743454
vt 0.649342 0.729266
vt 0.661102 0.738963
vt 0.657782 0.750875
vt 0.784045 0.591191
vt 0.771919 0.599280
vt 0.763067 0.586168
vt 0.773928 0.576119
vt 0.596137 0.674866
vt 0.603007 0.670928
vt 0.603961 0.685849
vt 0.596366 0.690906
vt 0.615090 0.245393
vt 0.609533 0.266180
vt 0.590599 0.261235
vt 0.599474 0.241895
vt 0.557863 0.097595
vt 0.540619 0.086167
vt 0.551486 0.071110
vt 0.566504 0.084454
vt 0.741894 0.680030
vt 0.734067 0.675251
vt 0.738204 0.668778
vt 0.746920 0.672081
vt 0.648460 0.621479
vt 0.657167 0.627138
vt 0.653065 0.633589
vt 0.642867 0.628779
vt 0.835243 0.330481
vt 0.837811 0.343990
vt 0.822795 0.347814
vt 0.817060 0.334145
vt 0.877954 0.537813
vt 0.873727 0.522856
vt 0.889348 0.519211
vt 0.895981 0.533033
vt 0.835318 0.539330
vt 0.837853 0.523594
vt 0.853406 0.526587
vt 0.854074 0.542761
vt 0.666236 0.697705
vt 0.671327 0.689259
vt 0.677823 0.693519
vt 0.674381 0.702590
vt 0.642528 0.662714
vt 0.651289 0.661026
vt 0.652961 0.667948
vt 0.644126 0.671061
vt 0.749112 0.639256
vt 0.739975 0.641178
vt 0.738314 0.633792
vt 0.747078 0.630148
vt 0.645957 0.579074
vt 0.662037 0.604457
vt 0.654186 0.610183
vt 0.632625 0.587754
vt 0.957706 0.453749
vt 0.943684 0.450842
vt 0.946961 0.435896
vt 0.960319 0.437248
vt 0.939809 0.450101
vt 0.917572 0.444965
vt 0.919397 0.434423
vt 0.943021 0.435368
vt 0.914972 0.421449
vt 0.891572 0.426314
vt 0.890577 0.421066
vt 0.912972 0.411640
vt 0.904260 0.653339
vt 0.904774 0.653405
vt 0.904139 0.653503
vt 0.904955 0.652628
vt 0.904918 0.653731
vt 0.900062 0.659166
vt 0.900110 0.659788
vt 0.898628 0.657142
vt 0.898343 0.656523
vt 0.903806 0.696401
vt 0.904031 0.697131
vt 0.902722 0.694031
vt 0.903005 0.694564
vt 0.906312 0.692179
vt 0.906783 0.692602
vt 0.908539 0.694165
vt 0.909112 0.694789
vt 0.883961 0.687115
vt 0.882348 0.687390
vt 0.889419 0.685957
vt 0.888452 0.685974
vt 0.891642 0.691413
vt 0.890773 0.691754
vt 0.887488 0.693920
vt 0.886205 0.694648
vt 0.894809 0.694823
vt 0.894323 0.695358
vt 0.892606 0.698653
vt 0.891782 0.699747
vt 0.899245 0.696527
vt 0.899065 0.697252
vt 0.898709 0.700886
vt 0.898348 0.702140
vt 0.919264 0.493055
vt 0.922443 0.495593
vt 0.899915 0.474524
vt 0.901846 0.476209
vt 0.913478 0.454695
vt 0.915748 0.455508
vt 0.936597 0.464835
vt 0.940408 0.465788
vt 0.701621 0.738087
vt 0.702329 0.742298
vt 0.698925 0.707093
vt 0.699219 0.709916
vt 0.719917 0.701098
vt 0.721215 0.703594
vt 0.733748 0.729368
vt 0.735909 0.732927
vt 0.682487 0.173684
vt 0.679991 0.172377
vt 0.721055 0.194210
vt 0.725760 0.196929
vt 0.699186 0.227616
vt 0.696272 0.223258
vt 0.669727 0.190036
vt 0.667818 0.187927
vt 0.639524 0.100615
vt 0.639318 0.103482
vt 0.639252 0.051118
vt 0.638951 0.056680
vt 0.679166 0.059150
vt 0.676472 0.064087
vt 0.657361 0.108222
vt 0.658629 0.105744
vt 0.856470 0.494774
vt 0.856505 0.497100
vt 0.854110 0.468073
vt 0.857008 0.468072
vt 0.857018 0.470092
vt 0.871652 0.466916
vt 0.868139 0.466105
vt 0.870846 0.465068
vt 0.880483 0.489617
vt 0.881408 0.491903
vt 0.852970 0.372427
vt 0.852700 0.369165
vt 0.853740 0.400068
vt 0.853635 0.398613
vt 0.856717 0.399959
vt 0.842860 0.402640
vt 0.840204 0.403826
vt 0.839280 0.402039
vt 0.828430 0.380664
vt 0.827549 0.378548
vt 0.844429 0.466386
vt 0.843749 0.468280
vt 0.841715 0.465362
vt 0.823714 0.420146
vt 0.822655 0.422745
vt 0.820790 0.422096
vt 0.821145 0.435849
vt 0.819157 0.435908
vt 0.821057 0.432972
vt 0.887508 0.447857
vt 0.888556 0.445128
vt 0.890453 0.445817
vt 0.890583 0.431643
vt 0.892568 0.431562
vt 0.890574 0.434538
vt 0.896906 0.689670
vt 0.896078 0.689943
vt 0.893649 0.685540
vt 0.900318 0.689782
vt 0.902085 0.690604
vt 0.893305 0.687249
vt 0.896911 0.691828
vt 0.906483 0.667622
vt 0.905910 0.668385
vt 0.893702 0.677618
vt 0.902716 0.673998
vt 0.906457 0.653099
vt 0.895424 0.655108
vt 0.904893 0.658284
vt 0.900348 0.692359
vt 0.900096 0.692967
vt 0.895858 0.688693
vt 0.904656 0.690389
vt 0.902104 0.692747
vt 0.894697 0.685885
vt 0.905996 0.650428
vt 0.905486 0.645727
vt 0.898722 0.667980
vt 0.903907 0.670340
vt 0.900768 0.661739
vt 0.904927 0.690869
vt 0.905325 0.691181
vt 0.897029 0.690535
vt 0.903994 0.688155
vt 0.906804 0.688382
vt 0.881702 0.722741
vt 0.880636 0.728417
vt 0.889069 0.720518
vt 0.887153 0.714602
vt 0.907587 0.683227
vt 0.908130 0.682889
vt 0.907512 0.675833
vt 0.895710 0.680617
vt 0.896913 0.680721
vt 0.897161 0.677153
vt 0.902619 0.681780
vt 0.895930 0.674828
vt 0.883240 0.737852
vt 0.891103 0.736722
vt 0.893903 0.729138
vt 0.893861 0.720402
vt 0.899671 0.668081
vt 0.898810 0.667545
vt 0.113203 0.785116
vt 0.110766 0.784798
vt 0.110777 0.784595
vt 0.115644 0.785216
vt 0.101070 0.921135
vt 0.107088 0.920143
vt 0.110825 0.920505
vt 0.101865 0.921583
vt 0.115576 0.919342
vt 0.105831 0.920039
vt 0.106329 0.919312
vt 0.112666 0.918797
vt 0.109527 0.786075
vt 0.113995 0.786411
vt 0.112572 0.786514
vt 0.109869 0.786246
vt 0.116764 0.783454
vt 0.113554 0.783328
vt 0.110959 0.782914
vt 0.111239 0.782602
vt 0.102512 0.926142
vt 0.109097 0.924834
vt 0.114192 0.925095
vt 0.105044 0.926944
vt 0.114536 0.787236
vt 0.112423 0.787106
vt 0.113007 0.786918
vt 0.117058 0.787368
vt 0.111086 0.918086
vt 0.111865 0.917437
vt 0.118638 0.917139
vt 0.120747 0.917703
vt 0.126315 0.918213
vt 0.116478 0.918086
vt 0.118651 0.917419
vt 0.125364 0.917552
vt 0.107799 0.787724
vt 0.105762 0.787705
vt 0.104217 0.787800
vt 0.108490 0.787735
vt 0.103537 0.778741
vt 0.100954 0.779313
vt 0.096631 0.779441
vt 0.102937 0.778273
vt 0.143266 0.939900
vt 0.134888 0.937493
vt 0.140836 0.937372
vt 0.146481 0.939374
vt 0.143439 0.946600
vt 0.137852 0.946618
vt 0.131048 0.943794
vt 0.138257 0.943906
vt 0.103969 0.776412
vt 0.099092 0.776478
vt 0.105872 0.775265
vt 0.106895 0.775648
vt 0.116107 0.778618
vt 0.110976 0.778379
vt 0.108965 0.777599
vt 0.110023 0.777225
vt 0.107182 0.935177
vt 0.100738 0.936656
vt 0.099631 0.935813
vt 0.103413 0.934881
vt 0.100583 0.929820
vt 0.106480 0.930141
vt 0.097489 0.932160
vt 0.091253 0.916026
vt 0.112624 0.781085
vt 0.109694 0.780511
vt 0.110483 0.780203
vt 0.116474 0.781176
vt 0.122608 0.919004
vt 0.125391 0.918408
vt 0.131930 0.918831
vt 0.132344 0.919446
vt 0.106320 0.787444
vt 0.105763 0.787509
vt 0.103439 0.787564
vt 0.102148 0.787668
vt 0.108628 0.949685
vt 0.120850 0.947095
vt 0.120082 0.950531
vt 0.118626 0.955891
vt 0.110394 0.772925
vt 0.107608 0.771151
vt 0.108593 0.772960
vt 0.103911 0.773667
vt 0.165062 0.620175
vt 0.163631 0.623236
vt 0.160262 0.622142
vt 0.161975 0.618670
vt 0.120789 0.605123
vt 0.122190 0.599956
vt 0.126088 0.601578
vt 0.124954 0.606270
vt 0.145165 0.567572
vt 0.141342 0.570515
vt 0.137800 0.568664
vt 0.141830 0.564689
vt 0.177575 0.603238
vt 0.175090 0.605508
vt 0.172417 0.603216
vt 0.175287 0.600669
vt 0.264805 0.666566
vt 0.265955 0.663344
vt 0.269429 0.664201
vt 0.268182 0.667828
vt 0.302722 0.675766
vt 0.300858 0.680514
vt 0.296684 0.678640
vt 0.298218 0.674392
vt 0.284895 0.707338
vt 0.281479 0.711253
vt 0.278118 0.707849
vt 0.281196 0.704497
vt 0.255137 0.687369
vt 0.252591 0.684654
vt 0.254890 0.682238
vt 0.257731 0.684524
vt 0.268380 0.644301
vt 0.271886 0.644008
vt 0.272031 0.647798
vt 0.268497 0.647599
vt 0.303391 0.640368
vt 0.307912 0.639726
vt 0.308158 0.644795
vt 0.303481 0.644814
vt 0.267188 0.623516
vt 0.263957 0.624722
vt 0.262430 0.621863
vt 0.265506 0.620247
vt 0.294562 0.607805
vt 0.298750 0.605688
vt 0.300652 0.610337
vt 0.296399 0.611846
vt 0.173547 0.686968
vt 0.170964 0.684405
vt 0.173858 0.681724
vt 0.176298 0.684108
vt 0.144636 0.709432
vt 0.149012 0.705418
vt 0.152152 0.708458
vt 0.148092 0.712818
vt 0.125267 0.682696
vt 0.122298 0.678025
vt 0.126939 0.676589
vt 0.130735 0.680205
vt 0.163943 0.666536
vt 0.160096 0.668340
vt 0.157922 0.664811
vt 0.161707 0.663729
vt 0.121373 0.383078
vt 0.117706 0.381868
vt 0.119095 0.377787
vt 0.122494 0.379480
vt 0.088745 0.361085
vt 0.086760 0.365760
vt 0.082184 0.364350
vt 0.084299 0.358998
vt 0.104070 0.329656
vt 0.107988 0.325482
vt 0.111502 0.329083
vt 0.107966 0.332661
vt 0.134081 0.353807
vt 0.136551 0.356764
vt 0.134067 0.359583
vt 0.131221 0.357014
vt 0.253387 0.401111
vt 0.257154 0.400682
vt 0.257417 0.405159
vt 0.253634 0.405021
vt 0.296830 0.397512
vt 0.302489 0.396494
vt 0.302932 0.403113
vt 0.297071 0.403206
vt 0.293482 0.449944
vt 0.288117 0.447334
vt 0.290142 0.442284
vt 0.295792 0.443982
vt 0.251032 0.428006
vt 0.254751 0.429084
vt 0.253207 0.433246
vt 0.249754 0.431645
vt 0.134756 0.455053
vt 0.137544 0.452527
vt 0.139565 0.455516
vt 0.137333 0.458503
vt 0.111674 0.479043
vt 0.113776 0.484287
vt 0.110493 0.488301
vt 0.107133 0.483289
vt 0.085339 0.445289
vt 0.091526 0.443331
vt 0.093354 0.447918
vt 0.087316 0.450244
vt 0.125209 0.434437
vt 0.121793 0.436102
vt 0.120237 0.432282
vt 0.123905 0.431226
vt 0.161520 0.473270
vt 0.157573 0.471609
vt 0.159263 0.468322
vt 0.162732 0.469792
vt 0.143205 0.503738
vt 0.147966 0.505749
vt 0.146130 0.510759
vt 0.140756 0.508333
vt 0.211644 0.339783
vt 0.208127 0.338407
vt 0.209071 0.334655
vt 0.213139 0.336165
vt 0.223937 0.304758
vt 0.219023 0.303212
vt 0.220352 0.298078
vt 0.225890 0.299947
vt 0.258685 0.317274
vt 0.263485 0.321053
vt 0.259752 0.325122
vt 0.255718 0.321698
vt 0.233622 0.355433
vt 0.230963 0.352703
vt 0.233208 0.349678
vt 0.236345 0.352746
vt 0.185343 0.474113
vt 0.189133 0.474094
vt 0.189361 0.477834
vt 0.185022 0.477816
vt 0.183262 0.513539
vt 0.188540 0.513674
vt 0.188888 0.518992
vt 0.182810 0.518992
vt 0.141017 0.303203
vt 0.143101 0.307943
vt 0.138516 0.310007
vt 0.135903 0.305736
vt 0.155450 0.341799
vt 0.153594 0.338592
vt 0.157449 0.336682
vt 0.158869 0.340204
vt 0.795066 0.435624
vt 0.792585 0.435665
vt 0.822721 0.449638
vt 0.823413 0.446127
vt 0.824551 0.448809
vt 0.798309 0.459846
vt 0.800548 0.458866
vt 0.814519 0.478598
vt 0.812887 0.480393
vt 0.831165 0.461201
vt 0.830422 0.457726
vt 0.832499 0.459725
vt 0.833720 0.493375
vt 0.834543 0.491128
vt 0.829550 0.411982
vt 0.827946 0.410740
vt 0.831582 0.409969
vt 0.807062 0.395341
vt 0.808760 0.396797
vt 0.795982 0.412750
vt 0.798184 0.413554
vt 0.911763 0.408787
vt 0.913970 0.407795
vt 0.888723 0.421773
vt 0.887636 0.419126
vt 0.889414 0.418294
vt 0.881749 0.410497
vt 0.879684 0.408518
vt 0.881024 0.407038
vt 0.899692 0.388366
vt 0.898048 0.390105
vt 0.881661 0.457483
vt 0.883143 0.458783
vt 0.879626 0.459548
vt 0.099781 0.781837
vt 0.096057 0.782034
vt 0.101875 0.781011
vt 0.102186 0.781386
vt 0.134909 0.931998
vt 0.140113 0.931793
vt 0.146081 0.933380
vt 0.143613 0.933981
vt 0.896575 0.666230
vt 0.896021 0.665646
vt 0.894127 0.673409
vt 0.893339 0.672637
vt 0.908781 0.688599
vt 0.909567 0.688653
vt 0.910313 0.682660
vt 0.911186 0.682478
vt 0.893336 0.679853
vt 0.892262 0.679523
vt 0.910973 0.674604
vt 0.910010 0.675044
vt 0.892025 0.685683
vt 0.892836 0.685773
vt 0.908357 0.666791
vt 0.909208 0.666194
vt 0.894385 0.690310
vt 0.893623 0.690491
vt 0.906759 0.657884
vt 0.906231 0.657954
vt 0.896245 0.692937
vt 0.895918 0.693347
vt 0.899483 0.694781
vt 0.899665 0.694204
vt 0.908696 0.657116
vt 0.909492 0.656603
vt 0.893581 0.663836
vt 0.892850 0.663060
vt 0.912376 0.689475
vt 0.913281 0.689829
vt 0.890802 0.671197
vt 0.889814 0.670472
vt 0.914876 0.682405
vt 0.915996 0.682464
vt 0.888996 0.679197
vt 0.887894 0.678972
vt 0.914848 0.673671
vt 0.916041 0.673415
vt 0.913710 0.664338
vt 0.912301 0.664861
vt 0.912240 0.697837
vt 0.913068 0.699110
vt 0.919428 0.692735
vt 0.918010 0.691751
vt 0.887247 0.658585
vt 0.888547 0.659929
vt 0.884399 0.668271
vt 0.882697 0.667375
vt 0.921471 0.682894
vt 0.923306 0.683380
vt 0.881221 0.678406
vt 0.882958 0.678680
vt 0.923540 0.672108
vt 0.921587 0.672196
vt 0.918846 0.661520
vt 0.921199 0.660385
vt 0.912102 0.653698
vt 0.913670 0.651806
vt 0.905964 0.650330
vt 0.904132 0.649490
vt 0.904470 0.647779
vt 0.894931 0.653264
vt 0.894193 0.651744
vt 0.905821 0.702253
vt 0.905417 0.700915
vt 0.101852 0.783391
vt 0.102018 0.783701
vt 0.099636 0.784056
vt 0.096477 0.784256
vt 0.098127 0.785980
vt 0.102991 0.785336
vt 0.102754 0.785566
vt 0.100448 0.785813
vt 0.101792 0.786939
vt 0.100060 0.787080
vt 0.104450 0.786654
vt 0.104124 0.786785
vt 0.106452 0.774612
vt 0.106455 0.774687
vt 0.113439 0.775776
vt 0.108056 0.775571
vt 0.795064 0.497544
vt 0.792266 0.500704
vt 0.823588 0.516423
vt 0.822301 0.520602
vt 0.857379 0.522362
vt 0.858106 0.526500
vt 0.893532 0.517336
vt 0.891330 0.513843
vt 0.888939 0.347836
vt 0.887783 0.352377
vt 0.878942 0.377375
vt 0.879675 0.374726
vt 0.852828 0.340166
vt 0.852874 0.345019
vt 0.916615 0.370591
vt 0.919211 0.367286
vt 0.775319 0.468615
vt 0.771717 0.470467
vt 0.936552 0.399462
vt 0.940218 0.397427
vt 0.768876 0.435637
vt 0.764874 0.436162
vt 0.943012 0.431753
vt 0.947067 0.431518
vt 0.916973 0.431259
vt 0.919383 0.431175
vt 0.774453 0.402655
vt 0.770461 0.401787
vt 0.792798 0.374789
vt 0.789638 0.372453
vt 0.820952 0.354362
vt 0.818992 0.350764
vt 0.177315 0.298965
vt 0.176528 0.293776
vt 0.182536 0.293245
vt 0.182555 0.298647
vt 0.269950 0.484645
vt 0.265440 0.489239
vt 0.261734 0.485066
vt 0.265720 0.481147
vt 0.288388 0.351217
vt 0.291466 0.356833
vt 0.286271 0.359276
vt 0.283836 0.354349
vt 0.227003 0.512440
vt 0.225489 0.507115
vt 0.230480 0.505086
vt 0.232909 0.510309
vt 0.081691 0.407952
vt 0.075530 0.407864
vt 0.074368 0.402024
vt 0.079367 0.402574
vt 0.123276 0.641446
vt 0.123476 0.646031
vt 0.118378 0.646178
vt 0.118283 0.640771
vt 0.626337 0.587399
vt 0.629888 0.590470
vt 0.610828 0.618629
vt 0.606536 0.617862
vt 0.657257 0.566418
vt 0.659289 0.570394
vt 0.602053 0.656008
vt 0.606445 0.653582
vt 0.714680 0.598755
vt 0.715461 0.595626
vt 0.692509 0.594991
vt 0.692229 0.591694
vt 0.645149 0.673770
vt 0.642583 0.674993
vt 0.184185 0.331400
vt 0.184015 0.335263
vt 0.180153 0.335456
vt 0.179793 0.331581
vt 0.658091 0.692820
vt 0.656377 0.695053
vt 0.676257 0.706304
vt 0.677054 0.703607
vt 0.640930 0.654366
vt 0.638223 0.654537
vt 0.671131 0.601176
vt 0.669887 0.598730
vt 0.115264 0.405813
vt 0.119039 0.406145
vt 0.120137 0.409559
vt 0.116288 0.410123
vt 0.654052 0.614179
vt 0.651924 0.612423
vt 0.760881 0.710119
vt 0.764159 0.712802
vt 0.778622 0.681781
vt 0.782875 0.683015
vt 0.692843 0.556194
vt 0.693068 0.561369
vt 0.281560 0.579036
vt 0.278099 0.582178
vt 0.275055 0.579095
vt 0.277910 0.575505
vt 0.180722 0.734383
vt 0.176079 0.731315
vt 0.178476 0.725977
vt 0.182085 0.729715
vt 0.727808 0.566877
vt 0.729115 0.561851
vt 0.245893 0.560435
vt 0.247205 0.555869
vt 0.251911 0.557770
vt 0.249980 0.562227
vt 0.666387 0.736317
vt 0.665553 0.740697
vt 0.212876 0.740292
vt 0.213132 0.735558
vt 0.217828 0.735444
vt 0.218207 0.740292
vt 0.757001 0.586283
vt 0.759785 0.582837
vt 0.174556 0.558470
vt 0.171490 0.554680
vt 0.177084 0.553206
vt 0.179045 0.557539
vt 0.609652 0.687520
vt 0.606052 0.690180
vt 0.637582 0.719568
vt 0.639999 0.715897
vt 0.217786 0.549210
vt 0.217382 0.553903
vt 0.212821 0.553652
vt 0.212614 0.548971
vt 0.255374 0.730605
vt 0.250524 0.732954
vt 0.248762 0.728307
vt 0.253022 0.726391
vt 0.776900 0.614505
vt 0.780770 0.612392
vt 0.784527 0.647980
vt 0.788882 0.647502
vt 0.246238 0.374829
vt 0.249469 0.372930
vt 0.251350 0.377016
vt 0.247738 0.378422
vt 0.733036 0.610244
vt 0.734846 0.608114
vt 0.745933 0.627575
vt 0.748421 0.626303
vt 0.753918 0.648169
vt 0.751146 0.648363
vt 0.212568 0.472831
vt 0.211426 0.469256
vt 0.214981 0.467761
vt 0.216650 0.471157
vt 0.641934 0.631521
vt 0.639202 0.630488
vt 0.747963 0.669464
vt 0.750615 0.670291
vt 0.234504 0.454335
vt 0.237196 0.451546
vt 0.240185 0.454111
vt 0.237000 0.457269
vt 0.736868 0.687978
vt 0.739037 0.689792
vt 0.589956 0.168088
vt 0.592946 0.167089
vt 0.587481 0.149227
vt 0.590584 0.149670
vt 0.105268 0.942919
vt 0.099875 0.942425
vt 0.103848 0.940525
vt 0.111768 0.940307
vt 0.601705 0.183080
vt 0.599657 0.184868
vt 0.129282 0.920120
vt 0.135849 0.920815
vt 0.135677 0.921394
vt 0.126081 0.920581
vt 0.135871 0.924709
vt 0.126385 0.923359
vt 0.130402 0.922947
vt 0.137372 0.923894
vt 0.594359 0.239514
vt 0.597083 0.234964
vt 0.237707 0.694857
vt 0.239363 0.698205
vt 0.235799 0.699773
vt 0.234585 0.696217
vt 0.212852 0.703666
vt 0.213057 0.699936
vt 0.216517 0.699868
vt 0.216784 0.703600
vt 0.564394 0.216548
vt 0.568532 0.213430
vt 0.631526 0.243618
vt 0.630707 0.248892
vt 0.602988 0.064610
vt 0.601281 0.059682
vt 0.666247 0.244834
vt 0.664731 0.239799
vt 0.570233 0.080528
vt 0.573656 0.084482
vt 0.158297 0.644779
vt 0.154507 0.645080
vt 0.154718 0.641121
vt 0.158501 0.641304
vt 0.553754 0.113316
vt 0.549223 0.110736
vt 0.737741 0.158053
vt 0.732415 0.157019
vt 0.252551 0.609410
vt 0.250044 0.607656
vt 0.251787 0.605150
vt 0.254465 0.607518
vt 0.193185 0.700135
vt 0.189677 0.697962
vt 0.191492 0.694149
vt 0.194278 0.696382
vt 0.546993 0.184023
vt 0.552834 0.182211
vt 0.593844 0.131614
vt 0.591327 0.130339
vt 0.687125 0.154636
vt 0.684325 0.154294
vt 0.681920 0.135333
vt 0.684703 0.134487
vt 0.674965 0.116735
vt 0.672768 0.118574
vt 0.616060 0.194415
vt 0.614795 0.196794
vt 0.633642 0.202119
vt 0.633868 0.199350
vt 0.619695 0.103682
vt 0.620331 0.106346
vt 0.134940 0.927542
vt 0.140352 0.927102
vt 0.146481 0.928622
vt 0.144373 0.929196
vt 0.652274 0.199894
vt 0.651660 0.197266
vt 0.603049 0.114121
vt 0.604860 0.116139
vt 0.711093 0.083575
vt 0.706678 0.087016
vt 0.214926 0.589201
vt 0.211610 0.589219
vt 0.211682 0.585784
vt 0.215440 0.585695
vt 0.234254 0.589438
vt 0.237678 0.591200
vt 0.236142 0.594609
vt 0.233078 0.592990
vt 0.726537 0.118750
vt 0.731814 0.117203
vt 0.192638 0.594487
vt 0.191151 0.591832
vt 0.194472 0.590408
vt 0.195494 0.593301
vt 0.541187 0.147062
vt 0.547546 0.147843
vt 0.870502 0.402787
vt 0.867783 0.401794
vt 0.868471 0.399892
vt 0.197609 0.732636
vt 0.196799 0.737337
vt 0.108424 0.773806
vt 0.107030 0.772882
vt 0.105762 0.928542
vt 0.101548 0.927981
vt 0.174038 0.471952
vt 0.173271 0.475543
vt 0.960607 0.431986
vt 0.266168 0.634511
vt 0.269537 0.633762
vt 0.955093 0.470250
vt 0.880370 0.699761
vt 0.120206 0.394612
vt 0.116485 0.393840
vt 0.556039 0.066622
vt 0.247250 0.692787
vt 0.245149 0.689755
vt 0.608530 0.176574
vt 0.100900 0.782769
vt 0.098954 0.782712
vt 0.739099 0.666393
vt 0.676165 0.265793
vt 0.102286 0.786299
vt 0.101288 0.786317
vt 0.932060 0.504570
vt 0.601068 0.163915
vt 0.596049 0.616037
vt 0.112265 0.918117
vt 0.113331 0.918714
vt 0.267226 0.655472
vt 0.270730 0.656000
vt 0.649617 0.654105
vt 0.183219 0.596251
vt 0.185107 0.598863
vt 0.893540 0.334791
vt 0.849270 0.467229
vt 0.101195 0.784811
vt 0.099734 0.784796
vt 0.094185 0.344327
vt 0.098356 0.346873
vt 0.108511 0.776585
vt 0.111731 0.776501
vt 0.242287 0.308610
vt 0.239827 0.313228
vt 0.200789 0.300929
vt 0.201444 0.295662
vt 0.664830 0.684999
vt 0.751650 0.437320
vt 0.624747 0.736033
vt 0.121946 0.315609
vt 0.125009 0.319545
vt 0.275937 0.336135
vt 0.271794 0.339736
vt 0.897694 0.709331
vt 0.663284 0.752339
vt 0.300849 0.659603
vt 0.305440 0.660280
vt 0.262957 0.676176
vt 0.259847 0.674402
vt 0.183895 0.689129
vt 0.181612 0.692465
vt 0.168621 0.334131
vt 0.169511 0.337830
vt 0.907133 0.655004
vt 0.519536 0.145846
vt 0.715900 0.692461
vt 0.871733 0.678278
vt 0.256084 0.417121
vt 0.252333 0.416514
vt 0.111791 0.781999
vt 0.113857 0.781889
vt 0.242907 0.362838
vt 0.239930 0.365131
vt 0.103190 0.787262
vt 0.103777 0.787224
vt 0.889653 0.426708
vt 0.826632 0.416064
vt 0.749964 0.160117
vt 0.196071 0.336835
vt 0.196628 0.333027
vt 0.638891 0.115353
vt 0.226292 0.701687
vt 0.225551 0.698043
vt 0.693040 0.604434
vt 0.726261 0.070482
vt 0.594377 0.043440
vt 0.777505 0.363936
vt 0.101014 0.777375
vt 0.103753 0.777577
vt 0.888328 0.706146
vt 0.781768 0.510707
vt 0.129995 0.584310
vt 0.133715 0.586046
vt 0.703793 0.758679
vt 0.848300 0.401354
vt 0.884584 0.452670
vt 0.080435 0.426576
vt 0.086608 0.425642
vt 0.773836 0.722253
vt 0.203552 0.591260
vt 0.203077 0.588096
vt 0.926944 0.697138
vt 0.101570 0.780349
vt 0.099253 0.780226
vt 0.118645 0.917279
vt 0.118612 0.917894
vt 0.622701 0.117371
vt 0.628467 0.271125
vt 0.138862 0.925498
vt 0.135405 0.926126
vt 0.599319 0.149868
vt 0.837107 0.462543
vt 0.104891 0.774466
vt 0.107744 0.774304
vt 0.615210 0.574274
vt 0.750854 0.109719
vt 0.685608 0.046041
vt 0.638772 0.033453
vt 0.250562 0.389767
vt 0.254252 0.388849
vt 0.292876 0.693926
vt 0.288940 0.691568
vt 0.663888 0.126757
vt 0.875093 0.405652
vt 0.692568 0.542951
vt 0.299362 0.423548
vt 0.293607 0.422745
vt 0.118262 0.421202
vt 0.122021 0.420393
vt 0.083063 0.384167
vt 0.078276 0.383187
vt 0.884692 0.414811
vt 0.243093 0.601133
vt 0.244732 0.598175
vt 0.649101 0.187362
vt 0.249174 0.499774
vt 0.246107 0.495076
vt 0.112160 0.784063
vt 0.113770 0.784024
vt 0.161066 0.632270
vt 0.157490 0.631631
vt 0.757056 0.398764
vt 0.909033 0.652014
vt 0.128491 0.494012
vt 0.125624 0.498317
vt 0.874525 0.690348
vt 0.167196 0.610943
vt 0.170076 0.612841
vt 0.671229 0.139143
vt 0.598707 0.697088
vt 0.194849 0.551089
vt 0.195933 0.555596
vt 0.125158 0.367400
vt 0.128280 0.369532
vt 0.929356 0.356383
vt 0.742115 0.203777
vt 0.710846 0.243376
vt 0.954154 0.390658
vt 0.203019 0.701900
vt 0.203667 0.698159
vt 0.139250 0.935737
vt 0.143459 0.935376
vt 0.669867 0.168010
vt 0.110638 0.787584
vt 0.110149 0.787470
vt 0.797292 0.688261
vt 0.125378 0.917980
vt 0.124462 0.918609
vt 0.257491 0.615636
vt 0.259986 0.613883
vt 0.729931 0.681725
vt 0.651552 0.553015
vt 0.165314 0.717218
vt 0.162086 0.722067
vt 0.675213 0.609677
vt 0.873033 0.664896
vt 0.652788 0.118101
vt 0.821856 0.427859
vt 0.879147 0.652255
vt 0.862574 0.467089
vt 0.133125 0.921881
vt 0.131031 0.922377
vt 0.816562 0.535900
vt 0.142369 0.941640
vt 0.137157 0.941847
vt 0.759538 0.476115
vt 0.246696 0.443678
vt 0.243475 0.441595
vt 0.529753 0.101223
vt 0.794163 0.606263
vt 0.769884 0.572001
vt 0.106253 0.938482
vt 0.101739 0.938169
vt 0.811864 0.337043
vt 0.207015 0.510395
vt 0.207945 0.515716
vt 0.112585 0.785645
vt 0.111536 0.785681
vt 0.902733 0.638921
vt 0.673791 0.153359
vt 0.156215 0.654945
vt 0.160002 0.654254
vt 0.097225 0.466767
vt 0.102514 0.463481
vt 0.130606 0.919475
vt 0.129212 0.920013
vt 0.862250 0.400876
vt 0.741636 0.648564
vt 0.711488 0.607544
vt 0.928616 0.655960
vt 0.165530 0.676373
vt 0.168900 0.674130
vt 0.822279 0.440988
vt 0.156660 0.559685
vt 0.159860 0.563021
vt 0.602763 0.135492
vt 0.224847 0.587566
vt 0.224002 0.591095
vt 0.113501 0.786664
vt 0.112498 0.786810
vt 0.835893 0.406897
vt 0.653997 0.670319
vt 0.932850 0.685030
vt 0.120338 0.662102
vt 0.125207 0.661310
vt 0.106708 0.919728
vt 0.108328 0.920272
vt 0.889695 0.642932
vt 0.105319 0.787701
vt 0.105619 0.787644
vt 0.901001 0.530523
vt 0.875236 0.462308
vt 0.233295 0.731876
vt 0.234366 0.736623
vt 0.262518 0.570661
vt 0.264911 0.566638
vt 0.680246 0.694441
vt 0.743170 0.746683
vt 0.803586 0.646903
vt 0.291551 0.378394
vt 0.296978 0.376664
vt 0.158772 0.298490
vt 0.160208 0.303454
vt 0.097333 0.925453
vt 0.102335 0.933668
vt 0.660041 0.180624
vt 0.548012 0.230636
vt 0.918166 0.644192
vt 0.726498 0.617131
vt 0.733779 0.548491
vt 0.223173 0.342921
vt 0.221303 0.346243
vt 0.859928 0.542593
vt 0.165614 0.509644
vt 0.164470 0.514876
vt 0.224743 0.461048
vt 0.226825 0.464213
vt 0.299895 0.626107
vt 0.304282 0.625031
vt 0.286331 0.594992
vt 0.290155 0.592362
vt 0.134952 0.696064
vt 0.139874 0.692811
vt 0.595908 0.658826
vt 0.149414 0.461919
vt 0.147453 0.465056
vt 0.200280 0.471675
vt 0.200965 0.475332
vt 0.918116 0.705298
vt 0.611993 0.123493
vt 0.909816 0.708633
vt 0.889565 0.439833
vt 0.108029 0.923339
vt 0.105083 0.922984
vt 0.634128 0.189642
vt 0.268427 0.720929
vt 0.265570 0.717120
vt 0.131032 0.951246
vt 0.128967 0.948575
vt 0.853426 0.326818
vt 0.698440 0.697279
vt 0.827487 0.453268
vt 0.620353 0.185463
vt 0.584271 0.258359
vt 0.128275 0.445578
vt 0.131377 0.443482
vt 0.934190 0.670445
vt 0.528370 0.190952
vt 0.652167 0.636010
vt 0.231638 0.557169
vt 0.232496 0.552539
vt 0.661269 0.620686
vt 0.281716 0.467295
vt 0.276919 0.464240
vt 0.143838 0.346200
vt 0.146001 0.349281
vt 0.113295 0.779410
vt 0.110335 0.779445
vt 0.737272 0.631462
vt 0.104252 0.946055
vt 0.113059 0.945007
vt 0.139641 0.930597
vt 0.143297 0.930207
vt 0.124115 0.623858
vt 0.119536 0.622947
vt 0.242548 0.065137
vt 0.250782 0.058807
vt 0.262202 0.084609
vt 0.258080 0.087348
vt 0.311291 0.162973
vt 0.303755 0.169118
vt 0.290180 0.141465
vt 0.294127 0.138994
vt 0.289764 0.174117
vt 0.279604 0.177297
vt 0.277980 0.144603
vt 0.282706 0.143624
vt 0.333399 0.123955
vt 0.332352 0.133246
vt 0.306101 0.123657
vt 0.306953 0.118983
vt 0.217490 0.123988
vt 0.216491 0.114618
vt 0.243215 0.114685
vt 0.244136 0.119319
vt 0.241119 0.164057
vt 0.232518 0.157612
vt 0.253833 0.136780
vt 0.258115 0.139379
vt 0.308232 0.064852
vt 0.315162 0.070134
vt 0.297044 0.089526
vt 0.293243 0.087214
vt 0.333029 0.101334
vt 0.334342 0.110854
vt 0.307778 0.111397
vt 0.306734 0.106790
vt 0.324035 0.080465
vt 0.330102 0.088160
vt 0.304566 0.099549
vt 0.301859 0.095554
vt 0.326270 0.145408
vt 0.321584 0.153875
vt 0.300103 0.134431
vt 0.302575 0.130410
vt 0.263838 0.056132
vt 0.273137 0.054938
vt 0.273921 0.081531
vt 0.269378 0.082502
vt 0.277840 0.142638
vt 0.275012 0.142702
vt 0.270427 0.141933
vt 0.265841 0.141164
vt 0.263209 0.140176
vt 0.259236 0.137751
vt 0.255262 0.135325
vt 0.253208 0.133367
vt 0.250613 0.129626
vt 0.248018 0.125885
vt 0.246932 0.123275
vt 0.246071 0.118949
vt 0.245209 0.114623
vt 0.245263 0.111817
vt 0.246190 0.107643
vt 0.247118 0.103468
vt 0.248249 0.100888
vt 0.250811 0.097192
vt 0.253373 0.093496
vt 0.255324 0.091513
vt 0.259156 0.088964
vt 0.262987 0.086416
vt 0.265546 0.085312
vt 0.269785 0.084415
vt 0.274023 0.083519
vt 0.276819 0.083539
vt 0.281419 0.084589
vt 0.286018 0.085639
vt 0.288609 0.086680
vt 0.292136 0.088840
vt 0.295664 0.091001
vt 0.297697 0.092909
vt 0.300228 0.096628
vt 0.302758 0.100347
vt 0.303868 0.102895
vt 0.304834 0.107187
vt 0.305801 0.111479
vt 0.305817 0.114261
vt 0.305023 0.118618
vt 0.304230 0.122974
vt 0.303219 0.125601
vt 0.300920 0.129364
vt 0.298621 0.133127
vt 0.296641 0.135104
vt 0.292964 0.137401
vt 0.289286 0.139699
vt 0.286643 0.140772
vt 0.282241 0.141705
vt 0.218887 0.102498
vt 0.221139 0.094197
vt 0.245232 0.102790
vt 0.244245 0.107279
vt 0.287310 0.056428
vt 0.297620 0.057918
vt 0.286758 0.083810
vt 0.281810 0.082662
vt 0.264422 0.174760
vt 0.253665 0.172113
vt 0.265162 0.143061
vt 0.270099 0.143883
vt 0.224766 0.145864
vt 0.219850 0.137083
vt 0.246148 0.126684
vt 0.248941 0.130692
vt 0.227055 0.082511
vt 0.231613 0.074280
vt 0.251921 0.092160
vt 0.249155 0.096127
vt 0.289442 0.084903
vt 0.276861 0.081513
vt 0.262397 0.141978
vt 0.275037 0.144705
vt 0.299153 0.091558
vt 0.298075 0.136523
vt 0.305047 0.126388
vt 0.253958 0.090087
vt 0.246390 0.100095
vt 0.307806 0.114308
vt 0.305690 0.102183
vt 0.287433 0.142644
vt 0.243259 0.111768
vt 0.245058 0.123953
vt 0.264835 0.083472
vt 0.251734 0.134701
vt 0.330957 0.136942
vt 0.318827 0.156829
vt 0.216635 0.110799
vt 0.301302 0.059570
vt 0.317969 0.072771
vt 0.218490 0.133357
vt 0.229682 0.154645
vt 0.331716 0.091814
vt 0.334446 0.114664
vt 0.299924 0.170937
vt 0.275179 0.177406
vt 0.249720 0.170503
vt 0.277001 0.054938
vt 0.222497 0.090741
vt 0.234313 0.071467
vt 0.254540 0.057325
vn -0.097700 -0.565300 0.819100
vn -0.108900 0.577700 0.809000
vn 0.771700 0.126900 0.623200
vn 0.808100 0.491400 -0.324600
vn 0.446900 0.649500 0.615200
vn 0.342200 -0.071900 -0.936900
vn 0.382000 0.207100 -0.900700
vn 0.414400 -0.006200 -0.910100
vn -0.158200 0.422000 -0.892700
vn -0.374600 -0.843700 -0.384500
vn 0.005400 -0.431100 -0.902300
vn 0.528300 -0.445100 0.723000
vn 0.277200 -0.797600 -0.535700
vn 0.775300 0.532100 0.340400
vn -0.399900 0.830000 -0.388800
vn 0.343000 0.057100 -0.937600
vn 0.870200 0.491400 -0.035100
vn -0.864900 -0.501900 0.007900
vn 0.195400 0.122500 -0.973000
vn 0.484200 0.081700 -0.871100
vn 0.138000 0.191600 -0.971700
vn -0.270900 -0.198000 -0.942000
vn 0.232600 0.971200 -0.051400
vn -0.177800 -0.982400 -0.057300
vn -0.121200 0.002400 -0.992600
vn 0.080100 -0.406900 -0.910000
vn 0.117000 0.228800 -0.966400
vn 0.239500 -0.071900 -0.968200
vn -0.065600 -0.303200 -0.950700
vn 0.968900 -0.239700 -0.061400
vn -0.969100 0.244200 -0.034000
vn -0.199700 0.138100 -0.970100
vn 0.231700 -0.120000 -0.965400
vn -0.216900 -0.147300 -0.965000
vn 0.557300 -0.828100 -0.060400
vn 0.421300 -0.071200 -0.904100
vn -0.855800 -0.514600 -0.052600
vn -0.171600 0.283100 -0.943600
vn 0.213300 -0.393400 -0.894300
vn -0.231100 -0.315300 -0.920400
vn -0.100400 0.416700 -0.903500
vn 0.480900 -0.343600 -0.806700
vn -0.067900 0.024200 -0.997400
vn -0.246800 0.056200 -0.967400
vn -0.059000 -0.045700 -0.997200
vn 0.935500 -0.199100 -0.292000
vn 0.090300 -0.082400 -0.992500
vn 0.026500 -0.002900 -0.999600
vn 0.026900 -0.004600 -0.999600
vn -0.014800 0.013700 -0.999800
vn -0.485200 -0.842300 -0.234600
vn 0.100400 -0.413400 -0.905000
vn 0.655800 -0.560300 0.506000
vn -0.383200 -0.613100 -0.690800
vn -0.108600 -0.412200 -0.904600
vn -0.705900 -0.703400 -0.083400
vn -0.702100 -0.672800 0.233300
vn -0.762100 -0.498300 0.413500
vn 0.689200 -0.692000 0.214900
vn 0.510800 -0.817900 -0.264700
vn -0.674400 -0.517700 0.526500
vn -0.901900 -0.398000 0.168000
vn -0.777300 -0.291600 0.557400
vn -0.490600 -0.446000 0.748600
vn 0.374900 0.840400 -0.391300
vn -0.747200 -0.280800 0.602300
vn -0.810600 0.511500 0.285100
vn -0.519500 0.313400 0.794900
vn -0.910500 0.283500 -0.301000
vn 0.347400 0.667500 -0.658600
vn -0.539800 0.322400 0.777600
vn -0.998100 -0.032400 0.052500
vn -0.679300 0.220500 0.699900
vn -0.508600 0.826200 -0.242300
vn -0.351700 0.625900 -0.696100
vn 0.145500 0.316500 -0.937400
vn 0.663300 0.747600 0.032700
vn 0.345000 0.782700 -0.518000
vn 0.085500 -0.880000 -0.467300
vn 0.075600 0.877900 -0.472900
vn 0.661200 0.583700 0.471300
vn -0.468800 -0.746600 0.472000
vn -0.435300 0.774000 0.459700
vn -0.774900 0.481200 -0.409700
vn 0.763800 -0.463400 -0.449300
vn -0.896800 0.344200 0.278000
vn -0.968000 0.096500 -0.231500
vn -0.924100 0.007100 -0.382100
vn 0.829700 0.389200 0.400300
vn 0.927800 -0.035400 -0.371300
vn -0.641300 0.424600 0.639100
vn 0.762200 0.460200 -0.455300
vn -0.328500 -0.773700 -0.541700
vn -0.417700 0.629700 0.654900
vn 0.196600 0.401700 -0.894400
vn 0.457700 -0.639800 0.617400
vn 0.158800 -0.748300 0.644100
vn -0.144100 -0.761500 0.632000
vn -0.145700 0.193300 -0.970300
vn 0.422100 -0.126700 -0.897600
vn 0.480700 -0.348500 0.804700
vn -0.397400 -0.190000 -0.897700
vn -0.425900 -0.065900 0.902400
vn -0.115000 -0.403300 0.907800
vn -0.266700 -0.333700 0.904200
vn -0.073400 0.364900 -0.928100
vn 0.046700 -0.418000 0.907300
vn -0.301700 0.199900 -0.932200
vn -0.009500 0.049900 0.998700
vn 0.043900 -0.012000 0.999000
vn 0.038600 0.025100 0.998900
vn -0.766400 0.163800 0.621100
vn -0.170100 0.761500 0.625500
vn -0.143200 0.989400 -0.024900
vn -0.002400 0.016000 -0.999900
vn -0.043200 -0.108500 -0.993200
vn 0.127600 -0.214000 -0.968500
vn -0.362900 0.163400 -0.917400
vn -0.551800 0.833000 -0.040600
vn 0.053700 0.151900 -0.986900
vn -0.339600 0.094900 -0.935800
vn 0.823500 0.563800 -0.063100
vn 0.225700 0.056600 -0.972500
vn 0.190300 -0.965600 -0.177400
vn -0.252700 -0.043500 -0.966600
vn -0.149200 -0.209400 -0.966400
vn -0.136800 0.199000 -0.970400
vn -0.047400 0.239200 -0.969800
vn 0.116800 -0.562300 0.818700
vn -0.543700 0.815100 -0.200000
vn -0.197500 -0.957600 -0.209600
vn 0.318200 0.485000 0.814600
vn 0.128000 0.581900 0.803100
vn 0.050200 -0.233000 -0.971200
vn -0.325600 0.495600 0.805200
vn 0.773300 -0.522100 -0.359800
vn -0.959700 0.203200 -0.194200
vn -0.810000 0.546200 -0.213400
vn -0.969200 -0.170400 -0.178000
vn 0.475900 0.298600 0.827200
vn -0.784500 -0.539100 -0.306500
vn 0.891800 -0.230100 -0.389400
vn -0.467200 -0.315300 0.826000
vn 0.659900 0.433200 0.613900
vn 0.741500 -0.161500 0.651300
vn -0.469400 0.318200 0.823700
vn 0.435100 -0.380800 0.815900
vn -0.541600 0.106100 0.833900
vn -0.558500 -0.085500 0.825100
vn 0.936900 0.223900 -0.268500
vn 0.344700 -0.444100 0.827000
vn -0.559600 -0.809200 -0.179100
vn -0.041900 -0.231800 -0.971900
vn 0.192400 0.965300 -0.176800
vn 0.046500 0.234600 -0.971000
vn -0.193200 0.962800 -0.189200
vn 0.109500 -0.334800 -0.935900
vn 0.248000 -0.266300 -0.931400
vn -0.340300 0.138700 -0.930000
vn 0.562800 0.118500 0.818000
vn -0.338500 -0.121600 -0.933100
vn 0.520300 -0.092000 0.849000
vn -0.740100 -0.142300 0.657300
vn 0.549000 0.811700 -0.199200
vn -0.536600 0.130400 0.833700
vn 0.132800 0.727500 0.673100
vn 0.992500 0.080700 0.092000
vn 0.385200 -0.848300 -0.363300
vn 0.261600 -0.638400 -0.723900
vn 0.011500 -0.452400 -0.891700
vn 0.672300 -0.711100 -0.205900
vn -0.604900 -0.510900 -0.610900
vn -0.696800 -0.716900 0.023200
vn -0.620700 0.581800 0.525700
vn 0.223100 0.624900 -0.748100
vn -0.332500 0.041700 -0.942200
vn 0.965700 0.195300 -0.171000
vn 0.017000 0.458500 -0.888500
vn -0.292500 -0.816300 -0.498200
vn 0.733100 -0.328400 0.595500
vn 0.672100 -0.738700 0.051000
vn 0.843500 -0.437700 0.311400
vn 0.774000 -0.262100 0.576400
vn 0.333400 -0.045800 -0.941700
vn 0.997500 0.014100 0.069000
vn -0.279100 -0.628200 -0.726300
vn 0.288600 0.776800 -0.559700
vn -0.958300 -0.260800 -0.117100
vn -0.993900 0.064500 -0.088900
vn -0.332300 -0.030000 -0.942700
vn 0.337700 -0.642400 -0.688000
vn 0.589400 -0.533600 -0.606500
vn 0.472300 0.843100 -0.257200
vn -0.812400 0.487500 0.320000
vn -0.107000 0.405500 -0.907800
vn 0.596300 0.614900 0.516100
vn 0.698500 0.683500 0.212100
vn 0.574400 0.554300 -0.602400
vn -0.295700 0.794300 -0.530700
vn 0.670500 0.546700 0.501500
vn -0.255000 0.620000 -0.742000
vn 0.866500 0.437000 0.241200
vn 0.709400 0.301500 0.637100
vn 0.502600 0.415500 0.758100
vn 0.039300 0.007800 0.999200
vn 0.994400 0.009400 0.104900
vn -0.583700 -0.570800 0.577400
vn -0.611100 0.591800 0.525700
vn 0.588400 -0.636800 0.498200
vn -0.731200 0.582000 0.355900
vn 0.680200 -0.592100 0.432100
vn 0.926800 0.031900 -0.374300
vn 0.841900 -0.395500 0.367100
vn -0.813300 -0.402800 0.419900
vn -0.766100 -0.398500 -0.504300
vn -0.628500 -0.569500 0.529800
vn 0.455600 -0.768700 0.449000
vn -0.336600 0.760600 -0.555200
vn -0.083800 0.875200 -0.476500
vn -0.092800 -0.874500 -0.476100
vn 0.351500 -0.778300 -0.520200
vn 0.461900 0.753300 0.468100
vn -0.956900 0.290000 -0.014900
vn 0.587200 0.807900 -0.049100
vn 0.248800 0.968500 -0.010700
vn 0.509900 -0.860200 0.008600
vn -0.772900 0.634500 0.006200
vn -0.024800 -0.038400 0.999000
vn 0.009400 -0.044700 0.999000
vn 0.130800 -0.991400 0.000400
vn 0.390500 0.088000 -0.916400
vn -0.058700 -0.014300 0.998200
vn 0.009000 0.047700 0.998800
vn -0.002200 0.052900 0.998600
vn -0.037500 -0.027400 0.998900
vn -0.343900 0.238200 0.908300
vn -0.303200 -0.072700 -0.950200
vn 0.041500 -0.027300 0.998800
vn 0.978800 -0.195200 0.061600
vn -0.074800 -0.362100 -0.929100
vn -0.045200 0.468800 0.882100
vn -0.197300 0.310900 -0.929700
vn 0.859200 0.511400 -0.014900
vn -0.358600 -0.212200 0.909100
vn 0.070600 0.361300 -0.929800
vn -0.333700 0.121600 -0.934800
vn -0.189200 -0.328000 -0.925500
vn -0.480700 0.876800 -0.011200
vn -0.329300 0.069400 -0.941700
vn 0.341900 -0.279000 -0.897400
vn 0.865400 0.500800 0.018700
vn -0.254900 -0.339000 -0.905600
vn 0.274700 0.355000 -0.893600
vn -0.545300 -0.078200 -0.834600
vn 0.584200 0.810000 -0.050900
vn 0.131100 -0.988500 -0.074900
vn 0.209400 -0.387700 -0.897700
vn 0.423700 0.068400 0.903200
vn 0.353600 0.210200 0.911500
vn 0.070700 -0.363600 -0.928900
vn 0.204400 -0.303700 -0.930600
vn -0.261800 -0.965100 0.000300
vn 0.989900 0.134500 -0.045500
vn -0.033300 0.435300 -0.899700
vn -0.255100 -0.963700 -0.078500
vn 0.325600 -0.260300 0.909000
vn -0.863000 -0.495300 -0.099600
vn -0.788600 0.610800 -0.070200
vn 0.795100 -0.602700 -0.067600
vn -0.967800 0.234600 -0.091800
vn 0.437900 0.044800 -0.897900
vn -0.475600 0.872700 -0.110500
vn -0.196400 0.978300 -0.065900
vn 0.282300 0.311100 0.907500
vn -0.594400 -0.800700 -0.074400
vn 0.298700 0.948600 -0.104600
vn 0.966200 -0.252500 -0.052200
vn 0.426600 0.328100 0.842800
vn -0.136200 -0.606900 0.783000
vn -0.234000 0.386000 0.892300
vn 0.325800 -0.176400 -0.928800
vn 0.965700 -0.259600 -0.006800
vn 0.559500 0.099800 0.822800
vn 0.763300 -0.646000 0.001900
vn -0.345000 0.009900 -0.938600
vn 0.992100 0.125600 0.006600
vn 0.808600 -0.497000 0.315000
vn 0.314800 0.299900 -0.900500
vn -0.151800 -0.327000 -0.932700
vn -0.432600 0.297500 0.851100
vn -0.017200 -0.354900 -0.934800
vn -0.500300 0.865700 -0.017100
vn 0.565200 -0.820100 -0.089500
vn -0.783000 0.621600 -0.024000
vn -0.122400 0.516300 0.847600
vn -0.525100 -0.330700 0.784200
vn 0.625400 0.780200 -0.007700
vn -0.125300 0.992100 0.001100
vn -0.967200 0.253700 0.007300
vn -0.990100 -0.140000 0.013300
vn 0.572800 -0.122900 0.810400
vn 0.294300 0.330800 0.896600
vn 0.114200 -0.993200 0.021300
vn 0.390600 0.153400 -0.907700
vn -0.872100 -0.488900 -0.021400
vn 0.287200 0.957800 -0.008400
vn -0.610000 -0.792400 -0.008300
vn -0.008100 0.458200 -0.888800
vn 0.129200 0.587700 0.798700
vn 0.489300 -0.871300 0.038300
vn 0.102200 -0.624200 0.774500
vn -0.361000 0.289500 -0.886500
vn 0.769500 0.250700 0.587300
vn -0.722800 0.652600 0.227100
vn 0.027000 -0.037000 0.999000
vn -0.620200 -0.784400 0.002800
vn -0.461500 -0.129000 -0.877700
vn -0.260600 -0.965400 0.002800
vn 0.023700 0.039800 0.998900
vn -0.985100 -0.141500 0.097500
vn -0.021400 0.016700 0.999600
vn -0.039800 -0.012000 0.999100
vn 0.094700 0.402800 -0.910400
vn -0.707700 0.700500 0.091500
vn 0.655800 0.743000 -0.133800
vn -0.584400 0.507200 -0.633400
vn -0.252300 -0.233900 -0.939000
vn -0.386800 -0.590500 0.708300
vn -0.704700 0.692100 -0.156100
vn -0.640400 -0.391300 0.660900
vn 0.565600 -0.455300 0.687600
vn -0.359400 -0.512000 0.780200
vn -0.125900 -0.428100 -0.894900
vn 0.499900 -0.862900 -0.074500
vn 0.116000 0.458900 -0.880900
vn 0.045300 -0.438700 -0.897500
vn -0.191000 0.185300 -0.964000
vn 0.331200 -0.545200 0.770100
vn -0.620000 -0.102400 0.777900
vn 0.417900 -0.118300 0.900800
vn -0.433500 0.136700 0.890700
vn -0.300500 -0.152100 -0.941600
vn 0.307000 0.200700 -0.930300
vn 0.204300 0.300200 -0.931700
vn 0.136900 0.426200 0.894200
vn -0.178200 0.375900 0.909300
vn 0.203100 -0.365500 0.908400
vn -0.985700 -0.124900 -0.113000
vn 0.305600 -0.200600 -0.930800
vn 0.787600 -0.616100 0.012600
vn -0.008500 -0.045100 0.998900
vn -0.424900 -0.796700 0.429700
vn -0.134900 -0.560100 -0.817400
vn 0.007000 -0.537000 -0.843500
vn -0.004800 -0.867700 0.497000
vn 0.005500 0.879000 0.476700
vn -0.001400 0.539900 -0.841700
vn -0.210100 0.502100 -0.838900
vn -0.332000 0.810000 0.483500
vn 0.705900 0.005300 0.708300
vn 0.855800 0.015900 0.517100
vn 0.829100 0.340600 0.443500
vn 0.694900 0.269500 0.666600
vn 0.636500 0.614000 0.466800
vn 0.514700 0.509800 0.689400
vn 0.327600 0.805800 0.493300
vn 0.296600 0.681700 0.668800
vn 0.835900 0.015900 -0.548600
vn 0.241100 -0.001700 0.970500
vn 0.225900 -0.080300 0.970800
vn 0.666000 -0.271300 -0.694900
vn 0.546600 0.588900 -0.595400
vn 0.544300 0.539400 0.642500
vn 0.700600 0.308200 0.643500
vn 0.742300 0.307300 -0.595500
vn 0.705300 0.291200 -0.646300
vn 0.819600 0.332100 0.466800
vn 0.879000 -0.004300 0.476800
vn 0.754600 -0.004500 -0.656200
vn -0.574300 0.583100 -0.574600
vn -0.609100 0.613700 0.502400
vn -0.299800 0.733000 0.610600
vn -0.293500 0.707600 -0.642800
vn 0.326400 -0.944400 -0.039500
vn 0.213800 -0.973400 0.081800
vn 0.431900 -0.874700 -0.220000
vn 0.260800 -0.958100 -0.118100
vn 0.653200 -0.342000 -0.675500
vn -0.419900 -0.703100 -0.574000
vn -0.369200 0.680300 -0.633200
vn 0.272900 0.961000 -0.045000
vn 0.215200 0.974200 0.068400
vn 0.655900 0.348900 -0.669400
vn 0.169500 0.173500 0.970100
vn -0.138800 -0.139500 0.980400
vn -0.176600 -0.076700 0.981300
vn 0.233800 0.073900 0.969500
vn -0.280900 -0.277200 0.918800
vn 0.092700 0.082900 0.992200
vn 0.180900 0.070700 0.981000
vn -0.222100 -0.166800 0.960700
vn -0.076800 -0.176100 0.981400
vn 0.180000 -0.072300 0.981000
vn 0.133500 -0.134900 0.981800
vn -0.176900 0.074100 0.981400
vn -0.136800 0.133800 0.981500
vn -0.059300 -0.031500 -0.997700
vn -0.592000 -0.124400 -0.796300
vn -0.308800 -0.464800 -0.829800
vn -0.031300 -0.017200 -0.999400
vn -0.062500 0.148500 -0.986900
vn 0.564900 0.193900 -0.802000
vn 0.375200 0.330000 -0.866200
vn 0.155300 -0.009100 -0.987800
vn -0.004300 -0.032300 -0.999500
vn 0.087900 -0.573900 -0.814200
vn -0.009300 -0.037200 -0.999300
vn -0.045200 0.010500 -0.998900
vn 0.022400 -0.098000 -0.994900
vn -0.044600 0.540500 -0.840200
vn 0.008600 0.044500 -0.999000
vn 0.020900 -0.033400 -0.999200
vn 0.547700 -0.393600 -0.738300
vn 0.062500 -0.067700 -0.995700
vn 0.243800 -0.222100 -0.944000
vn 0.318700 0.052800 -0.946400
vn -0.164600 -0.271900 -0.948100
vn 0.080600 -0.388200 -0.918100
vn 0.078100 -0.029400 -0.996500
vn 0.055400 -0.008100 -0.998400
vn -0.044000 0.014300 -0.998900
vn -0.465800 0.296700 -0.833700
vn -0.002800 0.022000 -0.999800
vn 0.190300 0.253200 -0.948500
vn -0.053700 0.311600 -0.948700
vn -0.285400 0.150000 -0.946600
vn -0.360200 -0.067900 -0.930400
vn -0.026700 0.053700 -0.998200
vn -0.006300 -0.023100 -0.999700
vn 0.433100 -0.668300 -0.604900
vn -0.019000 -0.999200 -0.036400
vn -0.011600 -0.988300 0.152000
vn -0.010500 -0.853200 -0.521500
vn -0.355400 -0.931600 -0.075800
vn -0.214700 -0.971400 0.101400
vn -0.442400 -0.863900 -0.240700
vn -0.312300 -0.944700 -0.099800
vn -0.633200 -0.313200 -0.707800
vn -0.321800 0.944500 -0.066600
vn -0.206800 0.976200 0.065200
vn -0.475000 0.873900 -0.103400
vn -0.350400 0.934200 0.066400
vn -0.660500 0.345600 -0.666600
vn 0.447300 0.681500 -0.579300
vn 0.464400 0.851500 -0.243500
vn 0.299400 0.952100 -0.062600
vn -0.019200 0.988100 0.152700
vn 0.334400 0.942400 -0.000000
vn 0.695600 0.718000 0.022400
vn 0.010000 -0.999000 -0.044300
vn -0.343000 -0.938100 0.047600
vn -0.357100 0.933800 0.021100
vn 0.024700 0.999000 -0.037400
vn 0.333200 -0.942800 0.002300
vn -0.736800 0.675800 -0.021200
vn 0.698400 -0.715700 -0.000900
vn -0.934600 0.355800 0.004600
vn 0.939000 -0.343700 0.012400
vn -0.997900 0.059300 0.025800
vn 0.999800 0.002500 -0.021800
vn -0.953700 -0.300400 0.014900
vn 0.939000 0.342000 0.037300
vn -0.699600 -0.709900 0.081600
vn -0.465000 0.468900 -0.751000
vn -0.694500 0.660500 0.285200
vn -0.375900 0.907800 0.186100
vn -0.271400 0.594300 -0.757100
vn -0.600500 0.257900 -0.756900
vn -0.926000 0.353600 0.132300
vn -0.035400 0.638100 -0.769100
vn 0.025700 0.965900 0.257700
vn 0.382700 0.904000 0.190600
vn 0.234400 0.594500 -0.769100
vn 0.254100 -0.606300 -0.753600
vn 0.360700 -0.932500 0.020400
vn -0.001700 -0.997000 0.078000
vn -0.008900 -0.642800 -0.766000
vn -0.735000 -0.131800 -0.665100
vn -0.944400 -0.327300 -0.032300
vn -0.999400 -0.009900 0.032400
vn -0.653300 -0.000200 -0.757100
vn 0.695200 0.688800 0.205400
vn 0.453800 0.437900 -0.776100
vn -0.344200 -0.937500 -0.051100
vn -0.144800 -0.731700 -0.666000
vn -0.798900 0.318100 -0.510400
vn -0.917000 0.389300 -0.087200
vn -0.710800 0.663400 -0.233900
vn -0.621000 0.596700 -0.508300
vn 0.763100 -0.328700 -0.556500
vn 0.903300 -0.373200 0.211700
vn 0.687400 -0.687000 0.235500
vn 0.580900 -0.574600 -0.576600
vn 0.832500 -0.032400 -0.553100
vn 0.973200 0.010800 0.229800
vn 0.776700 0.298100 -0.554800
vn 0.894300 0.388200 0.222500
vn -0.592600 -0.588900 -0.549600
vn -0.699500 -0.714000 0.030700
vn -0.915200 -0.398000 0.064000
vn -0.795400 -0.204100 -0.570700
vn -0.942100 0.006000 -0.335300
vn -0.968000 -0.015800 0.250500
vn -0.879500 0.372100 0.296800
vn -0.847200 0.360000 -0.390700
vn 0.881000 0.391800 -0.265000
vn 0.856600 0.381900 0.346900
vn 0.903100 -0.004000 0.429500
vn 0.942400 0.020000 -0.333900
vn -0.313800 -0.917000 -0.246300
vn -0.385500 -0.886900 0.254600
vn -0.686100 -0.671600 0.279600
vn -0.693500 -0.709300 -0.126000
vn -0.000000 -0.953800 -0.300500
vn -0.001700 -0.933100 0.359600
vn -0.007200 0.923600 -0.383200
vn -0.009200 0.941700 0.336300
vn 0.364900 0.872400 0.325200
vn 0.375000 0.866300 -0.330100
vn 0.368500 -0.882400 -0.292500
vn 0.357500 -0.860600 0.362700
vn -0.652700 0.694300 0.303200
vn -0.660900 0.671900 -0.334200
vn -0.163300 0.184200 0.969200
vn 0.073300 -0.174900 0.981800
vn -0.095100 0.232100 0.968000
vn -0.002400 0.249600 0.968300
vn -0.000500 -0.188900 0.982000
vn 0.085100 0.231100 0.969200
vn 0.205800 0.000400 0.978600
vn -0.220900 0.005100 0.975300
vn -0.215100 0.112800 0.970100
vn 0.095200 -0.225700 0.969500
vn -0.074200 0.175600 0.981700
vn 0.003100 0.190700 0.981600
vn -0.000500 -0.245400 0.969400
vn -0.186200 0.001400 0.982500
vn 0.452900 -0.459900 -0.763800
vn 0.691900 -0.713400 0.111300
vn 0.195900 -0.489100 -0.849900
vn 0.448100 -0.408800 -0.795100
vn -0.375000 0.378100 -0.846400
vn -0.496100 0.212000 -0.842000
vn 0.447000 -0.191000 -0.873900
vn -0.553200 0.012000 -0.832900
vn 0.516200 -0.018200 -0.856300
vn -0.562300 -0.127800 -0.817000
vn 0.480900 0.200500 -0.853500
vn -0.436800 -0.435300 -0.787300
vn 0.366200 0.347500 -0.863200
vn 0.214100 0.497700 -0.840500
vn -0.632000 -0.621800 0.462600
vn 0.347100 -0.787200 0.509800
vn -0.618600 0.629000 0.470900
vn 0.566600 -0.594200 0.570900
vn -0.792900 0.336900 0.507800
vn 0.848100 -0.407900 0.338200
vn -0.852600 0.012600 0.522400
vn -0.781800 -0.413800 0.466400
vn -0.276200 0.677900 0.681300
vn -0.521100 0.516300 0.679700
vn 0.299500 -0.644700 0.703400
vn 0.499800 -0.541500 0.676000
vn -0.666900 0.273000 0.693300
vn 0.610200 -0.281800 0.740400
vn -0.719400 0.015500 0.694400
vn -0.620600 -0.354700 0.699300
vn -0.529700 -0.504800 0.681700
vn -0.376400 -0.611600 0.695900
vn 0.023400 -0.730400 0.682600
vn 0.008300 0.733700 0.679400
vn 0.626300 -0.305600 -0.717200
vn 0.629300 -0.037900 -0.776200
vn 0.597600 0.234500 -0.766700
vn -0.564000 -0.550800 -0.615300
vn -0.020500 0.850600 -0.525400
vn -0.042100 0.998400 -0.038800
vn -0.009500 0.754400 -0.656400
vn 0.280900 0.697000 -0.659800
vn 0.520300 0.517000 -0.679700
vn 0.688600 0.282600 -0.667800
vn -0.248000 -0.716900 -0.651600
vn -0.162200 -0.223200 0.961200
vn -0.585600 -0.560400 -0.585700
vn -0.001900 -0.758600 -0.651600
vn -0.280300 0.698500 -0.658400
vn 0.291700 -0.695500 -0.656700
vn -0.530600 0.549800 -0.645100
vn 0.542700 -0.542900 -0.640900
vn 0.173800 -0.173300 0.969400
vn -0.673500 0.296500 -0.677100
vn -0.713600 -0.003200 -0.700600
vn -0.684500 -0.245100 -0.686600
vn -0.342900 0.879600 0.329600
vn 0.860900 -0.368500 0.350800
vn 0.679700 0.666200 0.307000
vn 0.667200 -0.641400 0.378600
vn -0.887400 -0.391900 0.242800
vn -0.951100 -0.012300 0.308600
vn -0.881600 -0.020300 -0.471500
vn -0.593200 0.239700 -0.768600
vn -0.770800 -0.248700 -0.586600
vn -0.408200 0.426200 -0.807300
vn -0.376100 -0.709100 0.596400
vn -0.550500 -0.561700 0.617600
vn -0.294500 0.750700 0.591400
vn -0.366900 0.871500 -0.325300
vn 0.000300 0.819500 0.573100
vn 0.321900 0.742500 0.587400
vn -0.544700 0.547100 0.635600
vn -0.715000 -0.389000 0.580800
vn -0.919500 -0.345300 -0.188000
vn -0.809300 -0.001400 0.587500
vn 0.809800 -0.001000 -0.586700
vn 0.747400 -0.307900 -0.588700
vn -0.593000 -0.588500 -0.549600
vn 0.698000 0.680000 0.224300
vn -0.372600 -0.924600 0.078700
vn -0.250800 -0.768800 -0.588200
vn 0.348600 0.884100 0.311300
vn 0.319700 0.787900 -0.526300
vn 0.001800 -0.980200 0.197900
vn 0.000100 -0.803100 -0.595800
vn -0.331500 0.936200 0.117000
vn -0.302200 0.658000 -0.689800
vn 0.004400 0.794300 -0.607500
vn -0.014600 0.971200 0.237600
vn 0.372600 -0.899800 0.227200
vn 0.307300 -0.742000 -0.595800
vn 0.568300 -0.568300 -0.595000
vn 0.679800 0.669200 -0.300000
vn 0.001100 -0.786900 0.617100
vn 0.301100 -0.725800 0.618500
vn 0.553700 -0.547400 0.627500
vn 0.676700 -0.679000 -0.284600
vn -0.754100 0.306500 0.580900
vn 0.735400 -0.297200 0.609000
vn 0.892600 -0.373600 -0.252200
vn 0.796200 0.011000 0.604900
vn -0.211300 -0.687000 -0.695300
vn -0.551500 -0.540800 -0.635100
vn -0.714000 -0.698800 -0.042600
vn -0.014500 -0.719100 -0.694700
vn 0.920300 0.356200 0.162000
vn 0.986300 -0.023400 0.163400
vn 0.335900 -0.841700 0.422700
vn 0.291400 -0.748000 -0.596300
vn -0.014200 -0.807200 -0.590200
vn -0.000100 -0.901200 0.433300
vn 0.612700 -0.659200 0.436000
vn -0.786000 0.321800 0.527900
vn 0.796600 -0.350300 0.492800
vn -0.900100 -0.001900 0.435700
vn -0.766000 -0.010600 -0.642700
vn -0.819400 -0.406100 0.404500
vn 0.522600 0.503600 0.687900
vn 0.674900 0.679600 -0.287600
vn -0.217000 -0.803900 -0.553800
vn -0.411800 -0.809400 0.418800
vn -0.687900 -0.212200 -0.694100
vn 0.553300 0.546100 -0.629000
vn 0.315300 0.701500 -0.639100
vn 0.018000 0.802900 -0.595900
vn 0.258300 -0.652900 -0.712000
vn 0.509600 -0.529100 -0.678400
vn -0.671800 0.282600 -0.684700
vn 0.917900 -0.395900 0.026400
vn 0.638700 -0.273700 -0.719100
vn -0.698600 -0.008700 -0.715500
vn 0.012000 0.875400 0.483300
vn 0.033600 0.859400 -0.510200
vn 0.303500 0.748000 -0.590300
vn 0.362600 0.825600 0.432400
vn -0.346900 0.852700 -0.390500
vn -0.639100 -0.633400 0.436300
vn 0.080700 0.171500 0.981900
vn -0.128900 -0.971500 0.198800
vn 0.794300 -0.097300 0.599700
vn 0.751600 0.187400 -0.632500
vn -0.163400 -0.961700 0.220300
vn -0.436800 -0.664900 -0.605800
vn -0.992500 0.095100 0.076500
vn 0.242300 -0.924400 -0.294700
vn 0.262900 -0.257700 -0.929800
vn -0.376200 0.926200 -0.026100
vn 0.810700 0.203300 -0.549000
vn 0.307900 -0.128300 -0.942700
vn 0.083100 -0.060000 -0.994700
vn 0.212900 -0.975100 -0.062200
vn 0.726900 0.538200 0.426600
vn 0.715900 0.279300 0.639900
vn -0.933300 -0.249900 -0.257700
vn -0.465800 0.868400 -0.169700
vn -0.618200 0.011000 0.786000
vn 0.375800 -0.716500 -0.587700
vn 0.380100 0.908700 -0.172500
vn 0.539300 0.672700 0.506600
vn -0.995600 0.007800 0.093500
vn -0.377000 0.080500 -0.922700
vn 0.922800 0.002300 0.385300
vn 0.130900 -0.896000 0.424300
vn 0.429500 0.838100 -0.336300
vn -0.679900 0.158500 -0.716000
vn 0.198700 -0.980000 -0.007400
vn 0.036500 -0.058500 -0.997600
vn -0.714000 -0.121400 0.689500
vn -0.371600 0.578100 -0.726400
vn 0.692900 0.720900 -0.017100
vn -0.004000 -0.354100 -0.935200
vn -0.678700 -0.657800 -0.326700
vn -0.365200 -0.927300 -0.082200
vn -0.912000 0.408800 -0.031800
vn -0.703900 -0.072900 -0.706600
vn 0.560500 -0.393800 -0.728500
vn 0.319000 -0.483800 -0.815000
vn 0.395200 -0.162300 0.904200
vn -0.085900 -0.236300 0.967900
vn 0.572400 -0.634900 -0.518900
vn -0.038700 0.011000 -0.999200
vn 0.272300 0.958700 -0.082600
vn -0.244300 0.947300 0.207000
vn 0.162000 -0.254300 -0.953500
vn 0.784200 -0.213700 -0.582500
vn -0.713900 0.564700 0.414000
vn -0.005900 -0.026200 -0.999600
vn 0.620300 -0.615900 0.485700
vn 0.522600 -0.218700 0.824000
vn 0.632300 0.116400 -0.766000
vn -0.999600 -0.006400 0.027000
vn 0.808100 0.096000 -0.581100
vn 0.398800 0.004100 -0.917000
vn 0.942500 -0.008500 -0.334100
vn -0.004600 -0.376200 -0.926500
vn 0.462100 -0.612700 -0.641200
vn -0.805200 -0.218300 -0.551300
vn 0.000600 -0.035200 0.999400
vn 0.981100 0.192100 0.021000
vn 0.715100 -0.314300 0.624400
vn -0.230200 0.134600 -0.963800
vn -0.664000 0.357900 -0.656500
vn -0.555100 -0.097000 -0.826100
vn -0.031900 -0.042900 -0.998600
vn -0.122400 0.961500 0.246100
vn 0.822700 -0.568400 -0.008700
vn 0.000600 -0.997100 -0.076300
vn 0.825900 -0.117300 -0.551400
vn 0.556300 0.830900 -0.000800
vn 0.611500 -0.458800 -0.644700
vn -0.132300 0.833800 -0.536000
vn -0.169000 -0.187300 -0.967700
vn 0.550900 0.741200 -0.383600
vn -0.034500 0.012600 -0.999300
vn 0.313800 0.445000 -0.838800
vn 0.864700 0.215100 0.453900
vn -0.279100 0.274800 0.920100
vn -0.468600 -0.319600 0.823600
vn 0.710500 -0.702600 -0.038900
vn -0.375400 0.905400 -0.198100
vn -0.730800 0.449900 0.513300
vn -0.142900 -0.549800 -0.823000
vn 0.979000 0.190300 -0.072700
vn -0.458500 0.777800 -0.429900
vn -0.038500 -0.377200 -0.925300
vn 0.092900 0.213900 -0.972400
vn -0.140900 -0.145000 0.979300
vn 0.870400 0.126600 0.475800
vn 0.626900 -0.190900 -0.755400
vn -0.917200 0.275500 0.287700
vn -0.674000 -0.428100 -0.602100
vn 0.249400 0.912500 0.324200
vn -0.266200 0.906300 0.328300
vn -0.674200 0.601100 -0.429100
vn 0.201700 0.544200 -0.814300
vn 0.011800 0.474100 0.880400
vn -0.251700 0.255900 -0.933300
vn -0.003100 0.451300 -0.892400
vn -0.786300 0.218400 0.578000
vn -0.745600 0.593700 0.302700
vn -0.397000 -0.008500 -0.917800
vn 0.593700 0.743100 0.308800
vn -0.341000 -0.517700 0.784600
vn 0.699500 0.404100 -0.589500
vn -0.064800 0.795700 -0.602200
vn -0.099500 -0.802800 -0.587900
vn 0.883100 -0.231000 -0.408500
vn -0.006200 -0.019000 -0.999800
vn -0.581700 -0.558100 0.591700
vn -0.004500 -0.009800 -0.999900
vn 0.564100 0.631600 -0.531800
vn -0.163300 -0.981700 0.097500
vn 0.610600 0.408300 0.678600
vn 0.297500 0.717400 0.629900
vn 0.647700 -0.758500 -0.072200
vn 0.169100 0.445200 -0.879300
vn -0.460400 0.824500 -0.329000
vn 0.962500 -0.131000 0.237600
vn -0.547600 0.600900 -0.582300
vn 0.183100 -0.168900 0.968500
vn -0.611500 0.398000 0.683900
vn -0.411700 0.416500 0.810600
vn 0.654900 -0.504800 -0.562400
vn 0.547900 0.219900 0.807200
vn -0.404900 -0.741500 -0.535000
vn -0.919700 -0.342600 -0.191700
vn -0.993600 -0.010900 -0.112500
vn -0.463400 0.826300 -0.320000
vn -0.001900 -1.000000 0.002100
vn 0.204100 -0.353300 -0.913000
vn -0.118500 -0.836400 -0.535100
vn 0.885500 0.230300 -0.403500
vn -0.489800 -0.742700 0.456600
vn -0.545000 -0.633200 0.549600
vn -0.072900 -0.021400 -0.997100
vn -0.441900 -0.439600 0.781900
vn 0.857900 -0.216100 0.466100
vn 0.164600 0.268600 -0.949100
vn 0.369200 0.171900 0.913300
vn 0.613700 -0.292200 0.733500
vn 0.934900 0.162100 -0.315700
vn 1.000000 -0.003600 -0.000200
vn -0.642500 0.138700 -0.753600
vn -0.499300 -0.432100 -0.751000
vn 0.594000 0.743200 -0.308000
vn 0.542000 0.343900 -0.766800
vn -0.572300 0.819700 -0.023800
vn 0.697800 -0.704100 0.131400
vn -0.137000 0.144400 0.980000
vn 0.197600 -0.059100 0.978500
vn 0.265400 0.253000 0.930400
vn -0.357200 0.131400 -0.924700
vn 0.522400 -0.738500 0.426300
vn -0.251900 0.904800 -0.343300
vn -0.162900 0.253900 -0.953400
vn 0.376800 -0.884500 -0.275000
vn -0.353900 0.340500 -0.871100
vn 0.062900 -0.806100 -0.588400
vn 0.194800 -0.177900 -0.964600
vn 0.179400 -0.741300 -0.646700
vn -0.623000 -0.399600 0.672500
vn 0.003400 -0.355300 -0.934700
vn -0.695700 0.713600 -0.082700
vn 0.474700 0.722500 0.502600
vn -0.298400 -0.306500 0.903900
vn -0.018500 0.001600 0.999800
vn -0.143200 -0.305200 -0.941500
vn 0.067200 -0.284800 -0.956200
vn -0.013100 0.555700 0.831300
vn 0.707400 -0.703100 -0.072900
vn 0.154300 0.965700 0.208800
vn -0.926000 -0.149000 0.346900
vn 0.284500 -0.627100 -0.725100
vn -0.676700 -0.735700 -0.027400
vn -0.473800 0.207300 0.855900
vn -0.308300 -0.000700 -0.951300
vn -0.331200 0.824600 -0.458700
vn 0.132500 -0.642900 -0.754400
vn 0.157200 -0.964200 0.213600
vn -0.654500 0.177700 -0.734900
vn 0.563900 0.551200 0.615000
vn 0.326900 0.943300 -0.057900
vn -0.002300 0.365300 -0.930900
vn -0.797600 0.595200 -0.098100
vn -0.000600 0.981900 -0.189300
vn 0.127800 0.844100 -0.520800
vn 0.624900 0.779100 -0.049200
vn -0.650100 -0.371700 -0.662800
vn -0.485400 -0.581300 -0.653000
vn -0.672800 0.020500 -0.739500
vn 0.063000 -0.592700 -0.802900
vn -0.686800 0.726200 -0.031700
vn -0.004300 -0.889900 0.456100
vn -0.010700 -0.950000 0.312000
vn -0.016200 0.062300 -0.997900
vn -0.709800 0.135100 -0.691300
vn -0.261100 0.223500 -0.939100
vn 0.301900 0.308800 -0.902000
vn 0.141900 0.119900 0.982600
vn 0.200600 -0.683200 -0.702200
vn -0.644000 0.001800 -0.765000
vn 0.915800 -0.401600 -0.005800
vn -0.182700 0.068400 0.980800
vn -0.857500 -0.473000 0.202200
vn 0.434900 0.000200 -0.900500
vn -0.211700 0.886600 -0.411200
vn -0.529800 0.529500 0.662600
vn -0.660100 -0.320000 -0.679600
vn 0.108300 -0.536300 -0.837000
vn -0.094900 0.222800 -0.970200
vn 0.364900 -0.541800 -0.757200
vn 0.991100 0.006300 0.133200
vn -0.034300 -0.038600 -0.998700
vn -0.485600 -0.629800 0.606300
vn -0.143700 0.550600 -0.822300
vn -0.712100 -0.702000 -0.011400
vn -0.719300 -0.508800 0.473000
vn 0.272100 0.940200 0.204700
vn -0.306500 0.944700 -0.116300
vn -0.924500 -0.364400 -0.111500
vn -0.098600 -0.785700 0.610700
vn -0.313200 -0.606700 -0.730600
vn -0.371000 0.115700 -0.921400
vn -0.219500 -0.876200 0.429000
vn 0.423800 -0.438900 0.792300
vn 0.629000 0.456800 0.629000
vn 0.763200 -0.506300 0.401600
vn -0.458500 0.413700 -0.786500
vn -0.842800 0.170000 0.510700
vn 0.951700 -0.298200 0.073200
vn -0.235800 -0.232600 -0.943500
vn -0.801800 -0.108000 0.587800
vn -0.061300 -0.720100 -0.691100
vn 0.381800 -0.906000 -0.182800
vn -0.221600 0.097900 -0.970200
vn -0.691600 -0.207800 -0.691700
vn -0.250200 0.007100 -0.968200
vn -0.068600 -0.185000 0.980300
vn 0.378600 -0.633600 -0.674700
vn -0.148300 -0.642000 -0.752300
vn 0.011600 -0.249900 0.968200
vn -0.160700 -0.251200 -0.954500
vn -0.032000 -0.037400 0.998800
vn -0.004100 0.064000 -0.997900
vn -0.556100 -0.002500 -0.831100
vn -0.119000 -0.754800 -0.645000
vn 0.817000 -0.472500 0.330600
vn 0.257800 0.538200 0.802400
vn 0.011700 -0.568100 0.822900
vn 0.661000 0.396600 0.637000
vn 0.684700 -0.223700 -0.693700
vn -0.287300 0.609600 -0.738800
vn -0.164500 0.389900 0.906100
vn 0.142300 -0.560800 -0.815700
vn -0.401000 -0.395600 0.826300
vn -0.118000 -0.728500 0.674800
vn -0.356100 0.373100 0.856700
vn 0.947800 0.310400 0.073300
vn 0.768800 0.456500 0.447800
vn 0.642400 0.384200 -0.663100
vn -0.301100 0.051600 -0.952200
vn -0.855400 -0.179000 -0.486100
vn 0.981500 -0.191200 0.000500
vn 0.677000 -0.031400 -0.735300
vn 0.755800 0.587500 -0.289100
vn 0.775500 -0.588200 0.229500
vn 0.443900 0.000300 -0.896100
vn -0.166900 0.862800 0.477200
vn 0.012300 0.463000 -0.886300
vn -0.912900 0.408000 0.013800
vn -0.132500 0.779700 -0.611900
vn 0.167700 -0.852800 0.494500
vn -0.212800 -0.976900 0.020200
vn 0.016600 0.195500 0.980600
vn 0.712900 -0.565500 0.414800
vn -0.294300 -0.288900 -0.911000
vn -0.010000 0.999700 -0.021400
vn 0.896400 0.164100 0.411700
vn 0.611800 0.592700 0.523800
vn 0.089500 0.235200 0.967800
vn -0.854800 -0.492300 -0.164400
vn 0.011600 0.032000 0.999400
vn 0.129300 -0.363800 -0.922500
vn -0.715500 -0.687000 0.127200
vn 0.518300 -0.783200 -0.343400
vn -0.907300 -0.283700 0.310400
vn -0.821300 0.187600 0.538800
vn -0.066300 0.186900 0.980100
vn -0.925400 -0.378300 -0.023400
vn 0.381900 0.757600 -0.529400
vn -0.434800 0.633000 -0.640500
vn -0.011500 -0.032900 -0.999400
vn 0.736000 -0.157100 -0.658500
vn 0.017400 -0.065100 -0.997700
vn 0.311000 -0.141800 -0.939800
vn 0.751700 -0.544700 0.371900
vn -0.985400 -0.161600 -0.052900
vn -0.716600 -0.504100 0.482100
vn -0.546100 0.371100 -0.751100
vn -0.791000 0.061700 -0.608600
vn -0.318100 0.134200 -0.938500
vn -0.414000 -0.591500 0.691900
vn -0.116600 -0.927100 0.356300
vn 0.275000 0.259400 -0.925800
vn -0.303500 0.453800 -0.837800
vn 0.381900 -0.921100 -0.076100
vn 0.801500 0.516500 0.301400
vn 0.592400 0.504600 -0.628000
vn 0.433800 0.600400 -0.671800
vn 0.791300 -0.020200 0.611200
vn -0.678600 0.532400 -0.506000
vn 0.227000 0.535600 0.813400
vn 0.181800 0.386700 -0.904100
vn -0.144400 0.262000 -0.954200
vn -0.107800 0.539900 -0.834800
vn -0.045900 -0.405900 -0.912800
vn -0.099500 0.968000 0.230400
vn -0.730900 0.663900 0.158300
vn -0.546400 0.012300 0.837500
vn -0.868400 0.445800 0.217200
vn 0.687800 -0.725900 0.008400
vn -0.718400 0.493900 0.489900
vn -0.893900 0.249400 -0.372500
vn -0.560400 -0.826000 -0.060400
vn -0.287400 -0.166200 0.943300
vn -0.381100 0.924400 -0.011900
vn -0.001000 -0.364700 -0.931100
vn 0.156400 0.096000 -0.983000
vn 0.514500 0.235600 0.824500
vn 0.295500 -0.953500 -0.059900
vn 0.565800 0.000400 0.824500
vn 0.138400 -0.333300 -0.932600
vn -0.217300 0.537800 0.814600
vn -0.232400 -0.774600 -0.588300
vn 0.565200 -0.819300 0.096400
vn -0.384100 -0.923300 -0.003100
vn 0.924600 -0.377000 -0.054900
vn -0.003500 -0.887900 -0.460000
vn -0.418000 -0.854500 -0.308300
vn 0.559300 0.826800 -0.060300
vn -0.731700 -0.536300 0.420600
vn -0.701900 -0.708300 -0.074700
vn 0.032100 0.010500 0.999400
vn 0.381300 0.148700 -0.912400
vn 0.100600 0.646400 -0.756400
vn 0.720500 0.286800 0.631300
vn 0.403700 -0.167800 -0.899400
vn 0.531000 0.513400 -0.674100
vn 0.567500 0.797100 0.206500
vn 0.072900 0.012200 -0.997300
vn 0.728400 0.572600 -0.376300
vn 0.998500 0.004500 -0.054300
vn 0.016700 0.999900 0.004200
vn -0.393300 -0.919400 0.002900
vn 0.907700 -0.199200 0.369300
vn -0.452400 0.305600 -0.837800
vn -0.965300 0.260500 0.016000
vn 0.150000 -0.987300 0.052100
vn -0.369800 -0.916800 -0.150900
vn -0.005600 0.999400 -0.035400
vn -0.921600 0.388200 -0.001700
vn 0.429900 0.012400 0.902800
vn -0.457700 -0.066600 -0.886600
vn -0.487100 -0.873400 0.003500
vn 0.509200 -0.243500 0.825500
vn -0.333800 -0.266200 0.904300
vn -0.148100 0.748300 0.646600
vn 0.547200 -0.574600 0.608600
vn -0.157000 0.393700 -0.905700
vn -0.920400 -0.390900 0.002200
vn 0.942600 -0.332700 0.028300
vn -0.013600 0.034500 0.999300
vn 0.178000 -0.087600 0.980100
vn -0.004000 -0.015100 -0.999900
vn 0.027100 0.024100 -0.999300
vn 0.304900 -0.692000 0.654400
vn 0.028800 -0.003100 -0.999600
vn 0.752500 0.497400 0.431700
vn -0.146800 -0.137300 0.979600
vn 0.170800 0.979600 0.106200
vn 0.454000 -0.264300 -0.850900
vn 0.980500 0.126600 0.150100
vn 0.375900 0.756800 -0.534700
vn 0.139000 0.334500 -0.932100
vn 0.138200 -0.988300 0.064900
vn -0.382900 -0.720300 -0.578400
vn -0.136900 0.338000 -0.931200
vn -0.470400 -0.651900 -0.594700
vn 0.499900 -0.145700 -0.853800
vn -0.292100 -0.956000 -0.026300
vn 0.389400 0.382200 0.838000
vn 0.386900 0.912700 -0.131700
vn 0.931800 -0.244800 -0.268000
vn -0.526200 -0.329600 0.783900
vn -0.003400 0.887400 -0.461100
vn 0.219700 0.785100 0.579100
vn 0.406100 0.913700 -0.012500
vn 0.166800 -0.402800 -0.900000
vn 0.000700 -0.436600 -0.899600
vn -0.031000 0.999300 -0.019100
vn 0.684100 0.651400 -0.328200
vn -0.318400 -0.840600 -0.438200
vn -0.852300 -0.144300 0.502800
vn -0.247000 -0.247900 -0.936800
vn -0.539000 0.658500 0.525300
vn -0.181900 0.982100 -0.050000
vn -0.701400 0.712200 -0.028200
vn -0.505200 0.209800 0.837100
vn -0.797400 -0.602700 -0.029200
vn -0.350000 -0.022700 -0.936500
vn 0.166400 0.155900 -0.973700
vn -0.824100 0.565300 -0.035900
vn 0.571200 -0.731700 0.372000
vn -0.022100 0.029600 0.999300
vn 0.347700 -0.132100 -0.928200
vn 0.825000 -0.561500 -0.063500
vn -0.834600 -0.550100 0.029700
vn 0.901600 -0.160400 0.401700
vn -0.129500 0.850600 0.509600
vn 0.233500 0.867600 0.439100
vn 0.210800 0.977500 0.001600
vn -0.506400 -0.799300 -0.323500
vn 0.233800 -0.061100 0.970400
vn -0.367200 0.548700 -0.751100
vn 0.020300 0.020600 0.999600
vn -0.669700 -0.491100 -0.557100
vn -0.394600 -0.577600 0.714600
vn 0.307500 0.296900 -0.904100
vn -0.770000 -0.079800 -0.633100
vn 0.406600 0.876600 -0.257500
vn -0.227600 -0.014700 0.973600
vn -0.600200 -0.748800 0.281100
vn -0.177200 -0.856900 0.484100
vn 0.471800 -0.389400 -0.791100
vn 0.496700 -0.637400 -0.589000
vn 0.861300 0.479100 0.169100
vn -0.195900 0.980600 0.004600
vn 0.132100 0.129000 0.982800
vn 0.623600 -0.336600 -0.705600
vn 0.289500 -0.288400 0.912700
vn -0.250900 -0.337200 0.907400
vn -0.621500 -0.388100 0.680600
vn 0.121300 0.554900 -0.823000
vn -0.105000 0.231400 0.967200
vn -0.735700 -0.397600 -0.548300
vn 0.131600 -0.146200 0.980500
vn -0.436700 0.899500 -0.008900
vn 0.935500 0.352000 -0.030600
vn -0.563200 -0.825800 0.028900
vn -0.009900 -0.999900 0.008300
vn -0.160600 -0.276600 0.947500
vn -0.609200 0.263400 0.748000
vn 0.000500 0.036700 0.999300
vn -0.380500 -0.002800 -0.924800
vn 0.255300 0.778200 -0.573800
vn -0.956800 0.009000 -0.290500
vn 0.082800 -0.211300 -0.973900
vn 0.933300 -0.357800 0.031100
vn -0.925700 0.009300 0.378100
vn -0.360700 -0.922400 -0.138500
vn 0.230800 0.100400 0.967800
vn -0.706400 -0.422500 0.567800
vn 0.488200 0.395600 -0.777900
vn -0.631500 0.584200 0.509700
vn -0.162400 0.611300 -0.774500
vn 0.201300 0.064500 0.977400
vn -0.147400 0.398200 0.905400
vn 0.650700 0.647900 -0.395900
vn -0.396900 0.910500 -0.115600
vn -0.712500 0.299300 0.634700
vn 0.151900 0.709900 0.687800
vn -0.102700 -0.528200 -0.842900
vn -0.383300 -0.175300 -0.906800
vn -0.945900 -0.143600 0.291100
vn -0.522200 0.826700 0.209400
vn 0.706300 0.697900 0.118900
vn -0.026800 -0.020100 -0.999400
vn -0.366100 0.693100 -0.620900
vn 0.005700 -0.768600 0.639700
vn 0.359600 0.526000 -0.770800
vn -0.982300 0.017000 -0.186800
vn 0.025100 -0.024700 0.999400
vn -0.736400 -0.300100 0.606400
vn 0.101900 0.793000 -0.600600
vn 0.355900 -0.380800 -0.853400
vn 0.336200 0.144200 -0.930700
vn -0.019900 -0.043300 0.998900
vn 0.893700 0.367800 -0.257000
vn -0.183700 -0.068700 0.980600
vn 0.730000 -0.542900 0.415100
vn -0.828400 -0.468300 0.307400
vn 0.005900 -0.235200 -0.971900
vn 0.177800 0.859400 0.479400
vn 0.083700 0.235800 0.968200
vn 0.309100 -0.848000 -0.430700
vn 0.238500 0.057400 0.969500
vn -0.714700 -0.699400 -0.000600
vn -0.023600 0.019200 0.999500
vn -0.924200 0.372100 -0.086000
vn 0.500600 -0.675700 0.541100
vn -0.711000 0.148100 0.687400
vn -0.983500 -0.176900 0.037600
vn -0.545600 0.119100 -0.829500
vn 0.247800 -0.943100 0.221900
vn -0.065300 0.583400 -0.809600
vn 0.155300 -0.717600 0.678900
vn 0.504400 0.810200 0.298600
vn 0.475100 0.735500 0.482900
vn 0.183200 0.387600 0.903400
vn 0.171200 0.737600 -0.653100
vn 0.239100 -0.005500 -0.971000
vn -0.373300 0.536100 -0.757100
vn -0.111800 0.817000 0.565800
vn -0.867500 0.496300 -0.032300
vn 0.398300 0.165500 -0.902200
vn 0.032400 -0.013700 0.999400
vn -0.536000 -0.370700 -0.758500
vn 0.693000 -0.386900 0.608400
vn 0.307900 -0.308300 -0.900100
vn 0.066200 0.577000 -0.814000
vn -0.474200 0.416900 -0.775400
vn 0.755100 0.574400 0.316200
vn -0.575000 -0.611900 -0.543100
vn 0.731400 -0.480000 0.484400
vn 0.375300 0.680700 -0.629100
vn 0.011100 -0.056500 -0.998300
vn -0.416400 0.848700 0.326000
vn 0.107100 0.538700 -0.835700
vn -0.165000 0.165600 -0.972300
vn -0.034900 0.997200 -0.065900
vn -0.991600 -0.118500 0.051400
vn -0.032000 -0.005000 -0.999500
vn 0.824900 0.565100 0.012900
vn 0.126500 -0.841300 -0.525600
vn 0.785600 0.118600 0.607300
vn -0.461600 0.870300 -0.171900
vn 0.401400 -0.018900 -0.915700
vn -0.003900 -0.620000 0.784600
vn -0.533900 -0.522100 0.665100
vn -0.014300 -0.161400 -0.986800
vn -0.541000 -0.725700 0.425100
vn -0.708700 0.387700 0.589400
vn 0.232400 -0.093100 -0.968200
vn 0.423000 0.615800 0.664700
vn 0.638700 -0.497700 -0.586900
vn -0.039200 -0.027600 0.998800
vn -0.016000 -0.999500 -0.026300
vn 0.530300 -0.470100 0.705500
vn 0.462700 -0.821500 -0.333200
vn -0.630200 -0.384500 0.674600
vn 0.207500 -0.763200 0.612000
vn 0.000600 -0.416200 0.909300
vn -0.056100 -0.450200 -0.891200
vn -0.748300 -0.498700 0.437500
vn 0.443100 -0.583700 0.680400
vn -0.689700 0.693200 -0.209400
vn 0.239100 0.908400 -0.343100
vn -0.018800 0.949800 0.312200
vn 0.346600 -0.935800 -0.064700
vn 0.052000 -0.010600 -0.998600
vn 0.256800 0.252000 -0.933000
vn 0.250300 -0.898100 0.361500
vn 0.830000 -0.492800 -0.261300
vn 0.009000 0.588000 0.808800
vn 0.435000 0.272800 -0.858100
vn 0.509800 0.008300 0.860200
vn 0.936600 0.271400 0.221700
vn -0.022900 0.042100 -0.998900
vn 0.900600 0.157100 0.405300
vn -0.882300 0.124000 0.454000
vn 0.771300 0.594800 0.226700
vn -0.898000 0.380800 -0.220600
vn 0.473600 -0.558900 -0.680700
vn 0.208000 0.089100 -0.974100
vn 0.534900 -0.678700 0.503300
vn -0.864200 -0.502600 -0.021400
vn 0.925100 0.379300 0.019900
vn 0.473800 -0.209100 -0.855400
vn -0.641100 0.390100 -0.660900
vn -0.607000 0.277000 0.744900
vn -0.000300 0.236700 -0.971600
vn -0.719100 0.055200 -0.692700
vn -0.160000 0.123800 -0.979300
vn -0.128300 -0.945800 -0.298500
vn 0.017600 -0.033000 -0.999300
vn 0.927500 -0.002900 -0.373800
vn 0.586100 -0.758500 -0.285000
vn -0.301500 0.698600 0.648800
vn -0.337600 -0.015100 -0.941200
vn -0.287700 0.954400 -0.079500
vn -0.218100 0.108300 0.969900
vn 0.726900 -0.151500 -0.669900
vn -0.502600 -0.355100 -0.788200
vn -0.327500 -0.201400 -0.923100
vn 0.130800 0.804300 -0.579700
vn -0.462200 0.631300 0.622800
vn -0.018700 0.763600 0.645400
vn -0.180000 0.084400 0.980000
vn -0.859500 0.488000 0.152300
vn 0.254400 -0.265300 -0.930000
vn 0.482500 -0.620700 0.618000
vn -0.004300 -0.980300 -0.197600
vn -0.810000 0.494600 0.315000
vn 0.233100 -0.504200 0.831500
vn 0.489500 -0.840600 0.231800
vn 0.170700 -0.181900 0.968400
vn 0.692600 0.050400 -0.719500
vn -0.421200 0.698700 0.578300
vn -0.687000 0.726100 0.026200
vn 0.556700 -0.830500 -0.017700
vn -0.694000 -0.610500 -0.381800
vn -0.265700 -0.961100 0.074800
vn -0.266200 -0.246800 -0.931800
vn 0.798200 -0.356700 -0.485300
vn -0.943400 -0.328800 0.043800
vn -0.345400 -0.480200 -0.806300
vn -0.059700 -0.602600 -0.795800
vn 0.419800 0.686400 0.593800
vn 0.294900 0.285300 0.911900
vn 0.368800 -0.928200 0.050000
vn 0.067600 -0.185000 0.980400
vn -0.140600 0.967100 0.211800
vn -0.010800 -0.651100 -0.758900
vn -0.146700 0.366500 -0.918800
vn -0.186500 0.735500 -0.651400
vn 0.382400 -0.407000 0.829500
vn 0.119700 -0.312200 -0.942400
vn 0.143000 0.338500 -0.930000
vn 0.236300 -0.594400 0.768600
vn 0.214700 -0.778700 -0.589500
vn 0.701600 0.710500 -0.055000
vn 0.707200 -0.706900 0.008200
vn 0.513100 0.119200 -0.850000
vn -0.110500 -0.622100 -0.775100
vn -0.578800 -0.800900 -0.153500
vn 0.920700 0.389900 -0.018800
vn -0.776900 0.007300 0.629600
vn 0.387700 -0.921800 0.006200
vn 0.345100 0.136300 -0.928600
vn -0.332800 -0.519800 0.786800
vn -0.406700 0.617700 0.673100
vn 0.603200 0.366700 0.708300
vn -0.883700 -0.211700 0.417600
vn -0.424500 0.167900 0.889700
vn -0.014500 -0.998100 -0.059100
vn 0.735000 0.114700 0.668300
vn 0.365200 0.930900 -0.010400
vn 0.714600 0.699500 -0.004900
vn 0.072100 0.965300 0.250900
vn -0.431900 -0.004700 0.901900
vn 0.878200 -0.302500 0.370600
vn 0.039900 -0.000600 0.999200
vn 0.022700 0.884300 0.466400
vn 0.759300 0.061700 -0.647900
vn 0.676400 -0.099600 0.729800
vn -0.743200 0.566500 -0.355900
vn 0.660800 -0.615300 -0.429800
vn -0.645400 -0.138700 -0.751100
vn -0.489100 0.736600 0.467200
vn 0.159600 -0.382700 0.910000
vn -0.014700 0.253400 0.967300
vn 0.320400 0.828900 -0.458600
vn -0.147000 0.337500 -0.929800
vn -0.014600 0.651200 -0.758700
vn -0.619200 -0.784200 -0.041100
vn 0.272500 0.633600 -0.724100
vn 0.872700 -0.485500 0.050600
vn -0.437300 -0.839300 -0.323200
vn 0.014100 -0.032300 0.999400
vn -0.214000 0.123100 0.969000
vn -0.969900 0.129800 0.205900
vn 0.624700 -0.398500 0.671500
vn -0.917300 0.327900 -0.225800
vn 0.031600 0.326400 -0.944700
vn -0.342700 -0.501500 0.794400
vn -0.488300 0.735500 0.469800
vn -0.406300 0.617100 0.673800
vn -0.498600 0.689700 0.525000
vn -0.366800 0.710100 0.601000
vn -0.540600 0.782000 0.310200
vn -0.521300 0.620700 -0.585600
vn -0.596300 0.758300 0.263500
vn -0.575300 0.785000 -0.229800
vn 0.083800 -0.178200 0.980400
vn -0.165200 0.186500 0.968500
vn -0.367800 0.549500 -0.750200
vn -0.306700 0.458600 -0.834000
vn -0.374700 0.662900 -0.648200
vn 0.350100 -0.601500 -0.718000
vn 0.102600 -0.415300 -0.903900
vn -0.565800 0.758300 -0.323800
vn -0.566600 0.665300 -0.486100
vn -0.413400 0.424100 -0.805700
vn 0.020400 -0.035400 -0.999200
vn -0.237100 0.322000 0.916600
vn -0.210600 0.093400 -0.973100
vn -0.610200 0.791900 -0.023700
vn -0.260800 0.425200 0.866700
vn -0.594400 0.798300 -0.096700
vn -0.589600 0.807600 0.013700
vn -0.199100 0.309600 -0.929800
vn -0.044300 0.011600 0.999000
vn -0.324200 0.493600 0.807000
vn -0.543600 0.815000 -0.200800
vn -0.139800 0.203400 -0.969100
vn -0.419600 0.632400 0.651200
vn 0.182900 -0.353100 -0.917500
vn 0.577100 -0.814600 -0.058800
vn -0.325900 0.357600 -0.875200
vn -0.087400 0.239400 0.967000
vn -0.124700 0.750200 -0.649300
vn 0.012000 -0.196200 0.980500
vn 0.011100 -0.056800 -0.998300
vn -0.213800 0.790900 0.573400
vn -0.165500 0.623100 -0.764400
vn -0.191800 0.795400 0.574900
vn -0.144800 0.731700 0.666100
vn -0.207800 0.959700 0.189100
vn -0.107500 0.538800 -0.835600
vn -0.216900 0.731300 -0.646700
vn -0.167700 0.866100 0.471000
vn -0.052100 0.877900 -0.476000
vn -0.144100 0.917700 -0.370200
vn -0.229800 0.745600 -0.625500
vn -0.132800 0.933900 0.331900
vn -0.222100 0.952000 0.210500
vn -0.038500 0.027600 0.998900
vn -0.174700 0.405200 -0.897400
vn -0.255500 0.966800 -0.005500
vn -0.116000 0.452600 0.884100
vn -0.304500 0.946800 -0.103800
vn -0.088700 0.372900 -0.923600
vn -0.112400 0.433900 0.893900
vn -0.193100 0.962200 -0.192300
vn -0.047300 0.238700 -0.969900
vn -0.264900 0.963900 -0.028300
vn -0.174500 0.781000 0.599700
vn -0.075600 0.363500 -0.928500
vn -0.109700 0.581500 0.806200
vn 0.189200 0.939900 0.284300
vn -0.109700 -0.615600 -0.780400
vn 0.260900 0.799800 -0.540500
vn 0.126400 0.920200 -0.370500
vn 0.106900 0.538100 -0.836100
vn 0.105700 0.751000 -0.651800
vn 0.009700 0.253100 0.967400
vn 0.178500 0.862800 0.473000
vn 0.262400 0.737400 -0.622400
vn 0.154200 0.723100 0.673400
vn 0.116300 0.839300 -0.531000
vn 0.147700 0.872700 0.465400
vn 0.111100 0.813400 0.570900
vn 0.101900 0.655000 -0.748700
vn 0.071200 -0.423200 -0.903200
vn -0.013900 -0.198000 0.980100
vn 0.173400 0.955500 0.238600
vn 0.110800 0.937100 0.331000
vn -0.005200 -0.022500 -0.999700
vn 0.066800 0.464000 0.883300
vn 0.025200 0.459900 -0.887600
vn 0.103100 0.571500 0.814100
vn 0.159100 0.987300 0.000200
vn 0.174200 0.983200 -0.054800
vn 0.068600 0.362400 -0.929500
vn 0.120300 0.992600 -0.016900
vn 0.136900 0.752500 0.644200
vn 0.046500 0.234800 -0.970900
vn 0.192400 0.965500 -0.175200
vn 0.127100 0.577200 0.806600
vn -0.024100 0.039300 0.998900
vn 0.033600 0.458800 -0.887900
vn -0.064600 -0.297200 -0.952600
vn -0.154600 -0.986500 -0.054400
vn 0.496300 0.604600 0.623000
vn 0.416900 0.607100 0.676500
vn 0.514400 0.587400 -0.624800
vn 0.479200 0.741600 0.469400
vn 0.606000 0.754900 0.250800
vn 0.360400 0.527200 -0.769500
vn 0.465400 0.677400 -0.569600
vn 0.479900 0.854100 0.200500
vn 0.385600 0.644600 -0.660100
vn 0.560700 0.733900 -0.383400
vn 0.156600 0.192600 0.968700
vn 0.476000 0.612200 0.631300
vn 0.496400 0.805900 -0.322700
vn 0.476700 0.819600 0.317800
vn -0.090700 -0.180100 0.979400
vn 0.303400 0.430300 -0.850200
vn -0.032600 -0.043800 -0.998500
vn 0.205200 0.304100 -0.930300
vn 0.355200 0.428800 0.830600
vn 0.519400 0.854500 -0.010400
vn 0.174000 0.396800 -0.901300
vn 0.229600 0.360500 0.904100
vn 0.475200 0.873500 -0.106000
vn 0.215700 0.418700 -0.882100
vn 0.475200 0.879500 -0.026600
vn -0.016800 0.045900 0.998800
vn 0.540600 0.798900 -0.263600
vn 0.310000 0.472900 0.824800
vn 0.136800 0.189900 -0.972200
vn 0.448000 0.651100 0.612700
vn -0.386200 -0.105700 -0.916400
vn 0.838500 0.496700 0.224100
vn 0.443200 0.278000 -0.852200
vn 0.823900 0.455600 0.336900
vn -0.557400 -0.383200 -0.736600
vn -0.040600 -0.028900 -0.998800
vn 0.190700 0.157500 0.968900
vn 0.803900 0.563600 0.190100
vn -0.178600 -0.094200 0.979400
vn 0.767700 0.390200 -0.508300
vn 0.682400 0.357500 -0.637500
vn 0.826100 0.492900 -0.273100
vn 0.606200 0.434100 -0.666400
vn 0.770500 0.457400 0.443900
vn 0.599700 0.484400 0.637000
vn 0.733400 0.447600 0.511700
vn 0.537300 0.340900 -0.771400
vn 0.619300 0.414100 0.667100
vn 0.633500 0.502100 -0.588700
vn 0.307900 0.202900 -0.929500
vn 0.306400 0.298000 -0.904000
vn 0.335200 0.270200 0.902600
vn 0.314000 0.268100 0.910800
vn 0.793400 0.608700 0.006200
vn 0.786300 0.617700 -0.012700
vn 0.651000 0.427300 0.627400
vn 0.495000 0.310600 0.811500
vn 0.009100 0.036000 0.999300
vn -0.843800 -0.534200 -0.050900
vn -0.294100 -0.212300 -0.931900
vn 0.194400 0.121900 -0.973300
vn 0.804100 0.592900 -0.043800
vn 0.335500 0.274800 -0.901100
vn 0.820600 0.499000 -0.278600
vn 0.730600 0.220200 -0.646300
vn 0.712500 0.111400 0.692700
vn 0.514800 0.119600 -0.848900
vn 0.963300 0.152900 0.220500
vn 0.745900 0.222800 0.627700
vn 0.247300 -0.014600 0.968800
vn -0.198300 -0.011400 0.980100
vn 0.962000 0.223900 0.156500
vn 0.878800 0.300700 0.370400
vn 0.917900 0.281100 -0.280100
vn -0.076900 -0.022500 -0.996800
vn 0.857300 0.203500 0.472900
vn 0.847100 0.211000 0.487800
vn 0.782800 0.211000 -0.585400
vn 0.625600 0.115100 -0.771600
vn 0.831000 0.073600 -0.551400
vn 0.810100 0.128100 -0.572100
vn 0.968600 0.248200 0.013600
vn 0.554200 0.115200 0.824400
vn 0.419600 0.125900 -0.898900
vn 0.964900 0.261100 -0.029200
vn 0.395500 0.136900 0.908200
vn 0.026500 0.035600 0.999000
vn 0.372400 0.088800 -0.923800
vn 0.978500 0.205800 0.012700
vn 0.525200 0.111000 0.843700
vn 0.928900 0.221900 -0.296500
vn 0.233200 0.058500 -0.970700
vn 0.380800 0.144800 -0.913200
vn 0.784800 0.129100 0.606100
vn 0.693400 -0.102100 0.713300
vn 0.897000 -0.171100 0.407700
vn 0.246800 0.012000 0.969000
vn 0.942400 -0.126200 -0.309900
vn 0.476900 -0.139000 -0.867900
vn 0.865200 -0.189600 0.464300
vn 0.804200 -0.099000 -0.586000
vn 0.748000 -0.063800 -0.660600
vn 0.977200 -0.149200 0.150900
vn -0.196800 0.014900 0.980300
vn -0.646500 0.175500 -0.742500
vn 0.876500 -0.131300 0.463200
vn 0.941900 -0.249800 0.224600
vn 0.654300 -0.199200 -0.729500
vn 0.784900 -0.284100 -0.550600
vn 0.807700 -0.096300 -0.581600
vn -0.034100 0.009600 -0.999400
vn -0.408100 -0.035900 -0.912200
vn 0.771800 -0.205800 0.601600
vn 0.433300 -0.046000 0.900100
vn 0.042700 0.025100 0.998800
vn 0.570700 -0.098200 0.815200
vn 0.991700 -0.128800 -0.005600
vn 0.392200 -0.006400 -0.919900
vn 0.990700 -0.125100 -0.052900
vn 0.991600 -0.065300 0.111300
vn 0.547800 -0.097100 0.830900
vn 0.685800 -0.149200 0.712300
vn 0.851900 -0.219900 -0.475400
vn -0.347300 0.097100 -0.932700
vn 0.437600 -0.044900 -0.898100
vn -0.975000 0.218800 -0.039500
vn 0.238700 -0.071700 -0.968400
vn 0.374200 -0.077600 -0.924100
vn 0.804000 -0.588400 0.086300
vn -0.148300 0.131800 0.980100
vn 0.760100 -0.588200 -0.276000
vn 0.544400 -0.482200 0.686400
vn 0.706300 -0.400600 -0.583700
vn 0.690700 -0.563500 0.453200
vn 0.626200 -0.475600 0.617700
vn 0.533700 -0.493800 -0.686500
vn 0.517100 -0.301200 -0.801200
vn 0.831600 -0.426600 0.355700
vn 0.660700 -0.528700 0.532800
vn 0.844500 -0.489100 0.218200
vn 0.738100 -0.386600 -0.552900
vn 0.222800 -0.107300 0.968900
vn -0.043000 0.016500 -0.998900
vn 0.628200 -0.394000 -0.671000
vn 0.540400 -0.379600 -0.750900
vn 0.858900 -0.511700 0.020700
vn 0.291800 -0.191500 -0.937100
vn 0.601100 -0.483100 0.636600
vn 0.848000 -0.529900 -0.004000
vn 0.866900 -0.494900 -0.059700
vn 0.372700 -0.205200 0.905000
vn 0.388600 -0.210400 -0.897000
vn 0.044400 0.007700 0.999000
vn 0.332300 -0.122900 -0.935100
vn 0.424300 -0.372000 0.825600
vn 0.817700 -0.555600 -0.150700
vn 0.473500 -0.316200 0.822100
vn 0.246100 -0.127400 -0.960800
vn -0.248700 0.274200 -0.928900
vn 0.107600 -0.224500 0.968500
vn 0.588100 -0.773500 0.236300
vn 0.393100 -0.684900 0.613500
vn 0.486200 -0.825000 -0.288000
vn 0.323000 -0.640200 -0.697000
vn -0.012900 0.023700 -0.999600
vn 0.434800 -0.572300 0.695300
vn -0.387000 0.554500 -0.736700
vn 0.509300 -0.688900 0.515900
vn 0.398800 -0.702600 -0.589400
vn 0.458000 -0.810900 0.364300
vn 0.453500 -0.889900 0.049400
vn 0.370500 -0.550000 -0.748500
vn 0.446500 -0.789700 0.420800
vn -0.087100 0.178300 0.980100
vn 0.402500 -0.646200 -0.648400
vn 0.299900 -0.455100 -0.838400
vn 0.505500 -0.641500 -0.577000
vn 0.046100 -0.008200 0.998900
vn 0.261100 -0.322500 0.909800
vn 0.352600 -0.520000 0.778000
vn 0.607100 -0.791200 -0.073400
vn 0.599700 -0.800000 0.019300
vn 0.560700 -0.814700 -0.147800
vn 0.208500 -0.306300 -0.928800
vn 0.277900 -0.341700 -0.897800
vn 0.618700 -0.785600 0.008300
vn 0.258300 -0.258800 -0.930700
vn 0.344300 -0.443500 0.827500
vn -0.574700 0.817500 -0.036200
vn 0.118500 -0.198700 -0.972900
vn 0.446400 -0.623700 0.641600
vn -0.184800 0.303700 -0.934700
vn 0.099600 -0.801600 -0.589500
vn 0.113000 -0.925500 0.361500
vn 0.100200 -0.785000 0.611300
vn 0.154300 -0.712500 0.684500
vn 0.130500 -0.969400 0.207800
vn 0.264400 -0.963700 0.036500
vn -0.009600 0.198300 0.980100
vn 0.168200 -0.855300 0.490000
vn 0.085200 -0.234500 0.968400
vn 0.109900 -0.544300 -0.831600
vn 0.034200 -0.720400 -0.692800
vn -0.015500 0.059300 -0.998100
vn 0.132200 -0.641300 -0.755800
vn 0.115800 -0.755500 -0.644900
vn 0.208200 -0.779300 -0.591100
vn 0.219000 -0.881300 0.418700
vn 0.127700 -0.946100 -0.297700
vn 0.126000 -0.422400 -0.897600
vn 0.135100 -0.628600 0.765900
vn 0.241400 -0.969500 0.041400
vn 0.140700 -0.314300 -0.938800
vn 0.072700 -0.362700 -0.929100
vn 0.257000 -0.963500 -0.074900
vn 0.256300 -0.966600 0.001800
vn 0.038300 -0.025500 0.998900
vn 0.051200 -0.237600 -0.970000
vn 0.118500 -0.570600 0.812600
vn 0.190700 -0.967600 -0.165700
vn 0.116700 -0.403300 0.907600
vn 0.158000 -0.744200 0.649000
vn 0.020600 0.361400 -0.932200
vn -0.144300 -0.986300 0.079600
vn -0.004300 -0.155300 -0.987900
vn -0.242900 -0.924600 -0.293500
vn -0.105300 -0.541100 -0.834400
vn -0.178500 -0.862400 0.473700
vn -0.089700 -0.804800 -0.586700
vn -0.253700 -0.899900 0.354700
vn 0.072400 0.185600 0.980000
vn -0.118200 -0.729300 0.673900
vn -0.184100 -0.740900 -0.645800
vn -0.145400 -0.629400 -0.763400
vn -0.226500 -0.683700 -0.693700
vn -0.133400 -0.893900 0.428000
vn -0.204500 -0.764200 0.611700
vn -0.214900 -0.782300 -0.584700
vn 0.179000 0.372100 -0.910800
vn -0.012000 -0.249100 0.968400
vn -0.246900 -0.948400 0.199200
vn -0.044400 -0.440900 -0.896500
vn -0.133900 -0.991000 0.002800
vn 0.007700 -0.360600 -0.932700
vn -0.109000 -0.614200 0.781600
vn -0.130500 -0.988500 -0.075900
vn -0.133300 -0.991100 0.004300
vn -0.072800 -0.362900 -0.929000
vn 0.025400 -0.038300 0.998900
vn -0.042700 -0.236500 -0.970700
vn -0.198700 -0.964200 -0.175500
vn -0.045600 -0.418400 0.907100
vn -0.138300 -0.735500 0.663300
vn 0.107300 0.172600 -0.979100
vn 0.208000 0.976900 -0.048700
vn -0.102200 -0.586500 0.803500
vn -0.330800 -0.483900 0.810200
vn -0.499300 -0.861700 -0.089900
vn -0.470900 -0.858800 -0.201700
vn -0.344400 -0.478700 -0.807600
vn -0.471300 -0.780300 0.411200
vn -0.251600 -0.270700 0.929200
vn 0.062300 0.136500 0.988700
vn -0.497900 -0.840600 0.213300
vn -0.397000 -0.667500 -0.630000
vn -0.488700 -0.668000 -0.561200
vn -0.593800 -0.803800 0.037600
vn -0.420300 -0.600900 0.679900
vn 0.092100 0.198400 -0.975800
vn -0.404200 -0.704100 0.583900
vn -0.330400 -0.652900 -0.681600
vn -0.499500 -0.756700 0.421800
vn -0.524500 -0.656600 -0.542000
vn -0.445200 -0.678900 -0.583800
vn -0.332900 -0.520400 0.786400
vn -0.402500 -0.613400 0.679500
vn -0.125600 -0.332800 -0.934600
vn -0.521300 -0.853300 0.004400
vn -0.501000 -0.865400 -0.005300
vn -0.487800 -0.869300 -0.079400
vn -0.193700 -0.392500 -0.899100
vn -0.181900 -0.324400 -0.928300
vn -0.007600 -0.047300 0.998900
vn -0.549700 -0.794000 -0.259600
vn -0.147400 -0.207000 -0.967200
vn -0.203800 -0.364700 0.908600
vn 0.275900 0.237700 -0.931300
vn -0.481000 -0.339800 -0.808200
vn -0.791000 -0.611700 0.012600
vn -0.750200 -0.500000 0.432600
vn -0.624700 -0.501300 0.598700
vn -0.656200 -0.520800 -0.546100
vn -0.722800 -0.383400 -0.575000
vn -0.872100 -0.484000 -0.072000
vn 0.027200 0.024200 -0.999300
vn 0.487200 0.490900 -0.722300
vn -0.788600 -0.466700 0.400400
vn -0.275000 -0.254800 0.927100
vn -0.786600 -0.599100 -0.149000
vn -0.591900 -0.477100 -0.649600
vn -0.775900 -0.579500 0.249300
vn 0.145700 0.049300 0.988100
vn -0.641600 -0.450600 -0.620800
vn -0.609800 -0.392000 0.688800
vn -0.670400 -0.426100 -0.607400
vn -0.318000 -0.163300 -0.933900
vn -0.624100 -0.381100 0.682100
vn -0.008300 -0.064800 0.997900
vn -0.799800 -0.600100 -0.015400
vn -0.515300 -0.356500 0.779400
vn -0.793200 -0.603300 -0.083200
vn -0.327100 -0.276400 0.903700
vn -0.238300 -0.248200 -0.938900
vn -0.467400 -0.315400 0.825900
vn -0.800800 -0.550400 -0.236100
vn 0.811000 0.582000 -0.060000
vn 0.187900 0.241600 -0.952000
vn -0.342600 -0.251300 -0.905200
vn -0.220000 -0.149500 -0.964000
vn -0.794100 -0.607800 0.005400
vn -0.649600 -0.139500 -0.747400
vn -0.896100 -0.124700 0.425900
vn -0.968000 -0.240000 0.073900
vn -0.934900 -0.267600 0.233000
vn 0.203200 0.008000 0.979100
vn -0.226900 -0.079300 0.970700
vn -0.755700 -0.223900 -0.615400
vn -0.847200 -0.143400 0.511600
vn 0.072300 0.012100 -0.997300
vn -0.948000 -0.158500 0.275900
vn -0.710500 -0.153600 -0.686700
vn -0.768800 -0.216200 0.601900
vn -0.553400 -0.096700 -0.827300
vn -0.863700 -0.106900 -0.492600
vn -0.674800 -0.236600 -0.699000
vn -0.713400 -0.121300 0.690100
vn -0.943900 -0.129600 -0.303700
vn -0.961400 -0.251000 -0.112800
vn -0.613600 -0.130000 0.778800
vn -0.018700 -0.040900 0.999000
vn -0.964900 -0.259900 0.036900
vn -0.963800 -0.266400 -0.010700
vn -0.323000 -0.149700 -0.934500
vn -0.473300 -0.158500 -0.866500
vn -0.316500 -0.070500 -0.946000
vn -0.757100 -0.146500 0.636600
vn -0.550500 -0.083800 0.830600
vn -0.968800 -0.170300 -0.180300
vn -0.251700 -0.043300 -0.966800
vn -0.399100 -0.135600 0.906800
vn -0.964300 0.264800 0.001600
vn 0.705900 -0.144400 -0.693400
vn -0.230800 0.021200 0.972800
vn -0.695400 0.223500 -0.683000
vn -0.843000 0.198400 0.500000
vn 0.066300 -0.013900 -0.997700
vn -0.537800 0.117400 -0.834800
vn -0.711400 0.148200 0.687000
vn 0.371600 -0.011700 -0.928300
vn -0.925500 0.141800 -0.351100
vn -0.812900 0.217900 -0.540100
vn -0.846900 0.170900 0.503600
vn -0.707400 0.197600 -0.678600
vn 0.208000 -0.001600 0.978100
vn -0.641400 0.138400 -0.754600
vn -0.806200 0.102000 0.582800
vn -0.956900 0.137000 0.256000
vn -0.819900 0.067700 -0.568500
vn -0.961200 0.243200 0.130400
vn -0.438500 0.058600 0.896800
vn -0.991700 0.127200 0.020900
vn -0.989500 0.100100 -0.103800
vn -0.320700 0.070600 -0.944600
vn -0.480800 0.068400 -0.874200
vn -0.987800 0.151700 0.035900
vn -0.586400 0.120800 0.800900
vn -0.368200 -0.040800 -0.928900
vn -0.541100 0.106000 0.834200
vn -0.956300 0.202500 -0.211000
vn -0.764300 0.163300 0.623800
vn -0.026200 -0.019700 0.999500
vn -0.243200 0.055400 -0.968400
vn 0.447300 -0.078300 -0.891000
vn 0.973700 -0.218300 -0.065100
vn -0.168500 0.188900 0.967400
vn -0.793600 0.471100 -0.384900
vn -0.796800 0.554700 0.239800
vn -0.615400 0.453900 -0.644400
vn -0.637400 0.463500 0.615600
vn -0.544000 0.341600 -0.766400
vn 0.147200 -0.136200 0.979700
vn -0.448400 0.302900 -0.841000
vn -0.727300 0.499600 0.470500
vn -0.758800 0.406600 -0.508900
vn -0.549100 0.373100 -0.747800
vn -0.869200 0.486300 -0.089200
vn -0.617700 0.402100 0.675800
vn -0.831000 0.472500 0.293600
vn -0.694300 0.517100 0.500500
vn -0.605000 0.516200 -0.606300
vn 0.085200 -0.061500 -0.994500
vn -0.409000 0.136500 -0.902300
vn -0.857200 0.514900 -0.011700
vn -0.434200 0.288200 0.853500
vn -0.858800 0.506700 -0.074900
vn -0.403500 0.193700 0.894200
vn -0.038600 -0.003500 0.999200
vn -0.850900 0.524700 -0.025600
vn -0.483200 0.327400 0.812000
vn -0.810200 0.546300 -0.212200
vn -0.300900 0.197600 -0.933000
vn -0.190800 0.156200 -0.969100
vn -0.633500 0.419400 0.650200
vn -0.195900 0.135500 -0.971200
vn -0.214700 0.974200 -0.069500
vn -0.214200 0.974300 -0.069500
vn -0.088300 0.993600 -0.070600
vn -0.093900 0.993100 -0.070500
vn -0.844600 -0.531500 -0.064300
vn -0.843900 -0.532700 -0.064200
vn -0.904200 -0.422300 -0.064100
vn -0.900200 -0.430800 -0.064100
vn 0.717300 0.480300 -0.504800
vn 0.717800 0.479500 -0.504800
vn 0.774900 0.368000 -0.513900
vn 0.772800 0.373800 -0.512900
vn 0.812200 0.538900 -0.223600
vn 0.809000 0.543100 -0.224800
vn 0.870600 0.447900 -0.203600
vn 0.872300 0.444900 -0.203100
vn 0.974500 -0.224400 -0.002800
vn 0.996700 -0.080800 -0.002800
vn 0.756700 -0.054600 0.651500
vn 0.729600 -0.168200 0.662900
vn -0.986900 0.161100 0.002800
vn -0.999300 0.037500 0.002800
vn -0.751900 0.019900 0.658900
vn -0.737300 0.121900 0.664500
vn -0.983800 -0.179300 0.002800
vn -0.950200 -0.311800 0.002600
vn -0.714500 -0.242800 0.656100
vn -0.734700 -0.133500 0.665100
vn -0.545300 0.838200 0.001700
vn -0.649500 0.760400 0.002000
vn -0.494800 0.568500 0.657300
vn -0.407500 0.627200 0.663800
vn 0.194600 -0.980900 -0.000800
vn 0.330100 -0.943900 -0.001100
vn 0.257500 -0.711900 0.653400
vn 0.145900 -0.734300 0.662900
vn 0.201100 -0.976400 -0.078200
vn 0.202300 -0.976200 -0.078200
vn 0.075000 -0.994300 -0.075400
vn 0.075400 -0.994300 -0.075400
vn 0.958900 -0.268000 -0.093200
vn 0.958500 -0.269400 -0.093300
vn 0.925600 -0.366500 -0.094800
vn 0.926500 -0.364300 -0.094900
vn -0.557000 0.827500 -0.070400
vn -0.555500 0.828500 -0.070400
vn -0.457700 0.886300 -0.070600
vn -0.461800 0.884200 -0.070600
vn -0.844200 0.532300 -0.062800
vn -0.845200 0.530700 -0.062700
vn -0.772100 0.632100 -0.066000
vn -0.772700 0.631300 -0.065900
vn -0.979200 -0.193000 -0.062200
vn -0.979200 -0.193100 -0.062200
vn -0.995100 -0.078500 -0.060200
vn -0.995000 -0.080100 -0.060300
vn -0.980700 0.184800 -0.063200
vn -0.981100 0.183000 -0.063100
vn -0.952500 0.298100 -0.062600
vn -0.951800 0.300100 -0.062600
vn 0.527600 -0.844700 -0.090500
vn 0.528300 -0.844200 -0.090500
vn 0.431500 -0.898100 -0.084800
vn 0.431800 -0.897900 -0.084900
vn 0.832800 -0.533900 -0.146400
vn 0.829500 -0.538300 -0.148800
vn 0.746200 -0.637600 -0.191300
vn 0.747600 -0.636100 -0.190900
vn -0.590700 -0.806900 0.001500
vn -0.473500 -0.880800 0.001100
vn -0.350600 -0.670000 0.654400
vn -0.439600 -0.604000 0.664800
vn 0.569400 0.822000 -0.001400
vn 0.453900 0.891000 -0.001100
vn 0.335400 0.676700 0.655400
vn 0.425900 0.616600 0.662100
vn 0.830500 -0.548400 -0.097400
vn 0.830800 -0.547900 -0.097400
vn 0.753000 -0.650800 -0.097400
vn 0.753800 -0.649800 -0.097400
vn -0.206300 0.978500 0.000800
vn -0.331000 0.943600 0.001100
vn -0.256800 0.709100 0.656700
vn -0.154200 0.732100 0.663500
vn 0.223500 0.974700 -0.000400
vn 0.080200 0.996800 -0.000000
vn 0.054100 0.755000 0.653500
vn 0.167600 0.729500 0.663100
vn -0.811200 0.584700 0.002400
vn -0.891400 0.453100 0.002600
vn -0.677800 0.337000 0.653400
vn -0.606100 0.437700 0.664100
vn 0.976500 0.215600 -0.002700
vn 0.938800 0.344400 -0.002600
vn 0.707400 0.268400 0.653800
vn 0.731700 0.161800 0.662200
vn -0.504300 0.814000 -0.288100
vn -0.507000 0.812000 -0.289200
vn -0.410200 0.873500 -0.262000
vn -0.411300 0.873000 -0.262200
vn 0.963400 -0.226400 -0.143400
vn 0.963200 -0.227700 -0.142700
vn 0.934900 -0.341100 -0.097900
vn 0.936800 -0.335500 -0.099200
vn -0.833400 -0.536800 -0.131400
vn -0.837200 -0.531300 -0.129600
vn -0.900300 -0.420300 -0.113300
vn -0.893300 -0.434800 -0.113500
vn -0.780600 0.523400 -0.341600
vn -0.778100 0.526800 -0.342000
vn -0.702500 0.623000 -0.344000
vn -0.700000 0.625900 -0.343900
vn 0.547100 -0.812000 -0.203500
vn 0.544700 -0.813500 -0.203400
vn 0.433700 -0.877200 -0.205800
vn 0.438500 -0.874900 -0.205500
vn 0.554900 0.790700 -0.258500
vn 0.550400 0.793900 -0.258300
vn 0.643500 0.719700 -0.260600
vn 0.647800 0.715900 -0.260600
vn -0.495100 0.715900 -0.492300
vn -0.507100 0.706700 -0.493300
vn -0.393300 0.783600 -0.481000
vn -0.381900 0.790100 -0.479500
vn -0.747900 -0.173500 -0.640800
vn -0.747600 -0.177200 -0.640100
vn -0.751300 -0.055200 -0.657700
vn -0.751200 -0.052900 -0.657900
vn -0.204600 0.946500 -0.249400
vn -0.203900 0.946700 -0.249400
vn -0.078100 0.965100 -0.249800
vn -0.077700 0.965200 -0.249800
vn 0.191500 0.948100 -0.254000
vn 0.188400 0.948700 -0.253900
vn 0.311600 0.914500 -0.257900
vn 0.316500 0.912800 -0.258000
vn 0.191600 -0.957100 -0.217200
vn 0.188500 -0.957700 -0.217300
vn 0.064000 -0.972700 -0.223200
vn 0.066300 -0.972500 -0.223100
vn -0.159000 -0.800900 -0.577400
vn -0.159400 -0.800800 -0.577400
vn -0.225700 -0.781400 -0.581800
vn -0.144400 0.881300 -0.449900
vn -0.149300 0.880500 -0.450000
vn -0.034700 0.887700 -0.459100
vn -0.039200 0.888100 -0.458000
vn 0.150800 -0.818500 -0.554300
vn 0.151800 -0.818400 -0.554200
vn 0.037000 -0.822300 -0.567800
vn 0.039500 -0.822500 -0.567400
vn 0.815500 -0.184300 -0.548600
vn 0.817900 -0.175200 -0.548100
vn 0.775900 -0.286400 -0.562100
vn 0.777100 -0.284400 -0.561500
vn 0.463900 -0.706300 -0.534800
vn 0.466700 -0.704500 -0.534700
vn 0.359000 -0.761100 -0.540300
vn 0.360400 -0.760500 -0.540100
vn -0.191800 -0.956000 -0.222000
vn -0.192300 -0.955900 -0.222000
vn -0.294300 -0.930300 -0.219100
vn -0.298300 -0.929000 -0.218900
vn 0.948900 0.240000 -0.204800
vn 0.948600 0.241300 -0.204700
vn 0.971400 0.095800 -0.217400
vn 0.971400 0.096100 -0.217400
vn -0.939300 0.193500 -0.283300
vn -0.935300 0.207900 -0.286300
vn -0.895800 0.320200 -0.308300
vn -0.900800 0.308200 -0.306000
vn -0.533200 -0.822900 -0.196100
vn -0.531400 -0.824100 -0.196400
vn -0.641500 -0.744800 -0.183500
vn -0.641800 -0.744600 -0.183500
vn 0.470500 0.693700 -0.545400
vn 0.460100 0.698500 -0.548100
vn 0.565300 0.637900 -0.523000
vn 0.569700 0.634700 -0.522200
vn -0.545600 -0.835200 -0.068500
vn -0.545900 -0.835000 -0.068500
vn -0.649100 -0.757800 -0.065700
vn -0.646800 -0.759800 -0.065700
vn -0.215800 -0.973800 -0.071400
vn -0.215100 -0.974000 -0.071400
vn -0.314000 -0.946800 -0.070900
vn -0.319300 -0.945000 -0.070800
vn 0.824000 0.154400 -0.545100
vn 0.823200 0.161000 -0.544400
vn 0.832400 0.044500 -0.552400
vn 0.832800 0.034600 -0.552500
vn 0.695700 -0.455400 -0.555600
vn 0.696900 -0.453200 -0.555900
vn 0.630100 -0.553700 -0.544400
vn 0.629900 -0.554000 -0.544400
vn -0.783900 0.188500 -0.591500
vn -0.783600 0.184300 -0.593200
vn -0.778900 0.295900 -0.553000
vn -0.779400 0.293200 -0.553700
vn -0.963100 -0.221300 -0.153100
vn -0.965700 -0.204700 -0.159700
vn -0.974600 -0.065100 -0.214200
vn -0.974700 -0.091000 -0.204300
vn 0.548800 0.832900 -0.071500
vn 0.549400 0.832500 -0.071500
vn 0.653400 0.753500 -0.073200
vn 0.650300 0.756200 -0.073200
vn 0.193500 0.978300 -0.074100
vn 0.195100 0.978000 -0.073900
vn 0.309000 0.948500 -0.069900
vn 0.304600 0.949900 -0.070000
vn 0.844400 0.530400 -0.075300
vn 0.844600 0.530100 -0.075300
vn 0.901000 0.427200 -0.075800
vn 0.899500 0.430400 -0.075800
vn -0.045800 -0.023000 0.998700
vn -0.048100 -0.015800 0.998700
vn -0.040800 -0.028000 0.998800
vn -0.033300 -0.039000 0.998700
vn -0.039000 -0.033300 0.998700
vn -0.028600 -0.041000 0.998800
vn -0.016600 -0.048900 0.998700
vn -0.023800 -0.046600 0.998600
vn -0.010100 -0.049600 0.998700
vn 0.004100 -0.052200 0.998600
vn -0.003900 -0.052300 0.998600
vn 0.010400 -0.049900 0.998700
vn 0.024600 -0.046800 0.998600
vn 0.016900 -0.049500 0.998600
vn 0.030200 -0.041500 0.998700
vn 0.041500 -0.033500 0.998600
vn 0.034500 -0.039300 0.998600
vn 0.042900 -0.028000 0.998700
vn 0.050100 -0.017000 0.998600
vn 0.046700 -0.024800 0.998600
vn 0.049600 -0.012300 0.998700
vn 0.052400 0.002400 0.998600
vn 0.052600 -0.003700 0.998600
vn 0.049900 0.011800 0.998700
vn 0.046700 0.025300 0.998600
vn 0.049700 0.017200 0.998600
vn 0.042400 0.028300 0.998700
vn 0.034400 0.039100 0.998600
vn 0.040800 0.033400 0.998600
vn 0.029400 0.041800 0.998700
vn 0.016400 0.049400 0.998600
vn 0.025700 0.046200 0.998600
vn 0.012900 0.049100 0.998700
vn -0.002200 0.051700 0.998700
vn 0.004600 0.052000 0.998600
vn -0.010200 0.049400 0.998700
vn -0.023400 0.046100 0.998700
vn -0.015000 0.049700 0.998700
vn -0.026600 0.042700 0.998700
vn -0.037900 0.034400 0.998700
vn -0.031500 0.041200 0.998700
vn -0.039700 0.030400 0.998700
vn -0.048300 0.017200 0.998700
vn -0.045100 0.023500 0.998700
vn -0.049100 0.007600 0.998800
vn -0.051100 -0.005200 0.998700
vn -0.050100 0.004500 0.998700
vn -0.048500 -0.009100 0.998800
vn -0.662700 -0.433300 -0.610800
vn -0.663600 -0.432000 -0.610700
vn -0.734200 -0.296800 -0.610600
vn -0.730200 -0.306900 -0.610400
vn 0.572400 -0.819900 -0.001800
vn 0.675600 -0.737300 -0.002100
vn 0.517100 -0.551500 0.654600
vn 0.428600 -0.614600 0.662200
vn 0.822700 0.568500 -0.002200
vn 0.746000 0.665900 -0.002000
vn 0.558700 0.507800 0.655700
vn 0.616300 0.424800 0.663100
vn -0.836300 -0.548300 0.002300
vn -0.761600 -0.648000 0.002000
vn -0.568200 -0.494600 0.657600
vn -0.624100 -0.409800 0.665300
vn 0.980900 0.178000 -0.078900
vn 0.981100 0.176800 -0.078900
vn 0.995800 0.042000 -0.081900
vn 0.995400 0.049000 -0.081800
vn -0.435300 -0.672900 -0.598100
vn -0.436400 -0.672000 -0.598300
vn -0.524400 -0.591300 -0.612700
vn -0.521200 -0.594800 -0.612000
vn 0.147100 0.837700 -0.526000
vn 0.150500 0.836200 -0.527400
vn 0.260200 0.781400 -0.567200
vn 0.258500 0.782400 -0.566600
vn -0.709800 0.483500 -0.512300
vn -0.707900 0.486800 -0.511800
vn -0.645100 0.576200 -0.501800
vn -0.647500 0.573400 -0.501900
vn -0.215100 -0.976600 0.000400
vn -0.077400 -0.997000 0.000000
vn -0.050500 -0.754900 0.653900
vn -0.159700 -0.730700 0.663700
vn 0.833400 -0.552700 -0.002500
vn 0.895900 -0.444200 -0.002600
vn 0.680300 -0.328900 0.655100
vn 0.623900 -0.414300 0.662700
vn 0.512800 0.553700 0.656100
vn 0.676800 0.338400 0.653800
vn -0.521700 -0.543800 0.657400
vn -0.684000 -0.318900 0.656100
vn 0.272200 0.705100 0.654800
vn -0.716500 0.243300 0.653800
vn -0.542600 0.523200 0.657100
vn 0.707000 -0.266800 0.654900
vn 0.565800 -0.501200 0.654700
vn -0.318100 0.683700 0.656800
vn -0.038900 0.755900 0.653500
vn -0.751000 -0.036100 0.659300
vn 0.334400 -0.679000 0.653600
vn 0.034800 -0.756000 0.653700
vn 0.757100 0.044600 0.651700
vn -0.270400 -0.706600 0.653900
vn -0.900400 0.430700 -0.061200
vn -0.897200 0.437400 -0.061200
vn -0.048400 -0.817200 -0.574300
vn -0.051100 -0.817000 -0.574300
vn -0.728200 0.685400 0.002200
vn -0.408400 -0.887900 -0.211600
vn -0.416000 -0.884600 -0.210900
vn 0.834200 -0.053400 -0.548900
vn 0.834100 -0.067800 -0.547400
vn -0.954200 -0.292200 -0.063300
vn -0.952700 -0.297200 -0.063300
vn 0.310400 -0.926700 -0.211900
vn 0.314800 -0.925300 -0.211700
vn -0.299800 -0.750400 -0.589000
vn -0.309200 -0.746400 -0.589300
vn -0.311400 0.916200 -0.252300
vn -0.312400 0.915800 -0.252400
vn -0.767300 -0.638100 -0.063900
vn -0.770000 -0.634800 -0.064000
vn 0.348700 0.742100 -0.572500
vn 0.355900 0.739700 -0.571100
vn -0.590100 0.634800 -0.498800
vn -0.586800 0.638000 -0.498600
vn -0.840600 0.430800 -0.328500
vn -0.846300 0.420700 -0.326700
vn 0.447400 0.891600 -0.069200
vn 0.448100 0.891300 -0.069300
vn -0.763700 0.054000 -0.643300
vn -0.766100 0.064600 -0.639400
vn -0.280900 0.840300 -0.463700
vn -0.265600 0.846800 -0.460900
vn 0.742700 -0.355500 -0.567500
vn 0.741800 -0.357800 -0.567200
vn 0.915500 0.350900 -0.196600
vn 0.916800 0.347700 -0.196600
vn -0.950300 0.311200 0.002700
vn 0.311000 -0.947000 -0.080500
vn 0.307000 -0.948300 -0.080400
vn 0.450800 -0.892600 -0.001500
vn 0.647700 -0.733600 -0.205800
vn 0.648400 -0.732900 -0.205800
vn 0.562500 -0.628300 -0.537400
vn 0.557900 -0.632900 -0.536900
vn 0.671100 0.741400 -0.001700
vn 0.634200 -0.767300 -0.094900
vn 0.631100 -0.769900 -0.094800
vn 0.976900 -0.077400 -0.199300
vn 0.976800 -0.080300 -0.198500
vn 0.440200 0.860100 -0.257700
vn 0.446100 0.857100 -0.257600
vn 0.349800 0.936800 -0.000800
vn -0.087400 -0.993500 -0.072500
vn -0.092200 -0.993100 -0.072500
vn 0.055600 -0.998500 -0.000400
vn 0.640200 0.575200 -0.509300
vn 0.645100 0.570400 -0.508400
vn -0.757000 0.380800 -0.530900
vn -0.756500 0.382300 -0.530600
vn -0.962500 0.082500 -0.258600
vn -0.965600 0.059800 -0.253100
vn -0.349200 -0.937100 0.000800
vn 0.268300 -0.793700 -0.545900
vn 0.264200 -0.795000 -0.546000
vn 0.072800 0.994600 -0.074200
vn 0.070100 0.994800 -0.074100
vn -0.061800 0.998100 0.000400
vn -0.432000 0.901900 0.001400
vn -0.998300 -0.058400 0.002800
vn -0.751000 -0.640000 -0.162700
vn -0.750100 -0.641000 -0.163000
vn 0.803200 0.273500 -0.529300
vn 0.803300 0.272800 -0.529400
vn -0.607100 0.725000 -0.325300
vn -0.601800 0.730200 -0.323500
vn -0.996200 0.063200 -0.060700
vn -0.995900 0.067400 -0.060800
vn -0.590100 -0.521800 -0.616100
vn -0.591000 -0.520800 -0.616000
vn -0.902500 -0.430700 0.002500
vn -0.686200 -0.727400 0.001800
vn -0.654700 0.752800 -0.068700
vn -0.654300 0.753100 -0.068700
vn 0.731000 0.635000 -0.249800
vn 0.735400 0.630400 -0.248600
vn 0.044300 0.873900 -0.484100
vn 0.044000 0.874000 -0.484000
vn -0.068000 -0.972000 -0.224900
vn -0.066700 -0.972100 -0.224900
vn 0.986900 -0.135500 -0.087800
vn 0.987100 -0.134100 -0.087700
vn 0.889900 0.456100 -0.002400
vn 0.769700 0.634100 -0.074500
vn 0.770900 0.632600 -0.074500
vn 0.891700 -0.440500 -0.104200
vn 0.894900 -0.434500 -0.102100
vn -0.332200 0.940600 -0.070200
vn -0.330200 0.941300 -0.070200
vn -0.941000 -0.314800 -0.124000
vn -0.936800 -0.328200 -0.121300
vn 0.953900 0.289800 -0.077300
vn 0.954100 0.289200 -0.077300
vn -0.749600 -0.235300 -0.618600
vn -0.749700 -0.235300 -0.618600
vn 0.755100 -0.655600 -0.002300
vn 0.939200 -0.343300 -0.002700
vn 0.061800 0.966000 -0.251000
vn 0.064100 0.965900 -0.251000
vn 0.997600 0.068600 -0.002800
vn -0.438400 -0.896000 -0.070100
vn -0.447600 -0.891500 -0.070000
vn 0.881100 -0.463200 -0.095600
vn 0.880100 -0.465100 -0.095600
usemtl None
s off
f 1/1/1 2/2/1 3/3/1 4/4/1
f 5/5/2 6/6/2 7/7/2 8/8/2
f 9/9/3 10/10/3 11/11/3 12/12/3
f 13/13/4 14/14/4 15/15/4 16/16/4
f 17/17/5 18/18/5 19/19/5 20/20/5
f 21/21/6 22/22/6 23/23/6 24/24/6
f 25/25/7 26/26/7 27/27/7 28/28/7
f 29/29/8 30/30/8 31/31/8 32/32/8
f 33/33/9 34/34/9 35/35/9 36/36/9
f 37/37/10 38/38/10 39/39/10 40/40/10
f 41/41/11 42/42/11 43/43/11 44/44/11
f 45/45/12 46/46/12 47/47/12
f 48/48/13 49/49/13 50/50/13 51/51/13
f 52/52/14 53/53/14 54/54/14 55/55/14
f 56/56/15 57/57/15 58/58/15 59/59/15
f 60/60/16 61/61/16 62/62/16
f 63/63/17 64/64/17 65/65/17 66/66/17
f 67/67/18 68/68/18 69/69/18 70/70/18
f 71/71/19 72/72/19 73/73/19 74/74/19
f 75/75/20 76/76/20 77/77/20 78/78/20
f 79/79/21 80/80/21 81/81/21 82/82/21
f 83/83/22 84/84/22 85/85/22 86/86/22
f 87/87/23 88/88/23 89/89/23 90/90/23
f 91/91/24 92/92/24 93/93/24 94/94/24
f 95/95/25 96/96/25 97/97/25 98/98/25
f 99/99/26 100/100/26 101/101/26 102/102/26
f 103/103/27 104/104/27 105/105/27 106/106/27
f 107/107/28 108/108/28 109/109/28 110/110/28
f 111/111/29 112/112/29 113/113/29 114/114/29
f 115/115/30 116/116/30 117/117/30 118/118/30
f 119/119/31 120/120/31 121/121/31 122/122/31
f 123/123/32 124/124/32 125/125/32 126/126/32
f 127/127/33 128/128/33 129/129/33 130/130/33
f 131/131/34 132/132/34 133/133/34 134/134/34
f 135/135/35 136/136/35 137/137/35 138/138/35
f 139/139/36 140/140/36 141/141/36 142/142/36
f 143/143/37 144/144/37 145/145/37 146/146/37
f 147/147/38 148/148/38 149/149/38 150/150/38
f 151/151/39 152/152/39 153/153/39 154/154/39
f 155/155/40 156/156/40 157/157/40 158/158/40
f 159/159/41 160/160/41 161/161/41 162/162/41
f 163/163/42 164/164/42 165/165/42 166/166/42
f 167/167/43 168/168/43 169/169/43 170/170/43
f 171/171/44 172/172/44 173/173/44 174/174/44
f 175/175/45 176/176/45 177/177/45 178/178/45
f 179/179/46 180/180/46 181/181/46
f 182/182/47 183/183/47 184/184/47 185/185/47
f 186/186/48 187/187/48 188/188/48 189/189/48
f 190/190/49 191/191/49 192/192/49 193/193/49
f 194/194/50 195/195/50 196/196/50 197/197/50
f 198/198/51 199/199/51 200/200/51
f 201/201/52 202/202/52 203/203/52
f 204/204/53 205/205/53 206/206/53
f 207/207/54 208/208/54 209/209/54
f 210/210/55 211/211/55 212/212/55
f 213/213/56 214/214/56 215/215/56 216/216/56
f 217/217/57 218/218/57 219/219/57
f 220/220/58 221/221/58 222/222/58 223/223/58
f 224/224/59 225/225/59 226/226/59
f 227/227/60 228/228/60 229/229/60
f 230/230/61 231/231/61 232/232/61
f 233/233/62 234/234/62 235/235/62 236/236/62
f 237/237/63 238/238/63 239/239/63 240/240/63
f 241/241/64 242/242/64 243/243/64
f 244/244/65 245/245/65 246/246/65 247/247/65
f 248/248/66 249/249/66 250/250/66 251/251/66
f 252/252/67 253/253/67 254/254/67 255/255/67
f 256/256/68 257/257/68 258/258/68 259/259/68
f 260/260/69 261/261/69 262/262/69
f 263/263/70 264/264/70 265/265/70
f 266/266/71 267/267/71 268/268/71
f 269/269/72 270/270/72 271/271/72
f 272/272/73 273/273/73 274/274/73 275/275/73
f 276/276/74 277/277/74 278/278/74
f 279/279/75 280/280/75 281/281/75
f 282/282/76 283/283/76 284/284/76 285/285/76
f 286/286/77 287/287/77 288/288/77 289/289/77
f 290/290/78 291/291/78 292/292/78 293/293/78
f 294/294/79 295/295/79 296/296/79 297/297/79
f 298/298/80 299/299/80 300/300/80 301/301/80
f 302/302/81 303/303/81 304/304/81 305/305/81
f 306/306/82 307/307/82 308/308/82 309/309/82
f 310/310/83 311/311/83 312/312/83 313/313/83
f 314/314/84 315/315/84 316/316/84 317/317/84
f 318/318/85 319/319/85 320/320/85 321/321/85
f 322/322/86 323/323/86 324/324/86 325/325/86
f 326/326/87 327/327/87 328/328/87 329/329/87
f 330/330/88 331/331/88 332/332/88 333/333/88
f 334/334/89 335/335/89 336/336/89 337/337/89
f 338/338/90 339/339/90 340/340/90 341/341/90
f 342/342/91 343/343/91 344/344/91 345/345/91
f 346/346/92 347/347/92 348/348/92 349/349/92
f 350/350/93 351/351/93 352/352/93 353/353/93
f 354/354/94 355/355/94 356/356/94 357/357/94
f 358/358/95 359/359/95 360/360/95 361/361/95
f 362/362/96 363/363/96 364/364/96 365/365/96
f 366/366/97 367/367/97 368/368/97 369/369/97
f 370/370/98 371/371/98 372/372/98 373/373/98
f 374/374/99 375/375/99 376/376/99 377/377/99
f 378/378/100 379/379/100 380/380/100 381/381/100
f 382/382/101 383/383/101 384/384/101 385/385/101
f 386/386/102 387/387/102 388/388/102 389/389/102
f 390/390/103 391/391/103 392/392/103 393/393/103
f 394/394/104 395/395/104 396/396/104 397/397/104
f 398/398/105 399/399/105 400/400/105 401/401/105
f 402/402/106 403/403/106 404/404/106 405/405/106
f 406/406/107 407/407/107 408/408/107 409/409/107
f 410/410/108 411/411/108 412/412/108 413/413/108
f 414/414/109 415/415/109 416/416/109 417/417/109
f 418/418/110 419/419/110 420/420/110 421/421/110
f 422/422/111 423/423/111 424/424/111 425/425/111
f 426/426/112 427/427/112 428/428/112 429/429/112
f 430/430/113 431/431/113 432/432/113 433/433/113
f 434/434/114 435/435/114 436/436/114 437/437/114
f 438/438/115 439/439/115 440/440/115 441/441/115
f 442/442/116 443/443/116 444/444/116 445/445/116
f 446/446/117 447/447/117 448/448/117 449/449/117
f 450/450/118 451/451/118 452/452/118 453/453/118
f 454/454/119 455/455/119 456/456/119 457/457/119
f 458/458/120 459/459/120 460/460/120 461/461/120
f 462/462/121 463/463/121 464/464/121 465/465/121
f 466/466/122 467/467/122 468/468/122 469/469/122
f 470/470/123 471/471/123 472/472/123 473/473/123
f 474/474/124 475/475/124 476/476/124 477/477/124
f 478/478/125 479/479/125 480/480/125 481/481/125
f 482/482/126 483/483/126 484/484/126 485/485/126
f 486/486/127 487/487/127 488/488/127 489/489/127
f 490/490/128 491/491/128 492/492/128 493/493/128
f 494/494/129 495/495/129 496/496/129 497/497/129
f 498/498/130 499/499/130 500/500/130 501/501/130
f 502/502/131 503/503/131 504/504/131 505/505/131
f 506/506/132 507/507/132 508/508/132 509/509/132
f 510/510/133 511/511/133 512/512/133 513/513/133
f 514/514/134 515/515/134 516/516/134 517/517/134
f 518/518/135 519/519/135 520/520/135 521/521/135
f 522/522/136 523/523/136 524/524/136 525/525/136
f 526/526/137 527/527/137 528/528/137 529/529/137
f 530/530/138 531/531/138 532/532/138 533/533/138
f 534/534/139 535/535/139 536/536/139 537/537/139
f 538/538/140 539/539/140 540/540/140 541/541/140
f 542/542/141 543/543/141 544/544/141 545/545/141
f 546/546/142 547/547/142 548/548/142 549/549/142
f 550/550/143 551/551/143 552/552/143 553/553/143
f 554/554/144 555/555/144 556/556/144 557/557/144
f 558/558/145 559/559/145 560/560/145 561/561/145
f 562/562/146 563/563/146 564/564/146 565/565/146
f 566/566/147 567/567/147 568/568/147 569/569/147
f 570/570/148 571/571/148 572/572/148 573/573/148
f 574/574/149 575/575/149 576/576/149 577/577/149
f 578/578/150 579/579/150 580/580/150 581/581/150
f 582/582/151 583/583/151 584/584/151 585/585/151
f 586/586/152 587/587/152 588/588/152 589/589/152
f 590/590/153 591/591/153 592/592/153 593/593/153
f 594/594/154 595/595/154 596/596/154 597/597/154
f 598/598/155 599/599/155 600/600/155 601/601/155
f 602/602/156 603/603/156 604/604/156 605/605/156
f 606/606/157 607/607/157 608/608/157 609/609/157
f 610/610/158 611/611/158 612/612/158 613/613/158
f 614/614/159 615/615/159 616/616/159 617/617/159
f 618/618/160 619/619/160 620/620/160 621/621/160
f 622/622/161 623/623/161 624/624/161 625/625/161
f 626/626/162 627/627/162 628/628/162 629/629/162
f 630/630/163 631/631/163 632/632/163 633/633/163
f 634/634/164 635/635/164 636/636/164 637/637/164
f 638/638/165 639/639/165 640/640/165 641/641/165
f 642/642/166 643/643/166 644/644/166 645/645/166
f 646/646/167 647/647/167 648/648/167 649/649/167
f 650/650/168 651/651/168 652/652/168 653/653/168
f 654/654/169 655/655/169 656/656/169 657/657/169
f 658/658/170 659/659/170 660/660/170 661/661/170
f 662/662/171 663/663/171 664/664/171 665/665/171
f 666/666/172 667/667/172 668/668/172
f 669/669/173 670/670/173 671/671/173 672/672/173
f 673/673/174 674/674/174 675/675/174
f 676/676/175 677/677/175 678/678/175 679/679/175
f 680/680/176 681/681/176 682/682/176
f 683/683/177 684/684/177 685/685/177
f 686/686/178 687/687/178 688/688/178 689/689/178
f 690/690/179 691/691/179 692/692/179 693/693/179
f 694/694/180 695/695/180 696/696/180 697/697/180
f 698/698/181 699/699/181 700/700/181 701/701/181
f 702/702/182 703/703/182 704/704/182 705/705/182
f 706/706/183 707/707/183 708/708/183 709/709/183
f 710/710/184 711/711/184 712/712/184
f 713/713/185 714/714/185 715/715/185
f 716/716/186 717/717/186 718/718/186 719/719/186
f 720/720/187 721/721/187 722/722/187 723/723/187
f 724/724/188 725/725/188 726/726/188
f 727/727/189 728/728/189 729/729/189
f 730/730/190 731/731/190 732/732/190
f 733/733/191 734/734/191 735/735/191
f 736/736/192 737/737/192 738/738/192
f 739/739/193 740/740/193 741/741/193
f 742/742/194 743/743/194 744/744/194 745/745/194
f 746/746/195 747/747/195 748/748/195
f 749/749/196 750/750/196 751/751/196 752/752/196
f 753/753/197 754/754/197 755/755/197
f 756/756/198 757/757/198 758/758/198
f 759/759/199 760/760/199 761/761/199 762/762/199
f 763/763/200 764/764/200 765/765/200
f 766/766/201 767/767/201 768/768/201 769/769/201
f 770/770/202 771/771/202 772/772/202 773/773/202
f 774/774/203 775/775/203 776/776/203 777/777/203
f 778/778/204 779/779/204 780/780/204
f 781/781/205 782/782/205 783/783/205 784/784/205
f 785/785/206 786/786/206 787/787/206
f 788/788/207 789/789/207 790/790/207 791/791/207
f 792/792/208 793/793/208 794/794/208 795/795/208
f 796/796/209 797/797/209 798/798/209 799/799/209
f 800/800/210 801/801/210 802/802/210 803/803/210
f 804/804/211 805/805/211 806/806/211 807/807/211
f 808/808/212 809/809/212 810/810/212 811/811/212
f 812/812/213 813/813/213 814/814/213 815/815/213
f 816/816/214 817/817/214 818/818/214 819/819/214
f 820/820/215 821/821/215 822/822/215 823/823/215
f 824/824/216 825/825/216 826/826/216 827/827/216
f 828/828/217 829/829/217 830/830/217 831/831/217
f 832/832/218 833/833/218 834/834/218 835/835/218
f 836/836/219 837/837/219 838/838/219 839/839/219
f 840/840/220 841/841/220 842/842/220 843/843/220
f 844/844/221 845/845/221 846/846/221 847/847/221
f 848/848/222 849/849/222 850/850/222 851/851/222
f 852/852/223 853/853/223 854/854/223 855/855/223
f 856/856/224 857/857/224 858/858/224 859/859/224
f 860/860/225 861/861/225 862/862/225 863/863/225
f 864/864/226 865/865/226 866/866/226 867/867/226
f 868/868/227 869/869/227 870/870/227 871/871/227
f 872/872/228 873/873/228 874/874/228 875/875/228
f 876/876/229 877/877/229 878/878/229 879/879/229
f 880/880/230 881/881/230 882/882/230 883/883/230
f 884/884/231 885/885/231 886/886/231 887/887/231
f 888/888/232 889/889/232 890/890/232 891/891/232
f 892/892/233 893/893/233 894/894/233 895/895/233
f 896/896/234 897/897/234 898/898/234 899/899/234
f 900/900/235 901/901/235 902/902/235 903/903/235
f 904/904/236 905/905/236 906/906/236 907/907/236
f 908/908/237 909/909/237 910/910/237 911/911/237
f 912/912/238 913/913/238 914/914/238 915/915/238
f 916/916/239 917/917/239 918/918/239 919/919/239
f 920/920/240 921/921/240 922/922/240 923/923/240
f 924/924/241 925/925/241 926/926/241 927/927/241
f 928/928/242 929/929/242 930/930/242 931/931/242
f 932/932/243 933/933/243 934/934/243 935/935/243
f 936/936/244 937/937/244 938/938/244 939/939/244
f 940/940/245 941/941/245 942/942/245 943/943/245
f 944/944/246 945/945/246 946/946/246 947/947/246
f 948/948/247 949/949/247 950/950/247 951/951/247
f 952/952/248 953/953/248 954/954/248 955/955/248
f 956/956/249 957/957/249 958/958/249 959/959/249
f 960/960/250 961/961/250 962/962/250 963/963/250
f 964/964/251 965/965/251 966/966/251 967/967/251
f 968/968/252 969/969/252 970/970/252 971/971/252
f 972/972/253 973/973/253 974/974/253 975/975/253
f 976/976/254 977/977/254 978/978/254 979/979/254
f 980/980/255 981/981/255 982/982/255 983/983/255
f 984/984/256 985/985/256 986/986/256 987/987/256
f 988/988/257 989/989/257 990/990/257 991/991/257
f 992/992/258 993/993/258 994/994/258 995/995/258
f 996/996/259 997/997/259 998/998/259 999/999/259
f 1000/1000/260 1001/1001/260 1002/1002/260 1003/1003/260
f 1004/1004/261 1005/1005/261 1006/1006/261 1007/1007/261
f 1008/1008/262 1009/1009/262 1010/1010/262 1011/1011/262
f 1012/1012/263 1013/1013/263 1014/1014/263 1015/1015/263
f 1016/1016/264 1017/1017/264 1018/1018/264 1019/1019/264
f 1020/1020/265 1021/1021/265 1022/1022/265 1023/1023/265
f 1024/1024/266 1025/1025/266 1026/1026/266 1027/1027/266
f 1028/1028/267 1029/1029/267 1030/1030/267 1031/1031/267
f 1032/1032/268 1033/1033/268 1034/1034/268 1035/1035/268
f 1036/1036/269 1037/1037/269 1038/1038/269 1039/1039/269
f 1040/1040/270 1041/1041/270 1042/1042/270 1043/1043/270
f 1044/1044/271 1045/1045/271 1046/1046/271 1047/1047/271
f 1048/1048/272 1049/1049/272 1050/1050/272 1051/1051/272
f 1052/1052/273 1053/1053/273 1054/1054/273 1055/1055/273
f 1056/1056/274 1057/1057/274 1058/1058/274 1059/1059/274
f 1060/1060/275 1061/1061/275 1062/1062/275 1063/1063/275
f 1064/1064/276 1065/1065/276 1066/1066/276 1067/1067/276
f 1068/1068/277 1069/1069/277 1070/1070/277 1071/1071/277
f 1072/1072/278 1073/1073/278 1074/1074/278 1075/1075/278
f 1076/1076/279 1077/1077/279 1078/1078/279 1079/1079/279
f 1080/1080/280 1081/1081/280 1082/1082/280 1083/1083/280
f 1084/1084/281 1085/1085/281 1086/1086/281 1087/1087/281
f 1088/1088/282 1089/1089/282 1090/1090/282 1091/1091/282
f 1092/1092/283 1093/1093/283 1094/1094/283 1095/1095/283
f 1096/1096/284 1097/1097/284 1098/1098/284 1099/1099/284
f 1100/1100/285 1101/1101/285 1102/1102/285 1103/1103/285
f 1104/1104/286 1105/1105/286 1106/1106/286 1107/1107/286
f 1108/1108/287 1109/1109/287 1110/1110/287 1111/1111/287
f 1112/1112/288 1113/1113/288 1114/1114/288 1115/1115/288
f 1116/1116/289 1117/1117/289 1118/1118/289 1119/1119/289
f 1120/1120/290 1121/1121/290 1122/1122/290 1123/1123/290
f 1124/1124/291 1125/1125/291 1126/1126/291 1127/1127/291
f 1128/1128/292 1129/1129/292 1130/1130/292 1131/1131/292
f 1132/1132/293 1133/1133/293 1134/1134/293 1135/1135/293
f 1136/1136/294 1137/1137/294 1138/1138/294 1139/1139/294
f 1140/1140/295 1141/1141/295 1142/1142/295 1143/1143/295
f 1144/1144/296 1145/1145/296 1146/1146/296 1147/1147/296
f 1148/1148/297 1149/1149/297 1150/1150/297 1151/1151/297
f 1152/1152/298 1153/1153/298 1154/1154/298 1155/1155/298
f 1156/1156/299 1157/1157/299 1158/1158/299 1159/1159/299
f 1160/1160/300 1161/1161/300 1162/1162/300 1163/1163/300
f 1164/1164/301 1165/1165/301 1166/1166/301 1167/1167/301
f 1168/1168/302 1169/1169/302 1170/1170/302 1171/1171/302
f 1172/1172/303 1173/1173/303 1174/1174/303 1175/1175/303
f 1176/1176/304 1177/1177/304 1178/1178/304 1179/1179/304
f 1180/1180/305 1181/1181/305 1182/1182/305 1183/1183/305
f 1184/1184/306 1185/1185/306 1186/1186/306 1187/1187/306
f 1188/1188/307 1189/1189/307 1190/1190/307 1191/1191/307
f 1192/1192/308 1193/1193/308 1194/1194/308 1195/1195/308
f 1196/1196/309 1197/1197/309 1198/1198/309 1199/1199/309
f 1200/1200/310 1201/1201/310 1202/1202/310 1203/1203/310
f 1204/1204/311 1205/1205/311 1206/1206/311 1207/1207/311
f 1208/1208/312 1209/1209/312 1210/1210/312 1211/1211/312
f 1212/1212/313 1213/1213/313 1214/1214/313 1215/1215/313
f 1216/1216/314 1217/1217/314 1218/1218/314
f 1219/1219/315 1220/1220/315 1221/1221/315 1222/1222/315
f 1223/1223/316 1224/1224/316 1225/1225/316 1226/1226/316
f 1227/1227/317 1228/1228/317 1229/1229/317 1230/1230/317
f 1231/1231/318 1232/1232/318 1233/1233/318 1234/1234/318
f 1235/1235/319 1236/1236/319 1237/1237/319 1238/1238/319
f 1239/1239/320 1240/1240/320 1241/1241/320 1242/1242/320
f 1243/1243/321 1244/1244/321 1245/1245/321 1246/1246/321
f 1247/1247/322 1248/1248/322 1249/1249/322 1250/1250/322
f 1251/1251/323 1252/1252/323 1253/1253/323
f 1254/1254/324 1255/1255/324 1256/1256/324 1257/1257/324
f 1258/1258/325 1259/1259/325 1260/1260/325 1261/1261/325
f 1262/1262/326 1263/1263/326 1264/1264/326
f 1265/1265/327 1266/1266/327 1267/1267/327 1268/1268/327
f 1269/1269/328 1270/1270/328 1271/1271/328 1272/1272/328
f 1273/1273/329 1274/1274/329 1275/1275/329 1276/1276/329
f 1277/1277/330 1278/1278/330 1279/1279/330 1280/1280/330
f 1281/1281/331 1282/1282/331 1283/1283/331 1284/1284/331
f 1285/1285/332 1286/1286/332 1287/1287/332 1288/1288/332
f 1289/1289/333 1290/1290/333 1291/1291/333 1292/1292/333
f 1293/1293/334 1294/1294/334 1295/1295/334 1296/1296/334
f 1297/1297/335 1298/1298/335 1299/1299/335 1300/1300/335
f 1301/1301/336 1302/1302/336 1303/1303/336 1304/1304/336
f 1305/1305/337 1306/1306/337 1307/1307/337 1308/1308/337
f 1309/1309/338 1310/1310/338 1311/1311/338 1312/1312/338
f 1313/1313/339 1314/1314/339 1315/1315/339 1316/1316/339
f 1317/1317/340 1318/1318/340 1319/1319/340 1320/1320/340
f 1321/1321/341 1322/1322/341 1323/1323/341 1324/1324/341
f 1325/1325/342 1326/1326/342 1327/1327/342 1328/1328/342
f 1329/1329/343 1330/1330/343 1331/1331/343 1332/1332/343
f 1333/1333/344 1334/1334/344 1335/1335/344 1336/1336/344
f 1337/1337/345 1338/1338/345 1339/1339/345 1340/1340/345
f 1341/1341/346 1342/1342/346 1343/1343/346 1344/1344/346
f 1345/1345/347 1346/1346/347 1347/1347/347 1348/1348/347
f 1349/1349/348 1350/1350/348 1351/1351/348 1352/1352/348
f 1353/1353/349 1354/1354/349 1355/1355/349 1356/1356/349
f 1357/1357/350 1358/1358/350 1359/1359/350 1360/1360/350
f 1361/1361/351 1362/1362/351 1363/1363/351 1364/1364/351
f 1365/1365/352 1366/1366/352 589/589/352 1367/1367/352
f 485/485/353 1368/1368/353 1369/1369/353 588/588/353
f 1370/1370/354 504/504/354 593/593/354 1371/1371/354
f 3/3/355 505/505/355 1372/1372/355 1373/1373/355
f 597/597/356 1374/1374/356 1375/1375/356 512/512/356
f 596/596/357 601/601/357 1376/1376/357 1377/1377/357
f 604/604/358 493/493/358 1378/1378/358 1379/1379/358
f 1380/1380/359 1381/1381/359 7/7/359 605/605/359
f 560/560/360 629/629/360 1382/1382/360 1383/1383/360
f 549/549/361 1384/1384/361 1385/1385/361 628/628/361
f 581/581/362 1386/1386/362 1387/1387/362 620/620/362
f 11/11/363 621/621/363 1388/1388/363 1389/1389/363
f 16/16/364 1390/1390/364 1391/1391/364 540/540/364
f 541/541/365 1392/1392/365 1393/1393/365 556/556/365
f 637/637/366 1394/1394/366 1395/1395/366 508/508/366
f 19/19/367 509/509/367 1396/1396/367 1397/1397/367
f 649/649/368 1398/1398/368 1399/1399/368 886/886/368
f 648/648/369 915/915/369 1400/1400/369 1401/1401/369
f 1402/1402/370 1403/1403/370 918/918/370 1222/1222/370
f 23/23/371 919/919/371 1404/1404/371 1405/1405/371
f 983/983/372 1406/1406/372 1407/1407/372 974/974/372
f 982/982/373 1059/1059/373 1408/1408/373 1409/1409/373
f 1410/1410/374 1411/1411/374 934/934/374 999/999/374
f 1412/1412/375 1413/1413/375 27/27/375 935/935/375
f 967/967/376 1414/1414/376 1415/1415/376 1178/1178/376
f 1416/1416/377 966/966/377 1075/1075/377 1417/1417/377
f 1095/1095/378 1418/1418/378 1419/1419/378 1106/1106/378
f 1107/1107/379 1420/1420/379 1421/1421/379 31/31/379
f 1139/1139/380 1422/1422/380 1423/1423/380 1210/1210/380
f 1138/1138/381 1123/1123/381 1424/1424/381 1425/1425/381
f 1083/1083/382 1426/1426/382 1427/1427/382 1130/1130/382
f 1428/1428/383 35/35/383 1131/1131/383 1429/1429/383
f 705/705/384 1108/1108/384 37/37/384 691/691/384
f 200/200/385 38/38/385 1111/1111/385 205/205/385
f 709/709/386 694/694/386 716/716/386 42/42/386
f 697/697/387 46/46/387 209/209/387 717/717/387
f 41/41/388 710/710/388 713/713/388 706/706/388
f 724/724/389 210/210/389 48/48/389 233/233/389
f 720/720/390 746/746/390 260/260/390 742/742/390
f 52/52/391 771/771/391 762/762/391 56/56/391
f 765/765/392 53/53/392 59/59/392 277/277/392
f 1212/1212/393 785/785/393 60/60/393 282/282/393
f 858/858/394 784/784/394 1430/1430/394 1431/1431/394
f 783/783/395 1432/1432/395 1433/1433/395 1434/1434/395
f 1435/1435/396 420/420/396 1436/1436/396 1437/1437/396
f 1438/1438/397 1439/1439/397 65/65/397 421/421/397
f 891/891/398 1440/1440/398 1441/1441/398 1225/1225/398
f 1442/1442/399 1443/1443/399 890/890/399 1444/1444/399
f 1445/1445/400 1446/1446/400 1447/1447/400 1249/1249/400
f 1250/1250/401 1448/1448/401 1449/1449/401 69/69/401
f 1450/1450/402 1451/1451/402 424/424/402 1452/1452/402
f 416/416/403 1453/1453/403 1454/1454/403 1455/1455/403
f 1456/1456/404 1457/1457/404 898/898/404 1458/1458/404
f 1459/1459/405 1460/1460/405 1461/1461/405 1221/1221/405
f 1462/1462/406 1463/1463/406 878/878/406 1464/1464/406
f 472/472/407 1229/1229/407 1465/1465/407 1466/1466/407
f 1228/1228/408 464/464/408 1467/1467/408 144/144/408 1468/1468/408
f 1469/1469/409 156/156/409 85/85/409 1470/1470/409 92/92/409
f 1471/1471/410 73/73/410 86/86/410 155/155/410
f 1472/1472/411 480/480/411 77/77/411 1473/1473/411
f 1474/1474/412 467/467/412 1475/1475/412 76/76/412 141/141/412
f 88/88/413 1476/1476/413 96/96/413 460/460/413 1477/1477/413
f 133/133/414 461/461/414 95/95/414 1478/1478/414
f 1479/1479/415 1480/1480/415 81/81/415 157/157/415
f 1481/1481/416 136/136/416 1482/1482/416 100/100/416 113/113/416
f 600/600/417 114/114/417 99/99/417 1483/1483/417
f 109/109/418 465/465/418 1227/1227/418 1484/1484/418
f 1485/1485/419 484/484/419 97/97/419 1486/1486/419
f 105/105/420 1487/1487/420 455/455/420 1488/1488/420 160/160/420
f 159/159/421 1489/1489/421 592/592/421 106/106/421
f 1490/1490/422 1491/1491/422 492/492/422 101/101/422
f 153/153/423 1492/1492/423 116/116/423 1493/1493/423 164/164/423
f 1494/1494/424 488/488/424 154/154/424 163/163/424
f 1495/1495/425 442/442/425 192/192/425 117/117/425
f 468/468/426 1496/1496/426 190/190/426 188/188/426
f 184/184/427 93/93/427 1497/1497/427 167/167/427
f 1498/1498/428 182/182/428 444/444/428 137/137/428
f 165/165/429 1499/1499/429 1500/1500/429 125/125/429
f 173/173/430 142/142/430 75/75/430 1501/1501/430
f 1502/1502/431 129/129/431 452/452/431 1503/1503/431
f 451/451/432 149/149/432 1504/1504/432 120/120/432 1505/1505/432
f 450/450/433 1506/1506/433 448/448/433 150/150/433
f 186/186/434 440/440/434 89/89/434 1507/1507/434
f 196/196/435 456/456/435 1508/1508/435 438/438/435
f 121/121/436 1509/1509/436 194/194/436 177/177/436
f 175/175/437 169/169/437 145/145/437 1510/1510/437
f 161/161/438 1511/1511/438 1512/1512/438 516/516/438
f 441/441/439 189/189/439 193/193/439 445/445/439 185/185/439 170/170/439 178/178/439 197/197/439
f 702/702/440 690/690/440 201/201/440 179/179/440
f 665/665/441 698/698/441 669/669/441 214/214/441
f 701/701/442 225/225/442 219/219/442 670/670/442
f 213/213/443 666/666/443 736/736/443 662/662/443
f 650/650/444 220/220/444 234/234/444 51/51/444
f 228/228/445 232/232/445 221/221/445 653/653/445
f 661/661/446 654/654/446 237/237/446 249/249/446
f 243/243/447 238/238/447 657/657/447 734/734/447
f 248/248/448 727/727/448 730/730/448 658/658/448
f 721/721/449 745/745/449 252/252/449 244/244/449
f 741/741/450 245/245/450 255/255/450 674/674/450
f 259/259/451 272/272/451 676/676/451 687/687/451
f 265/265/452 677/677/452 275/275/452 267/267/452
f 256/256/453 686/686/453 680/680/453 269/269/453
f 759/759/454 770/770/454 683/683/454 1251/1251/454
f 1213/1213/455 285/285/455 766/766/455 774/774/455
f 769/769/456 280/280/456 780/780/456 775/775/456
f 1217/1217/457 755/755/457 287/287/457 1257/1257/457
f 851/851/458 749/749/458 291/291/458 838/838/458
f 752/752/459 302/302/459 347/347/459 292/292/459
f 842/842/460 831/831/460 306/306/460 295/295/460
f 351/351/461 296/296/461 309/309/461 788/788/461
f 299/299/462 834/834/462 795/795/462 310/310/462
f 300/300/463 313/313/463 848/848/463 837/837/463
f 828/828/464 841/841/464 846/846/464 799/799/464
f 316/316/465 803/803/465 792/792/465 833/833/465
f 845/845/466 320/320/466 807/807/466 796/796/466
f 800/800/467 315/315/467 328/328/467 325/325/467
f 804/804/468 319/319/468 810/810/468 815/815/468
f 322/322/469 327/327/469 332/332/469 819/819/469
f 812/812/470 809/809/470 340/340/470 337/337/470
f 331/331/471 822/822/471 827/827/471 816/816/471
f 334/334/472 339/339/472 348/348/472 305/305/472
f 791/791/473 824/824/473 821/821/473 352/352/473
f 357/1513/474 1513/1514/474 1514/1515/474 1515/1516/474
f 1211/1517/475 1516/1518/475 1517/1519/475 1518/1520/475
f 1519/1521/476 1520/1522/476 36/1523/476 1521/1524/476
f 1522/1525/477 1523/1526/477 433/1527/477 1524/1528/477
f 1525/1529/478 345/1530/478 1526/1531/478 1527/1532/478
f 617/1533/479 1528/1534/479 1529/1535/479 1530/1536/479
f 645/1537/480 1531/1538/480 1532/1539/480 1533/1540/480
f 1534/1541/481 1195/1542/481 1535/1543/481 1536/1544/481
f 1537/1545/482 1538/1546/482 361/1547/482 1539/1548/482
f 20/1549/483 1540/1550/483 1541/1551/483 1542/1552/483
f 369/1553/484 1543/1554/484 1544/1555/484 1545/1556/484
f 1546/1557/485 1547/1558/485 609/1559/485 1548/1560/485
f 1549/1561/486 1550/1562/486 1551/1563/486 1127/1564/486
f 1552/1565/487 1553/1566/487 1554/1567/487 373/1568/487
f 1555/1569/488 633/1570/488 1556/1571/488 1557/1572/488
f 1558/1573/489 1559/1574/489 625/1575/489 1560/1576/489
f 1561/1577/490 1562/1578/490 1563/1579/490 1103/1580/490
f 429/1581/491 1564/1582/491 1565/1583/491 1566/1584/491
f 1567/1585/492 1115/1586/492 1568/1587/492 1569/1588/492
f 1570/1589/493 557/1590/493 1571/1591/493 1572/1592/493
f 1573/1593/494 1574/1594/494 1575/1595/494 1119/1596/494
f 1576/1597/495 1272/1598/495 1577/1599/495 1578/1600/495
f 1579/1601/496 640/1602/496 1580/1603/496 1581/1604/496
f 947/1605/497 1582/1606/497 1583/1607/497 1584/1608/497
f 1585/1609/498 1586/1610/498 377/1611/498 1587/1612/498
f 1588/1613/499 1122/1614/499 1589/1615/499 1590/1616/499
f 1591/1617/500 1166/1618/500 1592/1619/500 1593/1620/500
f 381/1621/501 1594/1622/501 1595/1623/501 1596/1624/501
f 963/1625/502 1597/1626/502 1598/1627/502 1599/1628/502
f 1600/1629/503 1601/1630/503 384/1631/503 1602/1632/503
f 1094/1633/504 1603/1634/504 1604/1635/504 1605/1636/504
f 1606/1637/505 1047/1638/505 1607/1639/505 1608/1640/505
f 1609/1641/506 1610/1642/506 1074/1643/506 1611/1644/506
f 1612/1645/507 28/1646/507 1613/1647/507 1614/1648/507
f 1615/1649/508 1616/1650/508 1617/1651/508 1287/1652/508
f 1618/1653/509 1619/1654/509 1620/1655/509 971/1656/509
f 389/1657/510 1621/1658/510 1622/1659/510 1623/1660/510
f 1146/1661/511 1624/1662/511 1625/1663/511 1626/1664/511
f 392/1665/512 1627/1666/512 1628/1667/512 1629/1668/512
f 1630/1669/513 1631/1670/513 911/1671/513 1632/1672/513
f 959/1673/514 1633/1674/514 1634/1675/514 1635/1676/514
f 1636/1677/515 1637/1678/515 1323/1679/515 1638/1680/515
f 998/1681/516 1639/1682/516 1640/1683/516 1641/1684/516
f 1642/1685/517 1332/1686/517 1643/1687/517 1644/1688/517
f 1645/1689/518 1646/1690/518 1647/1691/518 887/1692/518
f 994/1693/519 1648/1694/519 1649/1695/519 1650/1696/519
f 1651/1697/520 1652/1698/520 396/1699/520 1653/1700/520
f 1654/1701/521 1655/1702/521 923/1703/521 1656/1704/521
f 1657/1705/522 1658/1706/522 1659/1707/522 951/1708/522
f 400/1709/523 1660/1710/523 1661/1711/523 1662/1712/523
f 1663/1713/524 1664/1714/524 1665/1715/524 408/1716/524
f 1666/1717/525 1667/1718/525 1003/1719/525 1668/1720/525
f 1669/1721/526 926/1722/526 1670/1723/526 1671/1724/526
f 1672/1725/527 1673/1726/527 405/1727/527 1674/1728/527
f 943/1729/528 1675/1730/528 1676/1731/528 1677/1732/528
f 1678/1733/529 1339/1734/529 1679/1735/529 1680/1736/529
f 1681/1737/530 1347/1738/530 1682/1739/530 1683/1740/530
f 1684/1741/531 1685/1742/531 1007/1743/531 1686/1744/531
f 1687/1745/532 1688/1746/532 1689/1747/532 413/1748/532
f 906/1749/533 1690/1750/533 1691/1751/533 1692/1752/533
f 899/899/534 1693/1753/534 1694/1754/534 870/870/534
f 1695/1755/535 894/894/535 1696/1756/535 1697/1757/535
f 1698/1758/536 954/954/536 895/895/536 1699/1759/536
f 436/436/537 1238/1238/537 1700/1760/537 1701/1761/537
f 1702/1762/538 1237/1237/538 1703/1763/538 1704/1764/538
f 1705/1765/539 862/862/539 425/425/539 1706/1766/539
f 1707/1767/540 1708/1768/540 1245/1245/540 1709/1769/540
f 1710/1770/541 1241/1241/541 1246/1246/541 1711/1771/541
f 1712/1772/542 854/854/542 417/417/542 1713/1773/542
f 1714/1774/543 1715/1775/543 866/866/543 1364/1364/543
f 1363/1363/544 1716/1776/544 1717/1777/544 1718/1778/544
f 874/874/545 1719/1779/545 1720/1780/545 1721/1781/545
f 1722/1782/546 882/882/546 875/875/546 1723/1783/546
f 1724/1784/547 1725/1785/547 914/914/547 1726/1786/547
f 1727/1787/548 1728/1788/548 1729/1789/548 365/1790/548
f 1730/1791/549 613/1792/549 1731/1793/549 1732/1794/549
f 1733/1795/550 1734/1796/550 476/476/550 517/517/550
f 449/449/551 1735/1797/551 1736/1798/551 1134/1134/551
f 500/500/552 489/489/552 1737/1799/552 1738/1800/552
f 1739/1801/553 1740/1802/553 532/532/553 126/126/553
f 524/524/554 130/130/554 1741/1803/554 1742/1804/554
f 1743/1805/555 528/528/555 174/174/555 1744/1806/555
f 1745/1807/556 548/548/556 110/110/556 1746/1808/556
f 481/481/557 1747/1809/557 1748/1810/557 536/536/557
f 580/580/558 473/473/558 1749/1811/558 1750/1812/558
f 1751/1813/559 544/544/559 134/134/559 1752/1814/559
f 1753/1815/560 1754/1816/560 15/15/560 74/74/560
f 1755/1817/561 636/636/561 82/82/561 1756/1818/561
f 545/545/562 1757/1819/562 1758/1820/562 552/552/562
f 1759/1821/563 1760/1822/563 496/496/563 477/477/563
f 520/520/564 501/501/564 1761/1823/564 1762/1824/564
f 1135/1135/565 1763/1825/565 1764/1826/565 584/584/565
f 1765/1827/566 1766/1828/566 564/564/566 533/533/566
f 525/525/567 1767/1829/567 1768/1830/567 568/568/567
f 529/529/568 1769/1831/568 1770/1832/568 572/572/568
f 1771/1833/569 576/576/569 537/537/569 1772/1834/569
f 1773/1835/570 1774/1836/570 432/432/570 8/8/570
f 1775/1837/571 356/356/571 521/521/571 1776/1838/571
f 1777/1839/572 368/368/572 497/497/572 1778/1840/572
f 364/364/573 585/585/573 1779/1841/573 1780/1842/573
f 344/344/574 565/565/574 1781/1843/574 1782/1844/574
f 1783/1845/575 1283/1283/575 569/569/575 1784/1846/575
f 1785/1847/576 428/428/576 573/573/576 1786/1848/576
f 632/632/577 577/577/577 1787/1849/577 1788/1850/577
f 1279/1279/578 553/553/578 1789/1851/578 1790/1852/578
f 1791/1853/579 1792/1854/579 1793/1855/579 1271/1271/579
f 1794/1856/580 1795/1857/580 372/372/580 4/4/580
f 1796/1858/581 644/644/581 513/513/581 1797/1859/581
f 1798/1860/582 1284/1861/582 1799/1862/582 1800/1863/582
f 1801/1864/583 1802/1865/583 561/1866/583 1803/1867/583
f 1804/1868/584 1805/1869/584 1806/1870/584 12/1871/584
f 1807/1872/585 1808/1873/585 1809/1874/585 1280/1875/585
f 1262/1262/586 1273/1273/586 1258/1258/586 756/756/586
f 1259/1259/587 1276/1276/587 1254/1254/587 286/286/587
f 404/404/588 437/437/588 1810/1876/588 1811/1877/588
f 1812/1878/589 1813/1879/589 942/942/589 863/863/589
f 1814/1880/590 1815/1881/590 1335/1335/590 859/859/590
f 1816/1882/591 1331/1331/591 66/66/591 1817/1883/591
f 1818/1884/592 922/922/592 1234/1234/592 1819/1885/592
f 903/903/593 1820/1886/593 1821/1887/593 1233/1233/593
f 1822/1888/594 950/950/594 1226/1226/594 1823/1889/594
f 1824/1890/595 1825/1891/595 1002/1002/595 883/883/595
f 1826/1892/596 1827/1893/596 930/930/596 955/955/596
f 867/867/597 1828/1894/597 1829/1895/597 1006/1006/597
f 412/412/598 871/871/598 1830/1896/598 1831/1897/598
f 1355/1355/599 1360/1360/599 1832/1898/599 1833/1899/599
f 1359/1359/600 879/879/600 1834/1900/600 1835/1901/600
f 1836/1902/601 1837/1903/601 958/958/601 855/855/601
f 1242/1242/602 1838/1904/602 1839/1905/602 910/910/602
f 1327/1327/603 70/70/603 1840/1906/603 1841/1907/603
f 1842/1908/604 931/1909/604 1843/1910/604 1844/1911/604
f 24/1912/605 1845/1913/605 1846/1914/605 1847/1915/605
f 1336/1916/606 1848/1917/606 1849/1918/606 1850/1919/606
f 1851/1920/607 1852/1921/607 1853/1922/607 1356/1923/607
f 1854/1924/608 1328/1925/608 1855/1926/608 1856/1927/608
f 1857/1928/609 1858/1929/609 979/1930/609 1859/1931/609
f 1860/1932/610 978/978/610 1352/1352/610 1861/1933/610
f 1043/1043/611 1862/1934/611 1863/1935/611 946/946/611
f 1864/1936/612 388/388/612 1031/1031/612 1865/1937/612
f 1866/1938/613 376/376/613 1035/1035/613 1867/1939/613
f 1022/1022/614 397/397/614 1868/1940/614 1869/1941/614
f 1870/1942/615 1871/1943/615 1062/1062/615 401/401/615
f 1344/1344/616 1872/1944/616 1873/1945/616 1050/1050/616
f 1874/1946/617 1875/1947/617 1343/1948/617 1876/1949/617
f 927/927/618 1877/1950/618 1878/1951/618 1054/1054/618
f 1879/1952/619 1066/1066/619 1340/1340/619 1880/1953/619
f 1881/1954/620 1882/1955/620 1034/1034/620 907/907/620
f 1030/1030/621 939/939/621 1883/1956/621 1884/1957/621
f 1885/1958/622 1886/1959/622 938/1960/622 1887/1961/622
f 1888/1962/623 1889/1963/623 1351/1351/623 393/393/623
f 1890/1964/624 1891/1965/624 1046/1046/624 1015/1015/624
f 380/380/625 1071/1071/625 1892/1966/625 1893/1967/625
f 1894/1968/626 970/970/626 1063/1063/626 1895/1969/626
f 1896/1970/627 1897/1971/627 1898/1972/627 975/1973/627
f 1292/1974/628 1899/1975/628 1900/1976/628 1901/1977/628
f 1902/1978/629 1903/1979/629 1291/1291/629 1023/1023/629
f 1904/1980/630 1300/1981/630 1905/1982/630 1906/1983/630
f 1299/1299/631 1067/1067/631 1907/1984/631 1908/1985/631
f 1909/1986/632 1910/1987/632 1911/1988/632 1304/1989/632
f 987/987/633 1912/1990/633 1913/1991/633 1303/1303/633
f 1914/1992/634 1308/1993/634 1915/1994/634 1916/1995/634
f 1051/1051/635 1917/1996/635 1918/1997/635 1307/1307/635
f 1919/1998/636 1018/1018/636 1055/1055/636 1920/1999/636
f 1921/2000/637 1922/2001/637 1923/2002/637 1019/2003/637
f 991/2004/638 1924/2005/638 1925/2006/638 1926/2007/638
f 1927/2008/639 1928/2009/639 990/990/639 1296/1296/639
f 1039/1039/640 1929/2010/640 1930/2011/640 962/962/640
f 1058/2012/641 1931/2013/641 1932/2014/641 1933/2015/641
f 986/986/642 409/409/642 1934/2016/642 1935/2017/642
f 1295/1295/643 1348/1348/643 1936/2018/643 1937/2019/643
f 1938/2020/644 1038/1038/644 1027/1027/644 1939/2021/644
f 1940/2022/645 1941/2023/645 1026/2024/645 1942/2025/645
f 1324/1324/646 1943/2026/646 1944/2027/646 1042/1042/646
f 1070/1070/647 1320/1320/647 1945/2028/647 1946/2029/647
f 1947/2030/648 1319/2031/648 1948/2032/648 1949/2033/648
f 1950/2034/649 1951/2035/649 1014/1014/649 995/995/649
f 1118/1118/650 1011/1011/650 1952/2036/650 1953/2037/650
f 1267/1267/651 1191/1191/651 1954/2038/651 1955/2039/651
f 1956/2040/652 1268/2041/652 1957/2042/652 1958/2043/652
f 1959/2044/653 1126/1126/653 1175/1175/653 1960/2045/653
f 1179/2046/654 1961/2047/654 1962/2048/654 1963/2049/654
f 1964/2050/655 1965/2051/655 32/2052/655 1966/2053/655
f 1967/2054/656 1968/2055/656 1202/1202/656 1312/1312/656
f 1311/2056/657 1969/2057/657 1970/2058/657 1971/2059/657
f 1972/2060/658 1973/2061/658 1206/2062/658 1974/2063/658
f 1207/1207/659 1975/2064/659 1976/2065/659 1174/1174/659
f 1977/2066/660 1098/1098/660 385/385/660 1978/2067/660
f 1979/2068/661 1158/1158/661 641/641/661 1980/2069/661
f 1981/2070/662 1982/2071/662 1090/1090/662 1167/1167/662
f 1316/1316/663 1983/2072/663 1984/2073/663 1162/1162/663
f 1315/2074/664 1985/2075/664 1986/2076/664 1987/2077/664
f 1988/2078/665 1182/1182/665 1147/1147/665 1989/2079/665
f 1990/2080/666 1991/2081/666 1150/1150/666 1171/1171/666
f 1992/2082/667 1170/2083/667 1993/2084/667 1994/2085/667
f 1995/2086/668 1996/2087/668 1997/2088/668 1078/2089/668
f 1079/1079/669 1998/2090/669 1999/2091/669 1010/1010/669
f 2000/2092/670 624/624/670 1183/1183/670 2001/2093/670
f 2002/2094/671 2003/2095/671 1114/1114/671 1151/1151/671
f 2004/2096/672 360/360/672 1187/1187/672 2005/2097/672
f 1155/1155/673 2006/2098/673 2007/2099/673 1194/1194/673
f 2008/2100/674 608/608/674 1203/1203/674 2009/2101/674
f 2010/2102/675 2011/2103/675 612/612/675 1099/1099/675
f 2012/2104/676 2013/2105/676 616/616/676 1159/1159/676
f 2014/2106/677 1087/2107/677 2015/2108/677 2016/2109/677
f 2017/2110/678 2018/2111/678 1086/1086/678 1091/1091/678
f 1102/1102/679 1163/1163/679 2019/2112/679 2020/2113/679
f 2021/2114/680 2022/2115/680 1154/1154/680 1143/1143/680
f 2023/2116/681 1142/2117/681 2024/2118/681 2025/2119/681
f 2026/2120/682 2027/2121/682 2028/2122/682 1198/2123/682
f 2029/2124/683 1186/1186/683 1199/1199/683 2030/2125/683
f 1082/2126/684 2031/2127/684 2032/2128/684 2033/2129/684
f 1288/1288/685 2034/2130/685 2035/2131/685 1190/1190/685
f 902/902/686 2036/2132/686 2037/2133/686 2038/2134/686
f 2039/2135/687 1910/1987/687 1909/1986/687 1289/2136/687
f 1069/1069/688 1951/2035/688 1950/2034/688 1317/1317/688
f 885/885/689 1816/1882/689 1817/1883/689 646/646/689
f 228/228/690 227/227/690 230/230/690 232/232/690
f 2040/2137/691 1808/1873/691 1807/1872/691 1269/2138/691
f 2041/2139/692 1562/1578/692 1561/1577/692 614/2140/692
f 407/2141/693 1681/1737/693 1683/1740/693 2042/2142/693
f 1833/1899/694 1851/2143/694 1356/1356/694 1355/1355/694
f 1698/1758/695 1826/1892/695 955/955/695 954/954/695
f 1093/2144/696 1610/1642/696 1609/1641/696 2043/2145/696
f 1405/1405/697 1845/2146/697 24/24/697 23/23/697
f 166/166/698 165/165/698 125/125/698 124/124/698
f 1481/1481/699 1498/1498/699 137/137/699 136/136/699
f 765/765/700 764/764/700 54/54/700 53/53/700
f 1389/1389/701 1804/2147/701 12/12/701 11/11/701
f 391/2148/702 1886/1959/702 1885/1958/702 2044/2149/702
f 687/687/703 686/686/703 256/256/703 259/259/703
f 1316/1316/704 1315/1315/704 1987/2150/704 1983/2072/704
f 2045/2151/705 1969/2057/705 1311/2056/705 1310/2152/705
f 637/637/706 636/636/706 1755/1817/706 1394/1394/706
f 851/851/707 850/850/707 750/750/707 749/749/707
f 1710/1770/708 1838/1904/708 1242/1242/708 1241/1241/708
f 176/176/709 175/175/709 1510/1510/709 122/122/709
f 337/337/710 336/336/710 813/813/710 812/812/710
f 1204/1204/711 1207/1207/711 1174/1174/711 1173/1173/711
f 741/741/712 740/740/712 246/246/712 245/245/712
f 1040/1040/713 1043/1043/713 946/946/713 945/945/713
f 842/842/714 841/841/714 828/828/714 831/831/714
f 151/151/715 154/154/715 488/488/715 487/487/715
f 574/574/716 577/577/716 632/632/716 631/631/716
f 1048/1048/717 1051/1051/717 1307/1307/717 1306/1306/717
f 983/983/718 982/982/718 1409/1409/718 1406/1406/718
f 1127/1127/719 1126/1126/719 1959/2044/719 1549/2153/719
f 1751/1813/720 1757/1819/720 545/545/720 544/544/720
f 1869/1941/721 1902/1978/721 1023/1023/721 1022/1022/721
f 1712/1772/722 1836/1902/722 855/855/722 854/854/722
f 1160/1160/723 1163/1163/723 1102/1102/723 1101/1101/723
f 1281/2154/724 1284/1861/724 1798/1860/724 2046/2155/724
f 446/446/725 449/449/725 1134/1134/725 1133/1133/725
f 1320/1320/726 1319/1319/726 1947/2156/726 1945/2028/726
f 900/900/727 903/903/727 1233/1233/727 1232/1232/727
f 845/845/728 844/844/728 321/321/728 320/320/728
f 108/108/729 1502/1502/729 1503/1503/729 462/462/729
f 56/56/730 59/59/730 53/53/730 52/52/730
f 267/267/731 266/266/731 263/263/731 265/265/731
f 41/41/732 44/44/732 711/711/732 710/710/732
f 1068/1068/733 1071/1071/733 380/380/733 379/379/733
f 255/255/734 254/254/734 675/675/734 674/674/734
f 111/111/735 114/114/735 600/600/735 599/599/735
f 807/807/736 806/806/736 797/797/736 796/796/736
f 1591/2157/737 1981/2070/737 1167/1167/737 1166/1166/737
f 9/2158/738 12/1871/738 1806/1870/738 2047/2159/738
f 1984/2073/739 2019/2112/739 1163/1163/739 1162/1162/739
f 1012/1012/740 1015/1015/740 1046/1046/740 1045/1045/740
f 1399/1399/741 1645/2160/741 887/887/741 886/886/741
f 549/549/742 548/548/742 1745/1807/742 1384/1384/742
f 1119/1119/743 1118/1118/743 1953/2037/743 1573/2161/743
f 1005/1005/744 1833/1899/744 1832/1898/744 864/864/744
f 977/977/745 1864/1936/745 1865/1937/745 1349/1349/745
f 1721/1781/746 1723/1783/746 875/875/746 874/874/746
f 340/340/747 339/339/747 334/334/747 337/337/747
f 709/709/748 708/708/748 695/695/748 694/694/748
f 947/947/749 946/946/749 1863/1935/749 1582/2162/749
f 1209/1209/750 2013/2105/750 2012/2104/750 1136/1136/750
f 478/478/751 481/481/751 536/536/751 535/535/751
f 158/158/752 157/157/752 81/81/752 80/80/752
f 1192/2163/753 1195/1542/753 1534/1541/753 2048/2164/753
f 320/320/754 319/319/754 804/804/754 807/807/754
f 987/987/755 986/986/755 1935/2017/755 1912/1990/755
f 1165/2165/756 1605/1636/756 1604/1635/756 2049/2166/756
f 749/749/757 752/752/757 292/292/757 291/291/757
f 1357/1357/758 1360/1360/758 1355/1355/758 1354/1354/758
f 299/299/759 298/298/759 835/835/759 834/834/759
f 1478/1478/760 1752/1814/760 134/134/760 133/133/760
f 282/282/761 285/285/761 1213/1213/761 1212/1212/761
f 128/128/762 1506/1506/762 450/450/762 453/453/762
f 79/79/763 82/82/763 636/636/763 635/635/763
f 578/578/764 581/581/764 620/620/764 619/619/764
f 1692/2167/765 1881/1954/765 907/907/765 906/906/765
f 1771/1833/766 1787/1849/766 577/577/766 576/576/766
f 1736/1798/767 1763/1825/767 1135/1135/767 1134/1134/767
f 1379/1379/768 1380/1380/768 605/605/768 604/604/768
f 1137/1137/769 1979/2068/769 1980/2069/769 1120/1120/769
f 716/716/770 719/719/770 43/43/770 42/42/770
f 1474/1474/771 1496/1496/771 468/468/771 467/467/771
f 2050/2168/772 2031/2127/772 1082/2126/772 1081/2169/772
f 923/923/773 922/922/773 1818/1884/773 1656/2170/773
f 1480/1480/774 1756/1818/774 82/82/774 81/81/774
f 782/782/775 1451/1451/775 1450/1450/775 2051/2171/775
f 1092/1092/776 1095/1095/776 1106/1106/776 1105/1105/776
f 558/2172/777 561/1866/777 1802/1865/777 2052/2173/777
f 956/2174/778 959/1673/778 1635/1676/778 2053/2175/778
f 1277/2176/779 1280/1875/779 1809/1874/779 2054/2177/779
f 940/2178/780 943/1729/780 1677/1732/780 2055/2179/780
f 2056/2180/781 1844/1911/781 1843/1910/781 402/2181/781
f 1262/1262/782 1264/1264/782 1274/1274/782 1273/1273/782
f 87/87/783 1487/1487/783 105/105/783 104/104/783
f 1669/2182/784 1877/1950/784 927/927/784 926/926/784
f 413/413/785 412/412/785 1831/1897/785 1687/2183/785
f 1919/1998/786 1921/2184/786 1019/1019/786 1018/1018/786
f 1321/1321/787 1324/1324/787 1042/1042/787 1041/1041/787
f 410/2185/788 413/1748/788 1689/1747/788 2057/2186/788
f 1228/1228/789 1227/1227/789 465/465/789 464/464/789
f 1333/2187/790 1336/1916/790 1850/1919/790 2058/2188/790
f 1365/1365/791 1792/1854/791 1791/1853/791 1366/1366/791
f 932/932/792 935/935/792 27/27/792 26/26/792
f 1152/1152/793 1155/1155/793 1194/1194/793 1193/1193/793
f 1290/1290/794 1913/1991/794 1912/1990/794 1020/1020/794
f 319/319/795 318/318/795 811/811/795 810/810/795
f 186/186/796 189/189/796 441/441/796 440/440/796
f 791/791/797 790/790/797 825/825/797 824/824/797
f 190/190/798 193/193/798 189/189/798 188/188/798
f 347/347/799 346/346/799 293/293/799 292/292/799
f 734/734/800 733/733/800 241/241/800 243/243/800
f 538/538/801 541/541/801 556/556/801 555/555/801
f 1397/1397/802 1540/2189/802 20/20/802 19/19/802
f 665/665/803 664/664/803 699/699/803 698/698/803
f 1300/1300/804 1299/1299/804 1908/1985/804 1905/2190/804
f 59/59/805 58/58/805 278/278/805 277/277/805
f 2059/2191/806 1608/1640/806 1607/1639/806 378/2192/806
f 833/833/807 832/832/807 317/317/807 316/316/807
f 876/876/808 879/879/808 1359/1359/808 1358/1358/808
f 562/562/809 565/565/809 344/344/809 343/343/809
f 1762/1824/810 1776/1838/810 521/521/810 520/520/810
f 2060/2193/811 1602/1632/811 384/1631/811 383/2194/811
f 1387/1387/812 1388/1388/812 621/621/812 620/620/812
f 1286/2195/813 1997/2088/813 1996/2087/813 2061/2196/813
f 1748/1810/814 1772/1834/814 537/537/814 536/536/814
f 1352/1352/815 1351/1351/815 1889/1963/815 1861/1933/815
f 2062/2197/816 1876/1949/816 1343/1948/816 1342/2198/816
f 1722/1782/817 1824/1890/817 883/883/817 882/882/817
f 138/138/818 137/137/818 444/444/818 443/443/818
f 351/351/819 350/350/819 297/297/819 296/296/819
f 339/339/820 338/338/820 349/349/820 348/348/820
f 2063/2199/821 1758/1820/821 1757/1819/821 586/586/821
f 789/789/822 788/788/822 309/309/822 308/308/822
f 471/471/823 1484/1484/823 1227/1227/823 1230/1230/823
f 1617/2200/824 2034/2130/824 1288/1288/824 1287/1287/824
f 1164/1164/825 1167/1167/825 1090/1090/825 1089/1089/825
f 60/60/826 62/62/826 283/283/826 282/282/826
f 999/999/827 998/998/827 1641/2201/827 1410/1410/827
f 1783/1845/828 1799/2202/828 1284/1284/828 1283/1283/828
f 2064/2203/829 1648/1694/829 994/1693/829 993/2204/829
f 1419/1419/830 1420/1420/830 1107/1107/830 1106/1106/830
f 426/2205/831 429/1581/831 1566/1584/831 2065/2206/831
f 724/724/832 726/726/832 211/211/832 210/210/832
f 2066/2207/833 1931/2013/833 1058/2012/833 1057/2208/833
f 2067/2209/834 1805/1869/834 1804/1868/834 554/2210/834
f 834/834/835 833/833/835 792/792/835 795/795/835
f 226/226/836 225/225/836 701/701/836 700/700/836
f 2068/2211/837 1716/1776/837 1363/1363/837 1362/1362/837
f 415/415/838 1708/1768/838 1707/1767/838 2069/2212/838
f 1171/1171/839 1170/1170/839 1992/2213/839 1990/2080/839
f 452/452/840 451/451/840 1505/1505/840 1503/1503/840
f 1201/1201/841 1977/2066/841 1978/2067/841 1309/1309/841
f 925/2214/842 1875/1947/842 1874/1946/842 2070/2215/842
f 686/686/843 689/689/843 681/681/843 680/680/843
f 694/694/844 697/697/844 717/717/844 716/716/844
f 1423/1423/845 1516/2216/845 1211/1211/845 1210/1210/845
f 2071/2217/846 1974/2063/846 1206/2062/846 1205/2218/846
f 1506/1506/847 1735/1797/847 449/449/847 448/448/847
f 1001/1001/848 1829/1895/848 1828/1894/848 880/880/848
f 550/550/849 553/553/849 1279/1279/849 1278/1278/849
f 100/100/850 99/99/850 114/114/850 113/113/850
f 1035/1035/851 1034/1034/851 1882/1955/851 1867/1939/851
f 1149/1149/852 2029/2124/852 2030/2125/852 1168/1168/852
f 1662/2219/853 1870/1942/853 401/401/853 400/400/853
f 1708/1768/854 1711/1771/854 1246/1246/854 1245/1245/854
f 1469/1469/855 1479/1479/855 157/157/855 156/156/855
f 485/485/856 484/484/856 1485/1485/856 1368/1368/856
f 1143/1143/857 1142/1142/857 2023/2220/857 2021/2114/857
f 1039/1039/858 1038/1038/858 1938/2020/858 1929/2010/858
f 277/277/859 276/276/859 763/763/859 765/765/859
f 248/248/860 251/251/860 728/728/860 727/727/860
f 735/735/861 734/734/861 657/657/861 656/656/861
f 669/669/862 672/672/862 215/215/862 214/214/862
f 1579/2221/863 1980/2069/863 641/641/863 640/640/863
f 911/911/864 910/910/864 1839/1905/864 1632/2222/864
f 762/762/865 761/761/865 57/57/865 56/56/865
f 2072/2223/866 1553/1566/866 1552/1565/866 366/2224/866
f 205/205/867 204/204/867 198/198/867 200/200/867
f 463/463/868 1505/1505/868 120/120/868 119/119/868
f 1393/1393/869 1571/2225/869 557/557/869 556/556/869
f 771/771/870 770/770/870 759/759/870 762/762/870
f 405/405/871 404/404/871 1811/1877/871 1674/2226/871
f 374/2227/872 377/1611/872 1586/1610/872 2073/2228/872
f 597/597/873 596/596/873 1377/1377/873 1374/1374/873
f 291/291/874 290/290/874 839/839/874 838/838/874
f 286/286/875 289/289/875 1260/1260/875 1259/1259/875
f 67/67/876 70/70/876 1327/1327/876 1326/1326/876
f 1188/1188/877 1191/1191/877 1267/1267/877 1266/1266/877
f 680/680/878 682/682/878 270/270/878 269/269/878
f 210/210/879 212/212/879 49/49/879 48/48/879
f 1276/1276/880 1275/1275/880 1255/1255/880 1254/1254/880
f 831/831/881 830/830/881 307/307/881 306/306/881
f 225/225/882 224/224/882 217/217/882 219/219/882
f 162/162/883 161/161/883 516/516/883 515/515/883
f 957/957/884 1839/1905/884 1838/1904/884 852/852/884
f 451/451/885 450/450/885 150/150/885 149/149/885
f 1407/1407/886 1896/2229/886 975/975/886 974/974/886
f 2074/2230/887 1445/1445/887 1249/1249/887 1248/1248/887
f 1125/1125/888 2008/2100/888 2009/2101/888 1172/1172/888
f 727/727/889 729/729/889 731/731/889 730/730/889
f 1982/2071/890 2017/2110/890 1091/1091/890 1090/1090/890
f 1220/1220/891 1725/1785/891 1724/1784/891 2075/2231/891
f 1325/2232/892 1328/1925/892 1854/1924/892 2076/2233/892
f 1047/1047/893 1046/1046/893 1891/1965/893 1607/2234/893
f 1141/2235/894 2033/2129/894 2032/2128/894 2077/2236/894
f 357/357/895 356/356/895 1775/1837/895 1513/2237/895
f 1180/1180/896 1183/1183/896 624/624/896 623/623/896
f 514/514/897 517/517/897 476/476/897 475/475/897
f 493/493/898 492/492/898 1491/1491/898 1378/1378/898
f 362/2238/899 365/1790/899 1729/1789/899 2078/2239/899
f 649/649/900 648/648/900 1401/1401/900 1398/1398/900
f 442/442/901 445/445/901 193/193/901 192/192/901
f 398/398/902 401/401/902 1062/1062/902 1061/1061/902
f 285/285/903 284/284/903 767/767/903 766/766/903
f 1191/1191/904 1190/1190/904 2035/2131/904 1954/2038/904
f 232/232/905 231/231/905 222/222/905 221/221/905
f 358/2240/906 361/1547/906 1538/1546/906 2079/2241/906
f 742/742/907 745/745/907 721/721/907 720/720/907
f 1031/1031/908 1030/1030/908 1884/1957/908 1865/1937/908
f 1021/1021/909 1935/2017/909 1934/2016/909 394/394/909
f 209/209/910 208/208/910 718/718/910 717/717/910
f 617/617/911 616/616/911 2013/2105/911 1528/2242/911
f 1076/1076/912 1079/1079/912 1010/1010/912 1009/1009/912
f 1601/2243/913 1978/2067/913 385/385/913 384/384/913
f 965/965/914 1991/2081/914 1990/2080/914 1072/1072/914
f 815/815/915 814/814/915 805/805/915 804/804/915
f 746/746/916 748/748/916 261/261/916 260/260/916
f 526/526/917 529/529/917 572/572/917 571/571/917
f 1084/2244/918 1087/2107/918 2014/2106/918 2080/2245/918
f 1955/2039/919 1957/2246/919 1268/1268/919 1267/1267/919
f 390/390/920 393/393/920 1351/1351/920 1350/1350/920
f 1117/1117/921 1959/2044/921 1960/2045/921 1008/1008/921
f 1734/1796/922 1759/1821/922 477/477/922 476/476/922
f 1500/1500/923 1739/1801/923 126/126/923 125/125/923
f 909/909/924 1841/1907/924 1840/1906/924 1239/1239/924
f 1501/1501/925 1744/1806/925 174/174/925 173/173/925
f 423/423/926 1702/1762/926 1704/1764/926 2081/2247/926
f 135/135/927 1492/1492/927 153/153/927 152/152/927
f 2082/2248/928 1578/1600/928 1577/1599/928 370/2249/928
f 872/872/929 875/875/929 882/882/929 881/881/929
f 730/730/930 732/732/930 659/659/930 658/658/930
f 891/891/931 890/890/931 1443/1443/931 1440/1440/931
f 98/98/932 97/97/932 484/484/932 483/483/932
f 979/979/933 978/978/933 1860/1932/933 1859/2250/933
f 921/921/934 1825/1891/934 1824/1890/934 1231/1231/934
f 705/705/935 704/704/935 1109/1109/935 1108/1108/935
f 2028/2251/936 2030/2125/936 1199/1199/936 1198/1198/936
f 1373/1373/937 1794/1856/937 4/4/937 3/3/937
f 996/996/938 999/999/938 934/934/938 933/933/938
f 1088/1088/939 1091/1091/939 1086/1086/939 1085/1085/939
f 769/769/940 768/768/940 281/281/940 280/280/940
f 1083/1083/941 1082/1082/941 2033/2252/941 1426/1426/941
f 661/661/942 660/660/942 655/655/942 654/654/942
f 1758/1820/943 1789/1851/943 553/553/943 552/552/943
f 1/1/944 4/4/944 372/372/944 371/371/944
f 1123/1123/945 1122/1122/945 1588/2253/945 1424/1424/945
f 770/770/946 773/773/946 684/684/946 683/683/946
f 13/13/947 16/16/947 540/540/947 539/539/947
f 63/63/948 66/66/948 1331/1331/948 1330/1330/948
f 1472/1472/949 1747/1809/949 481/481/949 480/480/949
f 331/331/950 330/330/950 823/823/950 822/822/950
f 810/810/951 809/809/951 812/812/951 815/815/951
f 710/710/952 712/712/952 714/714/952 713/713/952
f 997/2254/953 1933/2015/953 1932/2014/953 2083/2255/953
f 960/2256/954 963/1625/954 1599/1628/954 2084/2257/954
f 76/76/955 75/75/955 142/142/955 141/141/955
f 602/602/956 605/605/956 7/7/956 6/6/956
f 1195/1195/957 1194/1194/957 2007/2099/957 1535/2258/957
f 260/260/958 262/262/958 743/743/958 742/742/958
f 1052/1052/959 1055/1055/959 1018/1018/959 1017/1017/959
f 474/474/960 477/477/960 496/496/960 495/495/960
f 306/306/961 309/309/961 296/296/961 295/295/961
f 2085/2259/962 2036/2132/962 902/902/962 901/901/962
f 522/522/963 525/525/963 568/568/963 567/567/963
f 971/971/964 970/970/964 1894/1968/964 1618/2260/964
f 1701/1761/965 1810/1876/965 437/437/965 436/436/965
f 884/2261/966 887/1692/966 1647/1691/966 2086/2262/966
f 303/303/967 302/302/967 752/752/967 751/751/967
f 857/857/968 1705/1765/968 1706/1766/968 781/781/968
f 2087/2263/969 1887/1961/969 938/1960/969 937/2264/969
f 1451/1451/970 1706/1766/970 425/425/970 424/424/970
f 1482/1482/971 1490/1490/971 101/101/971 100/100/971
f 219/219/972 218/218/972 671/671/972 670/670/972
f 42/42/973 41/41/973 706/706/973 709/709/973
f 2088/2265/974 1856/1927/974 1855/1926/974 908/2266/974
f 269/269/975 271/271/975 257/257/975 256/256/975
f 2089/2267/976 1719/1779/976 874/874/976 873/873/976
f 1988/2078/977 2001/2093/977 1183/1183/977 1182/1182/977
f 1169/2268/978 2028/2122/978 2027/2121/978 2090/2269/978
f 929/929/979 1831/1897/979 1830/1896/979 952/952/979
f 194/194/980 197/197/980 178/178/980 177/177/980
f 916/916/981 919/919/981 23/23/981 22/22/981
f 182/182/982 185/185/982 445/445/982 444/444/982
f 1087/1087/983 1086/1086/983 2018/2111/983 2015/2270/983
f 1353/2271/984 1356/1923/984 1853/1922/984 2091/2272/984
f 1467/1467/985 1510/1510/985 145/145/985 144/144/985
f 827/827/986 826/826/986 817/817/986 816/816/986
f 342/2273/987 345/1530/987 1525/1529/987 2092/2274/987
f 639/2275/988 1987/2077/988 1986/2076/988 2093/2276/988
f 959/959/989 958/958/989 1837/1903/989 1633/2277/989
f 2094/2278/990 1791/1853/990 1271/1271/990 1270/1270/990
f 2095/2279/991 1666/1717/991 1668/1720/991 920/2280/991
f 77/77/992 76/76/992 1475/1475/992 1473/1473/992
f 486/486/993 489/489/993 500/500/993 499/499/993
f 1296/1296/994 1295/1295/994 1937/2019/994 1927/2008/994
f 52/52/995 55/55/995 772/772/995 771/771/995
f 1177/1177/996 2003/2095/996 2002/2094/996 964/964/996
f 856/856/997 859/859/997 1335/1335/997 1334/1334/997
f 1383/1383/998 1803/2281/998 561/561/998 560/560/998
f 2096/2282/999 1589/1615/999 1122/1614/999 1121/2283/999
f 1395/1395/1000 1396/1396/1000 509/509/1000 508/508/1000
f 361/361/1001 360/360/1001 2004/2096/1001 1539/2284/1001
f 1308/1308/1002 1307/1307/1002 1918/1997/1002 1915/2285/1002
f 490/490/1003 493/493/1003 604/604/1003 603/603/1003
f 183/183/1004 182/182/1004 1498/1498/1004 94/94/1004
f 1016/2286/1005 1019/2003/1005 1923/2002/1005 2097/2287/1005
f 1257/1257/1006 1256/1256/1006 1218/1218/1006 1217/1217/1006
f 1770/1832/1007 1786/1848/1007 573/573/1007 572/572/1007
f 325/325/1008 324/324/1008 801/801/1008 800/800/1008
f 1977/2066/1009 2010/2102/1009 1099/1099/1009 1098/1098/1009
f 530/530/1010 533/533/1010 564/564/1010 563/563/1010
f 2098/2288/1011 1638/1680/1011 1323/1679/1011 1322/2289/1011
f 1470/1470/1012 1497/1497/1012 93/93/1012 92/92/1012
f 1247/1247/1013 1250/1250/1013 69/69/1013 68/68/1013
f 1427/1427/1014 1429/1429/1014 1131/1131/1014 1130/1130/1014
f 1003/1003/1015 1002/1002/1015 1825/1891/1015 1668/2290/1015
f 1476/1476/1016 1486/1486/1016 97/97/1016 96/96/1016
f 1075/1075/1017 1074/1074/1017 1610/2291/1017 1417/1417/1017
f 1108/1108/1018 1111/1111/1018 38/38/1018 37/37/1018
f 1095/1095/1019 1094/1094/1019 1605/2292/1019 1418/1418/1019
f 1007/1007/1020 1006/1006/1020 1829/1895/1020 1686/2293/1020
f 1381/1381/1021 1773/1835/1021 8/8/1021 7/7/1021
f 2099/2294/1022 1995/2086/1022 1078/2089/1022 1077/2295/1022
f 2100/2296/1023 1732/1794/1023 1731/1793/1023 606/2297/1023
f 1011/1011/1024 1010/1010/1024 1999/2091/1024 1952/2036/1024
f 1071/1071/1025 1070/1070/1025 1946/2029/1025 1892/1966/1025
f 295/295/1026 294/294/1026 843/843/1026 842/842/1026
f 654/654/1027 657/657/1027 238/238/1027 237/237/1027
f 1477/1477/1028 1507/1507/1028 89/89/1028 88/88/1028
f 1181/1181/1029 2035/2131/1029 2034/2130/1029 1144/1144/1029
f 1871/1943/1030 1895/1969/1030 1063/1063/1030 1062/1062/1030
f 1435/1435/1031 1438/1438/1031 421/421/1031 420/420/1031
f 1415/1415/1032 1961/2298/1032 1179/1179/1032 1178/1178/1032
f 2101/2299/1033 1541/1551/1033 1540/1550/1033 642/2300/1033
f 774/774/1034 777/777/1034 1214/1214/1034 1213/1213/1034
f 381/381/1035 380/380/1035 1893/1967/1035 1594/2301/1035
f 466/466/1036 1477/1477/1036 460/460/1036 459/459/1036
f 1112/2302/1037 1115/1586/1037 1567/1585/1037 2102/2303/1037
f 479/479/1038 1501/1501/1038 75/75/1038 78/78/1038
f 1073/2304/1039 1992/2082/1039 1994/2085/1039 2103/2305/1039
f 1015/1015/1040 1014/1014/1040 1951/2035/1040 1890/1964/1040
f 1155/1155/1041 1154/1154/1041 2022/2115/1041 2006/2098/1041
f 1234/1234/1042 1233/1233/1042 1821/1887/1042 1819/1885/1042
f 627/627/1043 1768/1830/1043 1767/1829/1043 546/546/1043
f 123/123/1044 126/126/1044 532/532/1044 531/531/1044
f 328/328/1045 327/327/1045 322/322/1045 325/325/1045
f 46/46/1046 45/45/1046 207/207/1046 209/209/1046
f 589/589/1047 588/588/1047 1369/1369/1047 1367/1367/1047
f 1878/1951/1048 1920/1999/1048 1055/1055/1048 1054/1054/1048
f 1979/2068/1049 2012/2104/1049 1159/1159/1049 1158/1158/1049
f 1650/2306/1050 1950/2034/1050 995/995/1050 994/994/1050
f 389/389/1051 388/388/1051 1864/1936/1051 1621/2307/1051
f 2104/2308/1052 1900/1976/1052 1899/1975/1052 968/2309/1052
f 1768/1830/1053 1784/1846/1053 569/569/1053 568/568/1053
f 939/939/1054 938/938/1054 1886/2310/1054 1883/1956/1054
f 431/431/1055 1796/1858/1055 1797/1859/1055 5/5/1055
f 365/365/1056 364/364/1056 1780/1842/1056 1727/2311/1056
f 1428/1428/1057 1521/2312/1057 36/36/1057 35/35/1057
f 1449/1449/1058 1840/1906/1058 70/70/1058 69/69/1058
f 179/179/1059 181/181/1059 703/703/1059 702/702/1059
f 1695/1755/1060 1699/1759/1060 895/895/1060 894/894/1060
f 2105/2313/1061 1458/1458/1061 898/898/1061 897/897/1061
f 438/438/1062 441/441/1062 197/197/1062 196/196/1062
f 458/458/1063 461/461/1063 133/133/1063 132/132/1063
f 369/369/1064 368/368/1064 1777/1839/1064 1543/2314/1064
f 167/167/1065 170/170/1065 185/185/1065 184/184/1065
f 305/305/1066 304/304/1066 335/335/1066 334/334/1066
f 2106/2315/1067 1436/1436/1067 420/420/1067 419/419/1067
f 280/280/1068 279/279/1068 778/778/1068 780/780/1068
f 127/127/1069 130/130/1069 524/524/1069 523/523/1069
f 29/2316/1070 32/2052/1070 1965/2051/1070 2107/2317/1070
f 973/973/1071 1908/1985/1071 1907/1984/1071 980/980/1071
f 943/943/1072 942/942/1072 1813/1879/1072 1675/2318/1072
f 1124/2319/1073 1127/1564/1073 1551/1563/1073 2108/2320/1073
f 969/969/1074 1903/1979/1074 1902/1978/1074 1060/1060/1074
f 1827/1893/1075 1843/2321/1075 931/931/1075 930/930/1075
f 1223/1223/1076 1226/1226/1076 950/950/1076 949/949/1076
f 107/107/1077 110/110/1077 548/548/1077 547/547/1077
f 650/650/1078 653/653/1078 221/221/1078 220/220/1078
f 1391/1391/1079 1392/1392/1079 541/541/1079 540/540/1079
f 1879/1952/1080 1907/1984/1080 1067/1067/1080 1066/1066/1080
f 2109/2322/1081 1948/2032/1081 1319/2031/1081 1318/2323/1081
f 1626/2324/1082 1989/2079/1082 1147/1147/1082 1146/1146/1082
f 837/837/1083 836/836/1083 301/301/1083 300/300/1083
f 1337/1337/1084 1340/1340/1084 1066/1066/1084 1065/1065/1084
f 1187/1187/1085 1186/1186/1085 2029/2124/1085 2005/2097/1085
f 991/991/1086 990/990/1086 1928/2009/1086 1924/2325/1086
f 1304/1304/1087 1303/1303/1087 1913/1991/1087 1909/2326/1087
f 287/287/1088 286/286/1088 1254/1254/1088 1257/1257/1088
f 16/16/1089 15/15/1089 1754/1816/1089 1390/1390/1089
f 37/37/1090 40/40/1090 692/692/1090 691/691/1090
f 534/534/1091 537/537/1091 576/576/1091 575/575/1091
f 156/156/1092 155/155/1092 86/86/1092 85/85/1092
f 795/795/1093 794/794/1093 311/311/1093 310/310/1093
f 1487/1487/1094 1508/1508/1094 456/456/1094 455/455/1094
f 1139/1139/1095 1138/1138/1095 1425/1425/1095 1422/1422/1095
f 1766/1828/1096 1781/1843/1096 565/565/1096 564/564/1096
f 2110/2327/1097 1958/2043/1097 1957/2042/1097 622/2328/1097
f 1841/1907/1098 1855/2329/1098 1328/1328/1098 1327/1327/1098
f 1471/1471/1099 1753/1815/1099 74/74/1099 73/73/1099
f 1504/1504/1100 1509/1509/1100 121/121/1100 120/120/1100
f 2111/2330/1101 1852/1921/1101 1851/1920/1101 1004/2331/1101
f 1457/1457/1102 1693/1753/1102 899/899/1102 898/898/1102
f 191/191/1103 190/190/1103 1496/1496/1103 118/118/1103
f 1492/1492/1104 1495/1495/1104 117/117/1104 116/116/1104
f 822/822/1105 821/821/1105 824/824/1105 827/827/1105
f 713/713/1106 715/715/1106 707/707/1106 706/706/1106
f 1140/1140/1107 1143/1143/1107 1154/1154/1107 1153/1153/1107
f 1196/1196/1108 1199/1199/1108 1186/1186/1108 1185/1185/1108
f 838/838/1109 837/837/1109 848/848/1109 851/851/1109
f 249/249/1110 248/248/1110 658/658/1110 661/661/1110
f 1219/1219/1111 1222/1222/1111 918/918/1111 917/917/1111
f 2112/2332/1112 1522/1525/1112 1524/1528/1112 354/2333/1112
f 784/784/1113 783/783/1113 1434/1434/1113 1430/1430/1113
f 387/387/1114 1894/1968/1114 1895/1969/1114 1028/1028/1114
f 1272/1272/1115 1271/1271/1115 1793/1855/1115 1577/2334/1115
f 1115/1115/1116 1114/1114/1116 2003/2095/1116 1568/2335/1116
f 2113/2336/1117 1985/2075/1117 1315/2074/1117 1314/2337/1117
f 766/766/1118 769/769/1118 775/775/1118 774/774/1118
f 1243/1243/1119 1246/1246/1119 1241/1241/1119 1240/1240/1119
f 948/2338/1120 951/1708/1120 1659/1707/1120 2114/2339/1120
f 502/502/1121 505/505/1121 3/3/1121 2/2/1121
f 201/201/1122 203/203/1122 180/180/1122 179/179/1122
f 989/989/1123 1930/2011/1123 1929/2010/1123 1293/1293/1123
f 1176/2340/1124 1179/2046/1124 1963/2049/1124 2115/2341/1124
f 310/310/1125 313/313/1125 300/300/1125 299/299/1125
f 889/889/1126 2038/2134/1126 2037/2133/1126 2116/2342/1126
f 611/611/1127 2018/2111/1127 2017/2110/1127 1096/1096/1127
f 1027/1027/1128 1026/1026/1128 1941/2343/1128 1939/2021/1128
f 1652/2344/1129 1868/1940/1129 397/397/1129 396/396/1129
f 633/633/1130 632/632/1130 1788/1850/1130 1556/2345/1130
f 676/676/1131 679/679/1131 688/688/1131 687/687/1131
f 892/892/1132 895/895/1132 954/954/1132 953/953/1132
f 2117/2346/1133 1624/1662/1133 1146/1661/1133 1145/2347/1133
f 2118/2348/1134 1696/1756/1134 894/894/1134 893/893/1134
f 1305/2349/1135 1308/1993/1135 1914/1992/1135 2119/2350/1135
f 1439/1439/1136 1817/1883/1136 66/66/1136 65/65/1136
f 788/788/1137 791/791/1137 352/352/1137 351/351/1137
f 1175/1175/1138 1174/1174/1138 1976/2065/1138 1960/2045/1138
f 1224/1224/1139 1821/1887/1139 1820/1886/1139 888/888/1139
f 259/259/1140 258/258/1140 273/273/1140 272/272/1140
f 1238/1238/1141 1237/1237/1141 1702/1762/1141 1700/1760/1141
f 625/625/1142 624/624/1142 2000/2092/1142 1560/2351/1142
f 2120/2352/1143 2026/2120/1143 1198/2123/1143 1197/2353/1143
f 327/327/1144 326/326/1144 333/333/1144 332/332/1144
f 1512/1512/1145 1733/1795/1145 517/517/1145 516/516/1145
f 1403/1403/1146 1404/1404/1146 919/919/1146 918/918/1146
f 819/819/1147 818/818/1147 323/323/1147 322/322/1147
f 48/48/1148 51/51/1148 234/234/1148 233/233/1148
f 418/418/1149 421/421/1149 65/65/1149 64/64/1149
f 936/936/1150 939/939/1150 1030/1030/1150 1029/1029/1150
f 683/683/1151 685/685/1151 1252/1252/1151 1251/1251/1151
f 803/803/1152 802/802/1152 793/793/1152 792/792/1152
f 2121/2354/1153 1532/1539/1153 1531/1538/1153 430/2355/1153
f 2122/2356/1154 1709/1769/1154 1245/1245/1154 1244/1244/1154
f 1344/1344/1155 1343/1343/1155 1875/2357/1155 1872/1944/1155
f 1258/1258/1156 1261/1261/1156 757/757/1156 756/756/1156
f 1873/1945/1157 1917/1996/1157 1051/1051/1157 1050/1050/1157
f 345/345/1158 344/344/1158 1782/1844/1158 1526/2358/1158
f 510/510/1159 513/513/1159 644/644/1159 643/643/1159
f 590/590/1160 593/593/1160 504/504/1160 503/503/1160
f 1229/1229/1161 1228/1228/1161 1468/1468/1161 1465/1465/1161
f 976/2359/1162 979/1930/1162 1858/1929/1162 2123/2360/1162
f 33/2361/1163 36/1523/1163 1520/1522/1163 2124/2362/1163
f 288/288/1164 287/287/1164 755/755/1164 754/754/1164
f 83/83/1165 86/86/1165 73/73/1165 72/72/1165
f 1128/1128/1166 1131/1131/1166 35/35/1166 34/34/1166
f 373/373/1167 372/372/1167 1795/1857/1167 1552/2363/1167
f 2125/2364/1168 1572/1592/1168 1571/1591/1168 17/2365/1168
f 1743/1805/1169 1769/1831/1169 529/529/1169 528/528/1169
f 1463/1463/1170 1834/1900/1170 879/879/1170 878/878/1170
f 237/237/1171 240/240/1171 250/250/1171 249/249/1171
f 359/359/1172 2007/2099/1172 2006/2098/1172 1184/1184/1172
f 164/164/1173 163/163/1173 154/154/1173 153/153/1173
f 1332/1332/1174 1331/1331/1174 1816/1882/1174 1643/2366/1174
f 1447/1447/1175 1448/1448/1175 1250/1250/1175 1249/1249/1175
f 581/581/1176 580/580/1176 1750/1812/1176 1386/1386/1176
f 2126/2367/1177 1726/1786/1177 914/914/1177 913/913/1177
f 206/206/1178 205/205/1178 1111/1111/1178 1110/1110/1178
f 220/220/1179 223/223/1179 235/235/1179 234/234/1179
f 593/593/1180 592/592/1180 1489/1489/1180 1371/1371/1180
f 511/511/1181 1395/1395/1181 1394/1394/1181 594/594/1181
f 422/422/1182 425/425/1182 862/862/1182 861/861/1182
f 51/51/1183 50/50/1183 651/651/1183 650/650/1183
f 647/647/1184 1439/1439/1184 1438/1438/1184 912/912/1184
f 1441/1441/1185 1823/1889/1185 1226/1226/1185 1225/1225/1185
f 1455/1455/1186 1713/1773/1186 417/417/1186 416/416/1186
f 1043/1043/1187 1042/1042/1187 1944/2027/1187 1862/1934/1187
f 1132/1132/1188 1135/1135/1188 584/584/1188 583/583/1188
f 570/570/1189 573/573/1189 428/428/1189 427/427/1189
f 332/332/1190 331/331/1190 816/816/1190 819/819/1190
f 171/171/1191 174/174/1191 528/528/1191 527/527/1191
f 2127/2368/1192 1925/2006/1192 1924/2005/1192 1301/2369/1192
f 1251/1251/1193 1253/1253/1193 760/760/1193 759/759/1193
f 367/367/1194 1795/1857/1194 1794/1856/1194 494/494/1194
f 2128/2370/1195 1906/1983/1195 1905/1982/1195 972/2371/1195
f 634/634/1196 637/637/1196 508/508/1196 507/507/1196
f 1678/2372/1197 1880/1953/1197 1340/1340/1197 1339/1339/1197
f 860/860/1198 863/863/1198 942/942/1198 941/941/1198
f 1484/1484/1199 1746/1808/1199 110/110/1199 109/109/1199
f 454/454/1200 1504/1504/1200 149/149/1200 148/148/1200
f 924/924/1201 927/927/1201 1054/1054/1201 1053/1053/1201
f 316/316/1202 315/315/1202 800/800/1202 803/803/1202
f 1413/1413/1203 1613/2373/1203 28/28/1203 27/27/1203
f 1222/1222/1204 1221/1221/1204 1461/1461/1204 1402/1402/1204
f 143/143/1205 1470/1470/1205 85/85/1205 84/84/1205
f 1037/1037/1206 1946/2029/1206 1945/2028/1206 1024/1024/1206
f 963/963/1207 962/962/1207 1930/2011/1207 1597/2374/1207
f 720/720/1208 723/723/1208 747/747/1208 746/746/1208
f 1032/1032/1209 1035/1035/1209 376/376/1209 375/375/1209
f 2129/2375/1210 1849/1918/1210 1848/1917/1210 1329/2376/1210
f 821/821/1211 820/820/1211 353/353/1211 352/352/1211
f 1097/1097/1212 1982/2071/1212 1981/2070/1212 382/382/1212
f 1113/1113/1213 2004/2096/1213 2005/2097/1213 1148/1148/1213
f 102/102/1214 101/101/1214 492/492/1214 491/491/1214
f 928/2377/1215 931/1909/1215 1842/1908/1215 2130/2378/1215
f 595/595/1216 1755/1817/1216 1756/1818/1216 598/598/1216
f 1494/1494/1217 1737/1799/1217 489/489/1217 488/488/1217
f 1273/1273/1218 1276/1276/1218 1259/1259/1218 1258/1258/1218
f 1100/2379/1219 1103/1580/1219 1563/1579/1219 2131/2380/1219
f 175/175/1220 178/178/1220 170/170/1220 169/169/1220
f 302/302/1221 305/305/1221 348/348/1221 347/347/1221
f 841/841/1222 840/840/1222 847/847/1222 846/846/1222
f 992/992/1223 995/995/1223 1014/1014/1223 1013/1013/1223
f 272/272/1224 275/275/1224 677/677/1224 676/676/1224
f 1421/1421/1225 1966/2381/1225 32/32/1225 31/31/1225
f 1973/2382/1226 1975/2064/1226 1207/1207/1226 1206/1206/1226
f 1790/1852/1227 1807/2383/1227 1280/1280/1227 1279/1279/1227
f 96/96/1228 95/95/1228 461/461/1228 460/460/1228
f 1285/1285/1229 1288/1288/1229 1190/1190/1229 1189/1189/1229
f 1033/1033/1230 1944/2027/1230 1943/2026/1230 904/904/1230
f 1502/1502/1231 1741/1803/1231 130/130/1231 129/129/1231
f 506/506/1232 509/509/1232 19/19/1232 18/18/1232
f 1036/1036/1233 1039/1039/1233 962/962/1233 961/961/1233
f 903/903/1234 902/902/1234 2038/2134/1234 1820/1886/1234
f 698/698/1235 701/701/1235 670/670/1235 669/669/1235
f 566/566/1236 569/569/1236 1283/1283/1236 1282/1282/1236
f 229/229/1237 228/228/1237 653/653/1237 652/652/1237
f 243/243/1238 242/242/1238 239/239/1238 238/238/1238
f 985/985/1239 1937/2019/1239 1936/2018/1239 406/406/1239
f 1665/2384/1240 1934/2016/1240 409/409/1240 408/408/1240
f 1292/1292/1241 1291/1291/1241 1903/1979/1241 1899/2385/1241
f 551/551/1242 1771/1833/1242 1772/1834/1242 542/542/1242
f 582/582/1243 585/585/1243 364/364/1243 363/363/1243
f 1738/1800/1244 1761/1823/1244 501/501/1244 500/500/1244
f 2132/2386/1245 1679/1735/1245 1339/1734/1245 1338/2387/1245
f 753/753/1246 755/755/1246 1217/1217/1246 1216/1216/1246
f 691/691/1247 690/690/1247 702/702/1247 705/705/1247
f 139/139/1248 142/142/1248 173/173/1248 172/172/1248
f 1815/1881/1249 1848/2388/1249 1336/1336/1249 1335/1335/1249
f 2133/2389/1250 1684/1741/1250 1686/1744/1250 1000/2390/1250
f 1025/2391/1251 1947/2030/1251 1949/2033/1251 2134/2392/1251
f 1375/1375/1252 1797/1859/1252 513/513/1252 512/512/1252
f 71/71/1253 74/74/1253 15/15/1253 14/14/1253
f 629/629/1254 628/628/1254 1385/1385/1254 1382/1382/1254
f 2135/2393/1255 1614/1648/1255 1613/1647/1255 1044/2394/1255
f 447/447/1256 1512/1512/1256 1511/1511/1256 147/147/1256
f 1212/1212/1257 1215/1215/1257 786/786/1257 785/785/1257
f 1157/1157/1258 1984/2073/1258 1983/2072/1258 638/638/1258
f 2136/2395/1259 1897/1971/1259 1896/1970/1259 25/2396/1259
f 1740/1802/1260 1765/1827/1260 533/533/1260 532/532/1260
f 607/607/1261 2011/2103/1261 2010/2102/1261 1200/1200/1261
f 1466/1466/1262 1749/1811/1262 473/473/1262 472/472/1262
f 799/799/1263 798/798/1263 829/829/1263 828/828/1263
f 386/2397/1264 389/1657/1264 1623/1660/1264 2137/2398/1264
f 967/967/1265 966/966/1265 1416/1416/1265 1414/1414/1265
f 1493/1493/1266 1499/1499/1266 165/165/1266 164/164/1266
f 411/411/1267 1837/1903/1267 1836/1902/1267 868/868/1267
f 275/275/1268 274/274/1268 268/268/1268 267/267/1268
f 601/601/1269 600/600/1269 1483/1483/1269 1376/1376/1269
f 615/615/1270 2020/2113/1270 2019/2112/1270 1156/1156/1270
f 377/377/1271 376/376/1271 1866/1938/1271 1587/2399/1271
f 395/2400/1272 1665/1715/1272 1664/1714/1272 2138/2401/1272
f 103/103/1273 106/106/1273 592/592/1273 591/591/1273
f 809/809/1274 808/808/1274 341/341/1274 340/340/1274
f 1346/2402/1275 1941/2023/1275 1940/2022/1275 2139/2403/1275
f 433/433/1276 432/432/1276 1774/1836/1276 1524/2404/1276
f 1103/1103/1277 1102/1102/1277 2020/2113/1277 1561/2405/1277
f 252/252/1278 255/255/1278 245/245/1278 244/244/1278
f 414/414/1279 417/417/1279 854/854/1279 853/853/1279
f 140/140/1280 1493/1493/1280 116/116/1280 115/115/1280
f 131/131/1281 134/134/1281 544/544/1281 543/543/1281
f 146/146/1282 145/145/1282 169/169/1282 168/168/1282
f 1298/1298/1283 1919/1998/1283 1920/1999/1283 1064/1064/1283
f 1049/1049/1284 1882/1955/1284 1881/1954/1284 1341/1341/1284
f 645/645/1285 644/644/1285 1796/1858/1285 1531/2406/1285
f 2140/2407/1286 1464/1464/1286 878/878/1286 877/877/1286
f 2141/2408/1287 1529/1535/1287 1528/1534/1287 1208/2409/1287
f 613/613/1288 612/612/1288 2011/2103/1288 1731/2410/1288
f 1294/1294/1289 1938/2020/1289 1939/2021/1289 1345/1345/1289
f 1370/1370/1290 1372/1372/1290 505/505/1290 504/504/1290
f 745/745/1291 744/744/1291 253/253/1291 252/252/1291
f 1760/1822/1292 1778/1840/1292 497/497/1292 496/496/1292
f 988/2411/1293 991/2004/1293 1926/2007/1293 2142/2412/1293
f 865/865/1294 1835/1901/1294 1834/1900/1294 1361/1361/1294
f 785/785/1295 787/787/1295 61/61/1295 60/60/1295
f 1080/1080/1296 1083/1083/1296 1130/1130/1296 1129/1129/1296
f 1694/1754/1297 1830/1896/1297 871/871/1297 870/870/1297
f 846/846/1298 845/845/1298 796/796/1298 799/799/1298
f 213/213/1299 216/216/1299 667/667/1299 666/666/1299
f 1116/2413/1300 1119/1596/1300 1575/1595/1300 2143/2414/1300
f 951/951/1301 950/950/1301 1822/1888/1301 1657/2415/1301
f 1742/1804/1302 1767/1829/1302 525/525/1302 524/524/1302
f 233/233/1303 236/236/1303 725/725/1303 724/724/1303
f 587/587/1304 1751/1813/1304 1752/1814/1304 482/482/1304
f 690/690/1305 693/693/1305 202/202/1305 201/201/1305
f 981/981/1306 1879/1952/1306 1880/1953/1306 1056/1056/1306
f 1059/1059/1307 1058/1058/1307 1933/2416/1307 1408/1408/1307
f 1968/2055/1308 2009/2101/1308 1203/1203/1308 1202/1202/1308
f 2144/2417/1309 1703/1763/1309 1237/1237/1309 1236/1236/1309
f 674/674/1310 673/673/1310 739/739/1310 741/741/1310
f 666/666/1311 668/668/1311 737/737/1311 736/736/1311
f 1488/1488/1312 1511/1511/1312 161/161/1312 160/160/1312
f 403/403/1313 1827/1893/1313 1826/1892/1313 434/434/1313
f 1764/1826/1314 1779/1841/1314 585/585/1314 584/584/1314
f 609/609/1315 608/608/1315 2008/2100/1315 1548/2418/1315
f 439/439/1316 438/438/1316 1508/1508/1316 90/90/1316
f 1312/1312/1317 1311/1311/1317 1971/2419/1317 1967/2054/1317
f 1302/1302/1318 1928/2009/1318 1927/2008/1318 984/984/1318
f 1431/1431/1319 1814/1880/1319 859/859/1319 858/858/1319
f 1360/1360/1320 1359/1359/1320 1835/1901/1320 1832/1898/1320
f 470/470/1321 473/473/1321 580/580/1321 579/579/1321
f 91/91/1322 1481/1481/1322 113/113/1322 112/112/1322
f 2145/2420/1323 1660/1710/1323 400/1709/1323 399/2421/1323
f 1411/1411/1324 1412/1412/1324 935/935/1324 934/934/1324
f 429/429/1325 428/428/1325 1785/1847/1325 1564/2422/1325
f 1715/1775/1326 1828/1894/1326 867/867/1326 866/866/1326
f 187/187/1327 186/186/1327 1507/1507/1327 469/469/1327
f 1997/2423/1328 1998/2090/1328 1079/1079/1328 1078/1078/1328
f 518/518/1329 521/521/1329 356/356/1329 355/355/1329
f 780/780/1330 779/779/1330 776/776/1330 775/775/1330
f 1161/1161/1331 1988/2078/1331 1989/2079/1331 1313/1313/1331
f 1637/2424/1332 1943/2026/1332 1324/1324/1332 1323/1323/1332
f 214/214/1333 213/213/1333 662/662/1333 665/665/1333
f 618/618/1334 621/621/1334 11/11/1334 10/10/1334
f 1705/1765/1335 1812/1878/1335 863/863/1335 862/862/1335
f 1991/2081/1336 2002/2094/1336 1151/1151/1336 1150/1150/1336
f 2146/2425/1337 1922/2001/1337 1921/2000/1337 1297/2426/1337
f 1629/2427/1338 1888/1962/1338 393/393/1338 392/392/1338
f 21/2428/1339 24/1912/1339 1847/1915/1339 2147/2429/1339
f 915/915/1340 914/914/1340 1725/1785/1340 1400/1400/1340
f 849/849/1341 848/848/1341 313/313/1341 312/312/1341
f 1104/1104/1342 1107/1107/1342 31/31/1342 30/30/1342
f 559/559/1343 1783/1845/1343 1784/1846/1343 626/626/1343
f 2148/2430/1344 1690/1750/1344 906/1749/1344 905/2431/1344
f 736/736/1345 738/738/1345 663/663/1345 662/662/1345
f 2149/2432/1346 1565/1583/1346 1564/1582/1346 630/2433/1346
f 498/498/1347 501/501/1347 520/520/1347 519/519/1347
f 1681/2434/1348 1936/2018/1348 1348/1348/1348 1347/1347/1348
f 1235/1235/1349 1238/1238/1349 436/436/1349 435/435/1349
f 244/244/1350 247/247/1350 722/722/1350 721/721/1350
f 195/195/1351 194/194/1351 1509/1509/1351 457/457/1351
f 756/756/1352 758/758/1352 1263/1263/1352 1262/1262/1352
f 1265/2435/1353 1268/2041/1353 1956/2040/1353 2150/2436/1353
f 265/265/1354 264/264/1354 678/678/1354 677/677/1354
f 2151/2437/1355 2016/2109/1355 2015/2108/1355 610/2438/1355
f 200/200/1356 199/199/1356 39/39/1356 38/38/1356
f 1364/1364/1357 1363/1363/1357 1718/1778/1357 1714/1774/1357
f 869/869/1358 1712/1772/1358 1713/1773/1358 896/896/1358
f 2152/2439/1359 1857/1928/1359 1859/1931/1359 944/2440/1359
f 47/47/1360 46/46/1360 697/697/1360 696/696/1360
f 315/315/1361 314/314/1361 329/329/1361 328/328/1361
f 160/160/1362 159/159/1362 106/106/1362 105/105/1362
f 2094/2278/1363 2063/2199/1363 1366/1366/1363 1791/1853/1363
f 1380/1380/1364 498/498/1364 519/519/1364 1381/1381/1364
f 1773/1835/1365 518/518/1365 355/355/1365 1774/1836/1365
f 1424/1424/1366 1080/1080/1366 1129/1129/1366 1425/1425/1366
f 1050/1050/1367 1049/1049/1367 1341/1341/1367 1344/1344/1367
f 1687/1745/1368 928/2377/1368 2130/2378/1368 1688/1746/1368
f 1422/1422/1369 1128/1128/1369 34/34/1369 1423/1423/1369
f 1516/1518/1370 33/2361/1370 2124/2362/1370 1517/1519/1370
f 1587/1612/1371 1305/2349/1371 2119/2350/1371 1585/1609/1371
f 1456/1456/1372 2118/2348/1372 893/893/1372 1457/1457/1372
f 1693/1753/1373 892/892/1373 953/953/1373 1694/1754/1373
f 1515/1516/1374 2112/2332/1374 354/2333/1374 357/1513/1374
f 1378/1378/1375 486/486/1375 499/499/1375 1379/1379/1375
f 930/930/1376 929/929/1376 952/952/1376 955/955/1376
f 136/136/1377 135/135/1377 152/152/1377 1482/1482/1377
f 1495/1495/1378 138/138/1378 443/443/1378 442/442/1378
f 1691/1751/1379 2062/2197/1379 1342/2198/1379 1692/1752/1379
f 1590/1616/1380 2050/2168/1380 1081/2169/1380 1588/1613/1380
f 1867/1939/1381 1048/1048/1381 1306/1306/1381 1866/1938/1381
f 1490/1490/1382 151/151/1382 487/487/1382 1491/1491/1382
f 1881/1954/1383 1692/2167/1383 1342/1342/1383 1341/1341/1383
f 1587/2399/1384 1866/1938/1384 1306/1306/1384 1305/1305/1384
f 1422/1422/1385 1425/1425/1385 1129/1129/1385 1128/1128/1385
f 1424/1424/1386 1588/2253/1386 1081/1081/1386 1080/1080/1386
f 1867/1939/1387 1882/1955/1387 1049/1049/1387 1048/1048/1387
f 1830/1896/1388 1694/1754/1388 953/953/1388 952/952/1388
f 1687/2183/1389 1831/1897/1389 929/929/1389 928/928/1389
f 1693/1753/1390 1457/1457/1390 893/893/1390 892/892/1390
f 1773/1835/1391 1381/1381/1391 519/519/1391 518/518/1391
f 1380/1380/1392 1379/1379/1392 499/499/1392 498/498/1392
f 1378/1378/1393 1491/1491/1393 487/487/1393 486/486/1393
f 1524/2404/1394 1774/1836/1394 355/355/1394 354/354/1394
f 1490/1490/1395 1482/1482/1395 152/152/1395 151/151/1395
f 1492/1492/1396 135/135/1396 138/138/1396 1495/1495/1396
f 1516/2216/1397 1423/1423/1397 34/34/1397 33/33/1397
f 1699/1759/1398 1235/1235/1398 435/435/1398 1698/1758/1398
f 404/404/1399 403/403/1399 434/434/1399 437/437/1399
f 1697/1757/1400 2144/2417/1400 1236/1236/1400 1695/1755/1400
f 99/99/1401 102/102/1401 491/491/1401 1483/1483/1401
f 1872/1944/1402 924/924/1402 1053/1053/1402 1873/1945/1402
f 1523/1526/1403 2121/2354/1403 430/2355/1403 433/1527/1403
f 1426/1426/1404 1140/1140/1404 1153/1153/1404 1427/1427/1404
f 432/432/1405 431/431/1405 5/5/1405 8/8/1405
f 1915/1994/1406 1016/2286/1406 2097/2287/1406 1916/1995/1406
f 1376/1376/1407 490/490/1407 603/603/1407 1377/1377/1407
f 1917/1996/1408 1052/1052/1408 1017/1017/1408 1918/1997/1408
f 1374/1374/1409 602/602/1409 6/6/1409 1375/1375/1409
f 1142/2117/1410 1141/2235/1410 2077/2236/1410 2024/2118/1410
f 926/1722/1411 925/2214/1411 2070/2215/1411 1670/1723/1411
f 1429/1429/1412 1152/1152/1412 1193/1193/1412 1428/1428/1412
f 1673/1726/1413 2056/2180/1413 402/2181/1413 405/1727/1413
f 1521/1524/1414 1192/2163/1414 2048/2164/1414 1519/1521/1414
f 1699/1759/1415 1695/1755/1415 1236/1236/1415 1235/1235/1415
f 1521/2312/1416 1428/1428/1416 1193/1193/1416 1192/1192/1416
f 1429/1429/1417 1427/1427/1417 1153/1153/1417 1152/1152/1417
f 1426/1426/1418 2033/2252/1418 1141/1141/1418 1140/1140/1418
f 1917/1996/1419 1873/1945/1419 1053/1053/1419 1052/1052/1419
f 1915/2285/1420 1918/1997/1420 1017/1017/1420 1016/1016/1420
f 1872/1944/1421 1875/2357/1421 925/925/1421 924/924/1421
f 1374/1374/1422 1377/1377/1422 603/603/1422 602/602/1422
f 1376/1376/1423 1483/1483/1423 491/491/1423 490/490/1423
f 1826/1892/1424 1698/1758/1424 435/435/1424 434/434/1424
f 1531/2406/1425 1796/1858/1425 431/431/1425 430/430/1425
f 1843/2321/1426 1827/1893/1426 403/403/1426 402/402/1426
f 1797/1859/1427 1375/1375/1427 6/6/1427 5/5/1427
f 1904/1980/1428 2146/2425/1428 1297/2426/1428 1300/1981/1428
f 92/92/1429 91/91/1429 112/112/1429 1469/1469/1429
f 1299/1299/1430 1298/1298/1430 1064/1064/1430 1067/1067/1430
f 1671/1724/1431 2132/2386/1431 1338/2387/1431 1669/1721/1431
f 596/596/1432 595/595/1432 598/598/1432 601/601/1432
f 1810/1876/1433 860/860/1433 941/941/1433 1811/1877/1433
f 1700/1760/1434 422/422/1434 861/861/1434 1701/1761/1434
f 512/512/1435 511/511/1435 594/594/1435 597/597/1435
f 360/360/1436 359/359/1436 1184/1184/1436 1187/1187/1436
f 1396/1396/1437 510/510/1437 643/643/1437 1397/1397/1437
f 2025/2119/1438 2120/2352/1438 1197/2353/1438 2023/2116/1438
f 2021/2114/1439 1196/1196/1439 1185/1185/1439 2022/2115/1439
f 1877/1950/1440 1337/1337/1440 1065/1065/1440 1878/1951/1440
f 1533/1540/1441 2101/2299/1441 642/2300/1441 645/1537/1441
f 184/184/1442 183/183/1442 94/94/1442 93/93/1442
f 424/424/1443 423/423/1443 2081/2247/1443 1452/1452/1443
f 1535/1543/1444 358/2240/1444 2079/2241/1444 1536/1544/1444
f 1674/1728/1445 940/2178/1445 2055/2179/1445 1672/1725/1445
f 1479/1479/1446 111/111/1446 599/599/1446 1480/1480/1446
f 1877/1950/1447 1669/2182/1447 1338/1338/1447 1337/1337/1447
f 1921/2184/1448 1919/1998/1448 1298/1298/1448 1297/1297/1448
f 2021/2114/1449 2023/2220/1449 1197/1197/1449 1196/1196/1449
f 2006/2098/1450 2022/2115/1450 1185/1185/1450 1184/1184/1450
f 1920/1999/1451 1878/1951/1451 1065/1065/1451 1064/1064/1451
f 1674/2226/1452 1811/1877/1452 941/941/1452 940/940/1452
f 1810/1876/1453 1701/1761/1453 861/861/1453 860/860/1453
f 1540/2189/1454 1397/1397/1454 643/643/1454 642/642/1454
f 1756/1818/1455 1480/1480/1455 599/599/1455 598/598/1455
f 1394/1394/1456 1755/1817/1456 595/595/1456 594/594/1456
f 1396/1396/1457 1395/1395/1457 511/511/1457 510/510/1457
f 1700/1760/1458 1702/1762/1458 423/423/1458 422/422/1458
f 1535/2258/1459 2007/2099/1459 359/359/1459 358/358/1459
f 1479/1479/1460 1469/1469/1460 112/112/1460 111/111/1460
f 1481/1481/1461 91/91/1461 94/94/1461 1498/1498/1461
f 982/982/1462 981/981/1462 1056/1056/1462 1059/1059/1462
f 1392/1392/1463 506/506/1463 18/18/1463 1393/1393/1463
f 1114/1114/1464 1113/1113/1464 1148/1148/1464 1151/1151/1464
f 1390/1390/1465 634/634/1465 507/507/1465 1391/1391/1465
f 1898/1972/1466 2128/2370/1466 972/2371/1466 975/1973/1466
f 1542/1552/1467 2125/2364/1467 17/2365/1467 20/1549/1467
f 974/974/1468 973/973/1468 980/980/1468 983/983/1468
f 1539/1548/1469 1112/2302/1469 2102/2303/1469 1537/1545/1469
f 1812/1878/1470 856/856/1470 1334/1334/1470 1813/1879/1470
f 1170/2083/1471 1169/2268/1471 2090/2269/1471 1993/2084/1471
f 858/858/1472 857/857/1472 781/781/1472 784/784/1472
f 1150/1150/1473 1149/1149/1473 1168/1168/1473 1171/1171/1473
f 1680/1736/1474 2066/2207/1474 1057/2208/1474 1678/1733/1474
f 1675/1730/1475 1333/2187/1475 2058/2188/1475 1676/1731/1475
f 783/783/1476 782/782/1476 2051/2171/1476 1432/1432/1476
f 1753/1815/1477 79/79/1477 635/635/1477 1754/1816/1477
f 155/155/1478 158/158/1478 80/80/1478 1471/1471/1478
f 1675/2318/1479 1813/1879/1479 1334/1334/1479 1333/1333/1479
f 2030/2125/1480 2028/2251/1480 1169/1169/1480 1168/1168/1480
f 2005/2097/1481 2029/2124/1481 1149/1149/1481 1148/1148/1481
f 1539/2284/1482 2004/2096/1482 1113/1113/1482 1112/1112/1482
f 1880/1953/1483 1678/2372/1483 1057/1057/1483 1056/1056/1483
f 1907/1984/1484 1879/1952/1484 981/981/1484 980/980/1484
f 1905/2190/1485 1908/1985/1485 973/973/1485 972/972/1485
f 1812/1878/1486 1705/1765/1486 857/857/1486 856/856/1486
f 1706/1766/1487 1451/1451/1487 782/782/1487 781/781/1487
f 1390/1390/1488 1754/1816/1488 635/635/1488 634/634/1488
f 1392/1392/1489 1391/1391/1489 507/507/1489 506/506/1489
f 1753/1815/1490 1471/1471/1490 80/80/1490 79/79/1490
f 1571/2225/1491 1393/1393/1491 18/18/1491 17/17/1491
f 1497/1497/1492 146/146/1492 168/168/1492 167/167/1492
f 1612/1645/1493 2136/2395/1493 25/2396/1493 28/1646/1493
f 1749/1811/1494 71/71/1494 14/14/1494 1750/1812/1494
f 1642/1685/1495 2129/2375/1495 1329/2376/1495 1332/1686/1495
f 144/144/1496 143/143/1496 84/84/1496 1468/1468/1496
f 1465/1465/1497 83/83/1497 72/72/1497 1466/1466/1497
f 1430/1430/1498 418/418/1498 64/64/1498 1431/1431/1498
f 1568/1587/1499 1176/2340/1499 2115/2341/1499 1569/1588/1499
f 1433/1433/1500 2106/2315/1500 419/419/1500 1434/1434/1500
f 1074/1643/1501 1073/2304/1501 2103/2305/1501 1611/1644/1501
f 1178/1178/1502 1177/1177/1502 964/964/1502 967/967/1502
f 998/1681/1503 997/2254/1503 2083/2255/1503 1639/1682/1503
f 1814/1880/1504 63/63/1504 1330/1330/1504 1815/1881/1504
f 1386/1386/1505 13/13/1505 539/539/1505 1387/1387/1505
f 1408/1408/1506 996/996/1506 933/933/1506 1409/1409/1506
f 966/966/1507 965/965/1507 1072/1072/1507 1075/1075/1507
f 1570/1589/1508 2067/2209/1508 554/2210/1508 557/1590/1508
f 1388/1388/1509 538/538/1509 555/555/1509 1389/1389/1509
f 1406/1406/1510 932/932/1510 26/26/1510 1407/1407/1510
f 1848/2388/1511 1815/1881/1511 1330/1330/1511 1329/1329/1511
f 1568/2335/1512 2003/2095/1512 1177/1177/1512 1176/1176/1512
f 1990/2080/1513 1992/2213/1513 1073/1073/1513 1072/1072/1513
f 1408/1408/1514 1933/2416/1514 997/997/1514 996/996/1514
f 2002/2094/1515 1991/2081/1515 965/965/1515 964/964/1515
f 1406/1406/1516 1409/1409/1516 933/933/1516 932/932/1516
f 1804/2147/1517 1389/1389/1517 555/555/1517 554/554/1517
f 1388/1388/1518 1387/1387/1518 539/539/1518 538/538/1518
f 1430/1430/1519 1434/1434/1519 419/419/1519 418/418/1519
f 1470/1470/1520 143/143/1520 146/146/1520 1497/1497/1520
f 1465/1465/1521 1468/1468/1521 84/84/1521 83/83/1521
f 1749/1811/1522 1466/1466/1522 72/72/1522 71/71/1522
f 1814/1880/1523 1431/1431/1523 64/64/1523 63/63/1523
f 1896/2229/1524 1407/1407/1524 26/26/1524 25/25/1524
f 1386/1386/1525 1750/1812/1525 14/14/1525 13/13/1525
f 1414/1414/1526 1104/1104/1526 30/30/1526 1415/1415/1526
f 1382/1382/1527 618/618/1527 10/10/1527 1383/1383/1527
f 1746/1808/1528 470/470/1528 579/579/1528 1745/1807/1528
f 1606/1637/1529 2135/2393/1529 1044/2394/1529 1047/1638/1529
f 1410/1410/1530 992/992/1530 1013/1013/1530 1411/1411/1530
f 648/648/1531 647/647/1531 912/912/1531 915/915/1531
f 1437/1437/1532 2126/2367/1532 913/913/1532 1435/1435/1532
f 1961/2047/1533 29/2316/1533 2107/2317/1533 1962/2048/1533
f 1643/1687/1534 884/2261/1534 2086/2262/1534 1644/1688/1534
f 1640/1683/1535 2064/2203/1535 993/2204/1535 1641/1684/1535
f 472/472/1536 471/471/1536 1230/1230/1536 1229/1229/1536
f 1417/1417/1537 1092/1092/1537 1105/1105/1537 1416/1416/1537
f 1384/1384/1538 578/578/1538 619/619/1538 1385/1385/1538
f 1412/1412/1539 1012/1012/1539 1045/1045/1539 1413/1413/1539
f 1803/1867/1540 9/2158/1540 2047/2159/1540 1801/1864/1540
f 1094/1633/1541 1093/2144/1541 2043/2145/1541 1603/1634/1541
f 886/886/1542 885/885/1542 646/646/1542 649/649/1542
f 1414/1414/1543 1416/1416/1543 1105/1105/1543 1104/1104/1543
f 1417/1417/1544 1610/2291/1544 1093/1093/1544 1092/1092/1544
f 1613/2373/1545 1413/1413/1545 1045/1045/1545 1044/1044/1545
f 1412/1412/1546 1411/1411/1546 1013/1013/1546 1012/1012/1546
f 1410/1410/1547 1641/2201/1547 993/993/1547 992/992/1547
f 1438/1438/1548 1435/1435/1548 913/913/1548 912/912/1548
f 1643/2366/1549 1816/1882/1549 885/885/1549 884/884/1549
f 1817/1883/1550 1439/1439/1550 647/647/1550 646/646/1550
f 1382/1382/1551 1385/1385/1551 619/619/1551 618/618/1551
f 1384/1384/1552 1745/1807/1552 579/579/1552 578/578/1552
f 1746/1808/1553 1484/1484/1553 471/471/1553 470/470/1553
f 1961/2298/1554 1415/1415/1554 30/30/1554 29/29/1554
f 1803/2281/1555 1383/1383/1555 10/10/1555 9/9/1555
f 560/560/1556 559/559/1556 626/626/1556 629/629/1556
f 1645/1689/1557 21/2428/1557 2147/2429/1557 1646/1690/1557
f 1400/1400/1558 1219/1219/1558 917/917/1558 1401/1401/1558
f 1649/1695/1559 2109/2322/1559 1318/2323/1559 1650/1696/1559
f 1741/1803/1560 107/107/1560 547/547/1560 1742/1804/1560
f 628/628/1561 627/627/1561 546/546/1561 549/549/1561
f 1398/1398/1562 916/916/1562 22/22/1562 1399/1399/1562
f 1420/1420/1563 1088/1088/1563 1085/1085/1563 1421/1421/1563
f 1966/2053/1564 1084/2244/1564 2080/2245/1564 1964/2050/1564
f 1221/1221/1565 1220/1220/1565 2075/2231/1565 1459/1459/1565
f 464/464/1566 463/463/1566 119/119/1566 1467/1467/1566
f 1418/1418/1567 1164/1164/1567 1089/1089/1567 1419/1419/1567
f 1596/1624/1568 2059/2191/1568 378/2192/1568 381/1621/1568
f 1799/1862/1569 558/2172/1569 2052/2173/1569 1800/1863/1569
f 1166/1618/1570 1165/2165/1570 2049/2166/1570 1592/1619/1570
f 1890/1964/1571 1068/1068/1571 379/379/1571 1891/1965/1571
f 109/109/1572 108/108/1572 462/462/1572 465/465/1572
f 177/177/1573 176/176/1573 122/122/1573 121/121/1573
f 1070/1070/1574 1069/1069/1574 1317/1317/1574 1320/1320/1574
f 1950/2034/1575 1650/2306/1575 1318/1318/1575 1317/1317/1575
f 1400/1400/1576 1725/1785/1576 1220/1220/1576 1219/1219/1576
f 1418/1418/1577 1605/2292/1577 1165/1165/1577 1164/1164/1577
f 1420/1420/1578 1419/1419/1578 1089/1089/1578 1088/1088/1578
f 1966/2381/1579 1421/1421/1579 1085/1085/1579 1084/1084/1579
f 1890/1964/1580 1951/2035/1580 1069/1069/1580 1068/1068/1580
f 1398/1398/1581 1401/1401/1581 917/917/1581 916/916/1581
f 1784/1846/1582 1768/1830/1582 627/627/1582 626/626/1582
f 1799/2202/1583 1783/1845/1583 559/559/1583 558/558/1583
f 1767/1829/1584 1742/1804/1584 547/547/1584 546/546/1584
f 1503/1503/1585 1505/1505/1585 463/463/1585 462/462/1585
f 1607/2234/1586 1891/1965/1586 379/379/1586 378/378/1586
f 1467/1467/1587 119/119/1587 122/122/1587 1510/1510/1587
f 1741/1803/1588 1502/1502/1588 108/108/1588 107/107/1588
f 1645/2160/1589 1399/1399/1589 22/22/1589 21/21/1589
f 1730/1791/1590 2151/2437/1590 610/2438/1590 613/1792/1590
f 1460/1460/1591 2140/2407/1591 877/877/1591 1461/1461/1591
f 1026/2024/1592 1025/2391/1592 2134/2392/1592 1942/2025/1592
f 1779/1841/1593 566/566/1593 1282/1282/1593 1780/1842/1593
f 1892/1966/1594 1036/1036/1594 961/961/1594 1893/1967/1594
f 1098/1098/1595 1097/1097/1595 382/382/1595 385/385/1595
f 1038/1038/1596 1037/1037/1596 1024/1024/1596 1027/1027/1596
f 612/612/1597 611/611/1597 1096/1096/1597 1099/1099/1597
f 1735/1797/1598 127/127/1598 523/523/1598 1736/1798/1598
f 1845/1913/1599 1353/2271/1599 2091/2272/1599 1846/1914/1599
f 1763/1825/1600 522/522/1600 567/567/1600 1764/1826/1600
f 1594/1622/1601 960/2256/1601 2084/2257/1601 1595/1623/1601
f 1593/1620/1602 2060/2193/1602 383/2194/1602 1591/1617/1602
f 1402/1402/1603 876/876/1603 1358/1358/1603 1403/1403/1603
f 129/129/1604 128/128/1604 453/453/1604 452/452/1604
f 1404/1404/1605 1357/1357/1605 1354/1354/1605 1405/1405/1605
f 1727/1787/1606 1281/2154/1606 2046/2155/1606 1728/1788/1606
f 1404/1404/1607 1403/1403/1607 1358/1358/1607 1357/1357/1607
f 1845/2146/1608 1405/1405/1608 1354/1354/1608 1353/1353/1608
f 1727/2311/1609 1780/1842/1609 1282/1282/1609 1281/1281/1609
f 2017/2110/1610 1982/2071/1610 1097/1097/1610 1096/1096/1610
f 1892/1966/1611 1946/2029/1611 1037/1037/1611 1036/1036/1611
f 1945/2028/1612 1947/2156/1612 1025/1025/1612 1024/1024/1612
f 1594/2301/1613 1893/1967/1613 961/961/1613 960/960/1613
f 1402/1402/1614 1461/1461/1614 877/877/1614 876/876/1614
f 2015/2270/1615 2018/2111/1615 611/611/1615 610/610/1615
f 1779/1841/1616 1764/1826/1616 567/567/1616 566/566/1616
f 1763/1825/1617 1736/1798/1617 523/523/1617 522/522/1617
f 1981/2070/1618 1591/2157/1618 383/383/1618 382/382/1618
f 1735/1797/1619 1506/1506/1619 128/128/1619 127/127/1619
f 196/196/1620 195/195/1620 457/457/1620 456/456/1620
f 866/866/1621 865/865/1621 1361/1361/1621 1364/1364/1621
f 1597/1626/1622 988/2411/1622 2142/2412/1622 1598/1627/1622
f 1295/1295/1623 1294/1294/1623 1345/1345/1623 1348/1348/1623
f 1347/1738/1624 1346/2402/1624 2139/2403/1624 1682/1739/1624
f 608/608/1625 607/607/1625 1200/1200/1625 1203/1203/1625
f 448/448/1626 447/447/1626 147/147/1626 150/150/1626
f 1778/1840/1627 582/582/1627 363/363/1627 1777/1839/1627
f 455/455/1628 454/454/1628 148/148/1628 1488/1488/1628
f 1759/1821/1629 1132/1132/1629 583/583/1629 1760/1822/1629
f 990/990/1630 989/989/1630 1293/1293/1630 1296/1296/1630
f 1685/1742/1631 2111/2330/1631 1004/2331/1631 1007/1743/1631
f 1547/1558/1632 2100/2296/1632 606/2297/1632 609/1559/1632
f 1543/1554/1633 362/2238/1633 2078/2239/1633 1544/1555/1633
f 1202/1202/1634 1201/1201/1634 1309/1309/1634 1312/1312/1634
f 1462/1462/1635 2068/2211/1635 1362/1362/1635 1463/1463/1635
f 1006/1006/1636 1005/1005/1636 864/864/1636 867/867/1636
f 1733/1795/1637 446/446/1637 1133/1133/1637 1734/1796/1637
f 1600/1629/1638 2045/2151/1638 1310/2152/1638 1601/1630/1638
f 1834/1900/1639 1463/1463/1639 1362/1362/1639 1361/1361/1639
f 1939/2021/1640 1941/2343/1640 1346/1346/1640 1345/1345/1640
f 1978/2067/1641 1601/2243/1641 1310/1310/1641 1309/1309/1641
f 1929/2010/1642 1938/2020/1642 1294/1294/1642 1293/1293/1642
f 2010/2102/1643 1977/2066/1643 1201/1201/1643 1200/1200/1643
f 1759/1821/1644 1734/1796/1644 1133/1133/1644 1132/1132/1644
f 1851/2143/1645 1833/1899/1645 1005/1005/1645 1004/1004/1645
f 1597/2374/1646 1930/2011/1646 989/989/1646 988/988/1646
f 1832/1898/1647 1835/1901/1647 865/865/1647 864/864/1647
f 1731/2410/1648 2011/2103/1648 607/607/1648 606/606/1648
f 1778/1840/1649 1760/1822/1649 583/583/1649 582/582/1649
f 1504/1504/1650 454/454/1650 457/457/1650 1509/1509/1650
f 1733/1795/1651 1512/1512/1651 447/447/1651 446/446/1651
f 1543/2314/1652 1777/1839/1652 363/363/1652 362/362/1652
f 1511/1511/1653 1488/1488/1653 148/148/1653 147/147/1653
f 1303/1303/1654 1302/1302/1654 984/984/1654 987/987/1654
f 1667/1718/1655 2133/2389/1655 1000/2390/1655 1003/1719/1655
f 986/986/1656 985/985/1656 406/406/1656 409/409/1656
f 368/368/1657 367/367/1657 494/494/1657 497/497/1657
f 1911/1988/1658 2127/2368/1658 1301/2369/1658 1304/1989/1658
f 1548/1560/1659 1124/2319/1659 2108/2320/1659 1546/1557/1659
f 1717/1777/1660 2089/2267/1660 873/873/1660 1718/1778/1660
f 1372/1372/1661 474/474/1661 495/495/1661 1373/1373/1661
f 1714/1774/1662 872/872/1662 881/881/1662 1715/1775/1662
f 1371/1371/1663 514/514/1663 475/475/1663 1370/1370/1663
f 1126/1126/1664 1125/1125/1664 1172/1172/1664 1175/1175/1664
f 159/159/1665 162/162/1665 515/515/1665 1489/1489/1665
f 1545/1556/1666 2072/2223/1666 366/2224/1666 369/1553/1666
f 1002/1002/1667 1001/1001/1667 880/880/1667 883/883/1667
f 1970/2058/1668 2071/2217/1668 1205/2218/1668 1971/2059/1668
f 1967/2054/1669 1204/1204/1669 1173/1173/1669 1968/2055/1669
f 408/1716/1670 407/2141/1670 2042/2142/1670 1663/1713/1670
f 1924/2325/1671 1928/2009/1671 1302/1302/1671 1301/1301/1671
f 1967/2054/1672 1971/2419/1672 1205/1205/1672 1204/1204/1672
f 2009/2101/1673 1968/2055/1673 1173/1173/1673 1172/1172/1673
f 1548/2418/1674 2008/2100/1674 1125/1125/1674 1124/1124/1674
f 1686/2293/1675 1829/1895/1675 1001/1001/1675 1000/1000/1675
f 1927/2008/1676 1937/2019/1676 985/985/1676 984/984/1676
f 1828/1894/1677 1715/1775/1677 881/881/1677 880/880/1677
f 1714/1774/1678 1718/1778/1678 873/873/1678 872/872/1678
f 1371/1371/1679 1489/1489/1679 515/515/1679 514/514/1679
f 1794/1856/1680 1373/1373/1680 495/495/1680 494/494/1680
f 1372/1372/1681 1370/1370/1681 475/475/1681 474/474/1681
f 1936/2018/1682 1681/2434/1682 407/407/1682 406/406/1682
f 1552/2363/1683 1795/1857/1683 367/367/1683 366/366/1683
f 440/440/1684 439/439/1684 90/90/1684 89/89/1684
f 1549/1561/1685 1116/2413/1685 2143/2414/1685 1550/1562/1685
f 1486/1486/1686 103/103/1686 591/591/1686 1485/1485/1686
f 396/1699/1687 395/2400/1687 2138/2401/1687 1653/1700/1687
f 1368/1368/1688 590/590/1688 503/503/1688 1369/1369/1688
f 1367/1367/1689 502/502/1689 2/2/1689 1365/1365/1689
f 1972/2060/1690 2099/2294/1690 1077/2295/1690 1973/2061/1690
f 1655/1702/1691 2095/2279/1691 920/2280/1691 923/1703/1691
f 1720/1780/1692 2085/2259/1692 901/901/1692 1721/1781/1692
f 1792/1854/1693 1/1/1693 371/371/1693 1793/1855/1693
f 922/922/1694 921/921/1694 1231/1231/1694 1234/1234/1694
f 1554/1567/1695 2082/2248/1695 370/2249/1695 373/1568/1695
f 1118/1118/1696 1117/1117/1696 1008/1008/1696 1011/1011/1696
f 1975/2064/1697 1076/1076/1697 1009/1009/1697 1976/2065/1697
f 1022/1022/1698 1021/1021/1698 394/394/1698 397/397/1698
f 1291/1291/1699 1290/1290/1699 1020/1020/1699 1023/1023/1699
f 88/88/1700 87/87/1700 104/104/1700 1476/1476/1700
f 1723/1783/1701 900/900/1701 1232/1232/1701 1722/1782/1701
f 1901/1977/1702 2039/2135/1702 1289/2136/1702 1292/1974/1702
f 1909/2326/1703 1913/1991/1703 1290/1290/1703 1289/1289/1703
f 1824/1890/1704 1722/1782/1704 1232/1232/1704 1231/1231/1704
f 1549/2153/1705 1959/2044/1705 1117/1117/1705 1116/1116/1705
f 1975/2064/1706 1973/2382/1706 1077/1077/1706 1076/1076/1706
f 1912/1990/1707 1935/2017/1707 1021/1021/1707 1020/1020/1707
f 1960/2045/1708 1976/2065/1708 1009/1009/1708 1008/1008/1708
f 1668/2290/1709 1825/1891/1709 921/921/1709 920/920/1709
f 1723/1783/1710 1721/1781/1710 901/901/1710 900/900/1710
f 1368/1368/1711 1485/1485/1711 591/591/1711 590/590/1711
f 1367/1367/1712 1369/1369/1712 503/503/1712 502/502/1712
f 1934/2016/1713 1665/2384/1713 395/395/1713 394/394/1713
f 1577/2334/1714 1793/1855/1714 371/371/1714 370/370/1714
f 1486/1486/1715 1476/1476/1715 104/104/1715 103/103/1715
f 1487/1487/1716 87/87/1716 90/90/1716 1508/1508/1716
f 1792/1854/1717 1365/1365/1717 2/2/1717 1/1/1717
f 1789/1851/1718 1758/1820/1718 2063/2199/1718 2094/2278/1718
f 1573/1593/1719 1265/2435/1719 2150/2436/1719 1574/1594/1719
f 1651/1697/1720 2145/2420/1720 399/2421/1720 1652/1698/1720
f 588/588/1721 587/587/1721 482/482/1721 485/485/1721
f 1998/2090/1722 1285/1285/1722 1189/1189/1722 1999/2091/1722
f 1225/1225/1723 1224/1224/1723 888/888/1723 891/891/1723
f 890/890/1724 889/889/1724 2116/2342/1724 1444/1444/1724
f 1656/1704/1725 948/2338/1725 2114/2339/1725 1654/1701/1725
f 1819/1885/1726 1223/1223/1726 949/949/1726 1818/1884/1726
f 970/970/1727 969/969/1727 1060/1060/1727 1063/1063/1727
f 1620/1655/1728 2104/2308/1728 968/2309/1728 971/1656/1728
f 1789/1851/1729 2094/2278/1729 1270/1270/1729 1790/1852/1729
f 95/95/1730 98/98/1730 483/483/1730 1478/1478/1730
f 1868/1940/1731 398/398/1731 1061/1061/1731 1869/1941/1731
f 1952/2036/1732 1188/1188/1732 1266/1266/1732 1953/2037/1732
f 1366/1366/1733 2063/2199/1733 586/586/1733 589/589/1733
f 1287/1652/1734 1286/2195/1734 2061/2196/1734 1615/1649/1734
f 1576/1597/1735 2040/2137/1735 1269/2138/1735 1272/1598/1735
f 1998/2090/1736 1997/2423/1736 1286/1286/1736 1285/1285/1736
f 1807/2383/1737 1790/1852/1737 1270/1270/1737 1269/1269/1737
f 1573/2161/1738 1953/2037/1738 1266/1266/1738 1265/1265/1738
f 1819/1885/1739 1821/1887/1739 1224/1224/1739 1223/1223/1739
f 1952/2036/1740 1999/2091/1740 1189/1189/1740 1188/1188/1740
f 1902/1978/1741 1869/1941/1741 1061/1061/1741 1060/1060/1741
f 1899/2385/1742 1903/1979/1742 969/969/1742 968/968/1742
f 1656/2170/1743 1818/1884/1743 949/949/1743 948/948/1743
f 1820/1886/1744 2038/2134/1744 889/889/1744 888/888/1744
f 1757/1819/1745 1751/1813/1745 587/587/1745 586/586/1745
f 1752/1814/1746 1478/1478/1746 483/483/1746 482/482/1746
f 1868/1940/1747 1652/2344/1747 399/399/1747 398/398/1747
f 188/188/1748 187/187/1748 469/469/1748 468/468/1748
f 1747/1809/1749 131/131/1749 543/543/1749 1748/1810/1749
f 1618/1653/1750 386/2397/1750 2137/2398/1750 1619/1654/1750
f 552/552/1751 551/551/1751 542/542/1751 545/545/1751
f 1870/1942/1752 936/936/1752 1029/1029/1752 1871/1943/1752
f 1616/1650/1753 2117/2346/1753 1145/2347/1753 1617/1651/1753
f 388/388/1754 387/387/1754 1028/1028/1754 1031/1031/1754
f 1559/1574/1755 2110/2327/1755 622/2328/1755 625/1575/1755
f 1473/1473/1756 458/458/1756 132/132/1756 1472/1472/1756
f 467/467/1757 466/466/1757 459/459/1757 1475/1475/1757
f 1182/1182/1758 1181/1181/1758 1144/1144/1758 1147/1147/1758
f 1440/1440/1759 1247/1247/1759 68/68/1759 1441/1441/1759
f 1661/1711/1760 2087/2263/1760 937/2264/1760 1662/1712/1760
f 1954/2038/1761 1180/1180/1761 623/623/1761 1955/2039/1761
f 1657/1705/1762 1325/2232/1762 2076/2233/1762 1658/1706/1762
f 1442/1442/1763 2074/2230/1763 1248/1248/1763 1443/1443/1763
f 1823/1889/1764 67/67/1764 1326/1326/1764 1822/1888/1764
f 1787/1849/1765 550/550/1765 1278/1278/1765 1788/1850/1765
f 1556/1571/1766 1277/2176/1766 2054/2177/1766 1557/1572/1766
f 1657/2415/1767 1822/1888/1767 1326/1326/1767 1325/1325/1767
f 1556/2345/1768 1788/1850/1768 1278/1278/1768 1277/1277/1768
f 1440/1440/1769 1443/1443/1769 1248/1248/1769 1247/1247/1769
f 1954/2038/1770 2035/2131/1770 1181/1181/1770 1180/1180/1770
f 2034/2130/1771 1617/2200/1771 1145/1145/1771 1144/1144/1771
f 1895/1969/1772 1871/1943/1772 1029/1029/1772 1028/1028/1772
f 1870/1942/1773 1662/2219/1773 937/937/1773 936/936/1773
f 1957/2246/1774 1955/2039/1774 623/623/1774 622/622/1774
f 1787/1849/1775 1771/1833/1775 551/551/1775 550/550/1775
f 1772/1834/1776 1748/1810/1776 543/543/1776 542/542/1776
f 1477/1477/1777 466/466/1777 469/469/1777 1507/1507/1777
f 1473/1473/1778 1475/1475/1778 459/459/1778 458/458/1778
f 1618/2260/1779 1894/1968/1779 387/387/1779 386/386/1779
f 1747/1809/1780 1472/1472/1780 132/132/1780 131/131/1780
f 1823/1889/1781 1441/1441/1781 68/68/1781 67/67/1781
f 1555/1569/1782 2149/2432/1782 630/2433/1782 633/1570/1782
f 1162/1162/1783 1161/1161/1783 1313/1313/1783 1316/1316/1783
f 1560/1576/1784 1100/2379/1784 2131/2380/1784 1558/1573/1784
f 1621/1658/1785 976/2359/1785 2123/2360/1785 1622/1659/1785
f 1446/1446/1786 2122/2356/1786 1244/1244/1786 1447/1447/1786
f 1448/1448/1787 1243/1243/1787 1240/1240/1787 1449/1449/1787
f 1625/1663/1788 2113/2336/1788 1314/2337/1788 1626/1664/1788
f 1769/1831/1789 534/534/1789 575/575/1789 1770/1832/1789
f 480/480/1790 479/479/1790 78/78/1790 77/77/1790
f 1631/1670/1791 2088/2265/1791 908/2266/1791 911/1671/1791
f 910/910/1792 909/909/1792 1239/1239/1792 1242/1242/1792
f 1883/1956/1793 390/390/1793 1350/1350/1793 1884/1957/1793
f 1744/1806/1794 478/478/1794 535/535/1794 1743/1805/1794
f 978/978/1795 977/977/1795 1349/1349/1795 1352/1352/1795
f 2001/2093/1796 1160/1160/1796 1101/1101/1796 2000/2092/1796
f 1786/1848/1797 574/574/1797 631/631/1797 1785/1847/1797
f 392/1665/1798 391/2148/1798 2044/2149/1798 1627/1666/1798
f 1865/1937/1799 1884/1957/1799 1350/1350/1799 1349/1349/1799
f 1989/2079/1800 1626/2324/1800 1314/1314/1800 1313/1313/1800
f 1448/1448/1801 1447/1447/1801 1244/1244/1801 1243/1243/1801
f 1840/1906/1802 1449/1449/1802 1240/1240/1802 1239/1239/1802
f 2001/2093/1803 1988/2078/1803 1161/1161/1803 1160/1160/1803
f 1560/2351/1804 2000/2092/1804 1101/1101/1804 1100/1100/1804
f 1621/2307/1805 1864/1936/1805 977/977/1805 976/976/1805
f 1855/2329/1806 1841/1907/1806 909/909/1806 908/908/1806
f 1564/2422/1807 1785/1847/1807 631/631/1807 630/630/1807
f 1786/1848/1808 1770/1832/1808 575/575/1808 574/574/1808
f 1769/1831/1809 1743/1805/1809 535/535/1809 534/534/1809
f 1744/1806/1810 1501/1501/1810 479/479/1810 478/478/1810
f 1883/1956/1811 1886/2310/1811 391/391/1811 390/390/1811
f 1584/1608/1812 2152/2439/1812 944/2440/1812 947/1605/1812
f 141/141/1813 140/140/1813 115/115/1813 1474/1474/1813
f 1711/1771/1814 414/414/1814 853/853/1814 1710/1770/1814
f 616/616/1815 615/615/1815 1156/1156/1815 1159/1159/1815
f 1158/1158/1816 1157/1157/1816 638/638/1816 641/641/1816
f 1499/1499/1817 139/139/1817 172/172/1817 1500/1500/1817
f 1739/1801/1818 171/171/1818 527/527/1818 1740/1802/1818
f 1781/1843/1819 570/570/1819 427/427/1819 1782/1844/1819
f 192/192/1820 191/191/1820 118/118/1820 117/117/1820
f 1628/1667/1821 2098/2288/1821 1322/2289/1821 1629/1668/1821
f 640/1602/1822 639/2275/1822 2093/2276/1822 1580/1603/1822
f 1765/1827/1823 526/526/1823 571/571/1823 1766/1828/1823
f 958/958/1824 957/957/1824 852/852/1824 855/855/1824
f 416/416/1825 415/415/1825 2069/2212/1825 1453/1453/1825
f 1526/1531/1826 426/2205/1826 2065/2206/1826 1527/1532/1826
f 1888/1962/1827 1321/1321/1827 1041/1041/1827 1889/1963/1827
f 1632/1672/1828 956/2174/1828 2053/2175/1828 1630/1669/1828
f 1861/1933/1829 1040/1040/1829 945/945/1829 1860/1932/1829
f 1530/1536/1830 2041/2139/1830 614/2140/1830 617/1533/1830
f 1888/1962/1831 1629/2427/1831 1322/1322/1831 1321/1321/1831
f 2019/2112/1832 1984/2073/1832 1157/1157/1832 1156/1156/1832
f 1861/1933/1833 1889/1963/1833 1041/1041/1833 1040/1040/1833
f 1632/2222/1834 1839/1905/1834 957/957/1834 956/956/1834
f 1859/2250/1835 1860/1932/1835 945/945/1835 944/944/1835
f 1838/1904/1836 1710/1770/1836 853/853/1836 852/852/1836
f 1983/2072/1837 1987/2150/1837 639/639/1837 638/638/1837
f 1561/2405/1838 2020/2113/1838 615/615/1838 614/614/1838
f 1781/1843/1839 1766/1828/1839 571/571/1839 570/570/1839
f 1765/1827/1840 1740/1802/1840 527/527/1840 526/526/1840
f 1526/2358/1841 1782/1844/1841 427/427/1841 426/426/1841
f 1711/1771/1842 1708/1768/1842 415/415/1842 414/414/1842
f 1739/1801/1843 1500/1500/1843 172/172/1843 171/171/1843
f 1499/1499/1844 1493/1493/1844 140/140/1844 139/139/1844
f 1474/1474/1845 115/115/1845 118/118/1845 1496/1496/1845
f 870/870/1846 869/869/1846 896/896/1846 899/899/1846
f 1636/1677/1847 2148/2430/1847 905/2431/1847 1637/1678/1847
f 1518/1520/1848 2141/2408/1848 1208/2409/1848 1211/1517/1848
f 412/412/1849 411/411/1849 868/868/1849 871/871/1849
f 1034/1034/1850 1033/1033/1850 904/904/1850 907/907/1850
f 1862/1934/1851 1032/1032/1851 375/375/1851 1863/1935/1851
f 1454/1454/1852 2105/2313/1852 897/897/1852 1455/1455/1852
f 1737/1799/1853 123/123/1853 531/531/1853 1738/1800/1853
f 1761/1823/1854 530/530/1854 563/563/1854 1762/1824/1854
f 1581/1604/1855 2096/2282/1855 1121/2283/1855 1579/1601/1855
f 1513/1514/1856 342/2273/1856 2092/2274/1856 1514/1515/1856
f 1582/1606/1857 374/2227/1857 2073/2228/1857 1583/1607/1857
f 1776/1838/1858 562/562/1858 343/343/1858 1775/1837/1858
f 1633/1674/1859 410/2185/1859 2057/2186/1859 1634/1675/1859
f 1138/1138/1860 1137/1137/1860 1120/1120/1860 1123/1123/1860
f 1210/1210/1861 1209/1209/1861 1136/1136/1861 1139/1139/1861
f 163/163/1862 166/166/1862 124/124/1862 1494/1494/1862
f 1528/2242/1863 2013/2105/1863 1209/1209/1863 1208/1208/1863
f 2012/2104/1864 1979/2068/1864 1137/1137/1864 1136/1136/1864
f 1980/2069/1865 1579/2221/1865 1121/1121/1865 1120/1120/1865
f 1862/1934/1866 1944/2027/1866 1033/1033/1866 1032/1032/1866
f 1943/2026/1867 1637/2424/1867 905/905/1867 904/904/1867
f 1713/1773/1868 1455/1455/1868 897/897/1868 896/896/1868
f 1836/1902/1869 1712/1772/1869 869/869/1869 868/868/1869
f 1776/1838/1870 1762/1824/1870 563/563/1870 562/562/1870
f 1761/1823/1871 1738/1800/1871 531/531/1871 530/530/1871
f 1633/2277/1872 1837/1903/1872 411/411/1872 410/410/1872
f 1582/2162/1873 1863/1935/1873 375/375/1873 374/374/1873
f 1513/2237/1874 1775/1837/1874 343/343/1874 342/342/1874
f 1737/1799/1875 1494/1494/1875 124/124/1875 123/123/1875
s 1
f 2121/2354/1876 2048/2164/1877 1534/1541/1878 1532/1539/1879
f 2054/2177/1880 2110/2327/1881 1559/1574/1882 1557/1572/1883
f 2103/2305/1884 2136/2395/1885 1612/1645/1886 1611/1644/1887
f 2083/2255/1888 2129/2375/1889 1642/1685/1890 1639/1682/1891
f 2075/2441/1892 1724/2442/1893 2153/2443/1894 2154/2444/1895
f 2069/2445/1896 1707/2446/1897 2155/2447/1898 2156/2448/1899
f 2122/2449/1900 1446/2450/1901 2157/2451/1902 2158/2452/1903
f 2118/2453/1904 1456/2454/1905 2159/2455/1906 2160/2456/1907
f 2089/2457/1908 1717/2458/1909 2161/2459/1910 2162/2460/1911
f 2072/2223/1912 2108/2320/1913 1551/1563/1914 1553/1566/1915
f 2052/2173/1916 2080/2245/1917 2014/2106/1918 1800/1863/1919
f 2112/2332/1920 2124/2362/1921 1520/1522/1922 1522/1525/1923
f 2092/2274/1924 2141/2408/1925 1518/1520/1926 1514/1515/1927
f 2149/2432/1928 2131/2380/1929 1563/1579/1930 1565/1583/1931
f 2065/2206/1932 2041/2139/1933 1530/1536/1934 1527/1532/1935
f 2078/2239/1936 2100/2296/1937 1547/1558/1938 1544/1555/1939
f 2134/2392/1940 2091/2272/1941 1853/1922/1942 1942/2025/1943
f 2116/2461/1944 2037/2462/1945 2163/2463/1946 2164/2464/1947
f 2051/2465/1948 1450/2466/1949 2165/2467/1950 2166/2468/1951
f 2046/2155/1952 2151/2437/1953 1730/1791/1954 1728/1788/1955
f 2144/2469/1956 1697/2470/1957 2167/2471/1958 2168/2472/1959
f 2081/2473/1960 1704/2474/1961 2169/2475/1962 2170/2476/1963
f 2105/2477/1964 1454/2478/1965 2171/2479/1966 2172/2480/1967
f 2126/2481/1968 1437/2482/1969 2173/2483/1970 2174/2484/1971
f 2062/2197/1972 2130/2378/1973 1842/1908/1974 1876/1949/1975
f 2109/2322/1976 2147/2429/1977 1847/1915/1978 1948/2032/1979
f 2087/2263/1980 2076/2233/1981 1854/1924/1982 1887/1961/1983
f 2148/2430/1984 2057/2186/1985 1689/1747/1986 1690/1750/1987
f 2139/2403/1988 2111/2330/1989 1685/1742/1990 1682/1739/1991
f 2066/2207/1992 2058/2188/1993 1850/1919/1994 1931/2013/1995
f 2050/2168/1996 2119/2350/1997 1914/1992/1998 2031/2127/1999
f 2113/2336/2000 2123/2360/2001 1858/1929/2002 1985/2075/2003
f 2070/2215/2004 2056/2180/2005 1673/1726/2006 1670/1723/2007
f 2132/2386/2008 2055/2179/2009 1677/1732/2010 1679/1735/2011
f 2042/2142/2012 2133/2389/2013 1667/1718/2014 1663/1713/2015
f 2099/2294/2016 2039/2135/2017 1901/1977/2018 1995/2086/2018
f 2077/2236/2019 2097/2287/2020 1923/2002/2021 2024/2118/2022
f 2071/2217/2023 2127/2368/2024 1911/1988/2025 1974/2063/2026
f 2049/2166/2027 2059/2191/2028 1596/1624/2029 1592/1619/2030
f 2045/2151/2031 2142/2412/2032 1926/2007/2033 1969/2057/2034
f 2138/2401/2035 2095/2279/2036 1655/1702/2037 1653/1700/2038
f 2064/2203/2039 2086/2262/2040 1647/1691/2041 1648/1694/2042
f 2098/2288/2043 2053/2175/2044 1635/1676/2045 1638/1680/2046
f 2145/2420/2047 2114/2339/2048 1659/1707/2049 1660/1710/2050
f 2090/2269/2051 2128/2370/2052 1898/1972/2053 1993/2084/2054
f 2040/2137/2055 2150/2436/2056 1956/2040/2057 1808/1873/2058
f 2082/2248/2059 2143/2414/2060 1575/1595/2061 1578/1600/2062
f 2043/2145/2063 2135/2393/2064 1606/1637/2065 1603/1634/2066
f 2060/2193/2067 2084/2257/2068 1599/1628/2069 1602/1632/2070
f 2093/2276/2071 2152/2439/2072 1584/1608/2073 1580/1603/2074
f 2044/2149/2075 2088/2265/2076 1631/1670/2077 1627/1666/2078
f 2125/2364/2079 2102/2303/2080 1567/1585/2081 1572/1592/2082
f 2101/2299/2083 2079/2241/2084 1538/1546/2085 1541/1551/2086
f 2067/2209/2087 2115/2341/2088 1963/2049/2089 1805/1869/2090
f 2175/2485/2091 2176/2486/2092 2177/2487/2093 2178/2488/2094 2179/2489/2095 2180/2490/2096 2181/2491/2097 2182/2492/2098 2183/2493/2099 2184/2494/2100 2185/2495/2101 2186/2496/2102 2187/2497/2103 2188/2498/2104 2189/2499/2105 2190/2500/2106 2191/2501/2107 2192/2502/2108 2193/2503/2109 2194/2504/2110 2195/2505/2111 2196/2506/2112 2197/2507/2113 2198/2508/2114 2199/2509/2115 2200/2510/2116 2201/2511/2117 2202/2512/2118 2203/2513/2119 2204/2514/2120 2205/2515/2121 2206/2516/2122 2207/2517/2123 2208/2518/2124 2209/2519/2125 2210/2520/2126 2211/2521/2127 2212/2522/2128 2213/2523/2129 2214/2524/2130 2215/2525/2131 2216/2526/2132 2217/2527/2133 2218/2528/2134 2219/2529/2135 2220/2530/2136 2221/2531/2137 2222/2532/2138
f 2117/2346/2139 2137/2398/2140 1623/1660/2141 1624/1662/2142
f 2068/2533/2143 1462/2534/2144 2223/2535/2145 2224/2536/2146
f 2106/2537/2147 1433/2538/2148 2225/2539/2149 2226/2540/2150
f 2074/2541/2151 1442/2542/2152 2227/2543/2153 2228/2544/2154
f 2047/2159/2155 2107/2317/2156 1965/2051/2157 1801/1864/2158
f 2061/2196/2159 2104/2308/2160 1620/1655/2161 1615/1649/2162
f 2120/2352/2163 2146/2425/2164 1904/1980/2165 2026/2120/2166
f 2096/2282/2167 2073/2228/2168 1586/1610/2169 1589/1615/2170
f 2085/2545/2171 1720/2546/2172 2229/2547/2173 2230/2548/2174
f 2140/2549/2175 1460/2550/2176 2231/2551/2177 2232/2552/2178
f 2225/2539/2149 2233/2553/2179 2203/2513/2119 2202/2512/2118
f 2173/2483/1970 2234/2554/2180 2200/2510/2116 2199/2509/2115
f 2235/2555/2181 2179/2489/2095 2178/2488/2094 2227/2543/2153
f 2157/2451/1902 2236/2556/2182 2176/2486/2092 2175/2485/2091
f 2237/2557/2183 2206/2516/2122 2205/2515/2121 2165/2467/1950
f 2171/2479/1966 2238/2558/2184 2218/2528/2134 2217/2527/2133
f 2159/2455/1906 2239/2559/2185 2215/2525/2131 2214/2524/2130
f 2231/2551/2177 2240/2560/2186 2194/2504/2110 2193/2503/2109
f 2241/2561/2187 2191/2501/2107 2190/2500/2106 2223/2535/2145
f 2167/2471/1958 2242/2562/2188 2212/2522/2128 2211/2521/2127
f 2243/2563/2189 2209/2519/2125 2208/2518/2124 2169/2475/1962
f 2244/2564/2190 2221/2531/2137 2220/2530/2136 2155/2447/1898
f 2161/2459/1910 2245/2565/2191 2188/2498/2104 2187/2497/2103
f 2246/2566/2192 2185/2495/2101 2184/2494/2100 2229/2547/2173
f 2247/2567/2193 2197/2507/2113 2196/2506/2112 2153/2443/1894
f 2163/2463/1946 2248/2568/2194 2182/2492/2098 2181/2491/2097
f 1527/1532/1935 1530/1536/1934 1529/1535/2195 1525/1529/2196
f 1910/1987/2197 1972/2060/2198 1974/2063/2026 1911/1988/2025
f 2159/2455/1906 1456/2454/1905 1458/2569/2199 2239/2559/2185
f 1653/1700/2038 1655/1702/2037 1654/1701/2200 1651/1697/2201
f 1603/1634/2066 1606/1637/2065 1608/1640/2202 1604/1635/2203
f 1557/1572/1883 1559/1574/1882 1558/1573/2204 1555/1569/2205
f 1682/1739/1991 1685/1742/1990 1684/1741/2206 1683/1740/2207
f 1900/1976/2208 1996/2087/2209 1995/2086/2018 1901/1977/2018
f 1844/1911/2210 1874/1946/2211 1876/1949/1975 1842/1908/1974
f 1808/1873/2058 1956/2040/2057 1958/2043/2212 1809/1874/2213
f 1906/1983/2214 2027/2121/2215 2026/2120/2166 1904/1980/2165
f 1585/1609/2216 1590/1616/2217 1589/1615/2170 1586/1610/2169
f 1634/1675/2218 1636/1677/2219 1638/1680/2046 1635/1676/2045
f 1537/1545/2220 1542/1552/2221 1541/1551/2086 1538/1546/2085
f 1857/1928/2222 1986/2076/2223 1985/2075/2003 1858/1929/2002
f 1916/1995/2224 2032/2128/2225 2031/2127/1999 1914/1992/1998
f 1592/1619/2030 1596/1624/2029 1595/1623/2226 1593/1620/2227
f 1639/1682/1891 1642/1685/1890 1644/1688/2228 1640/1683/2229
f 2171/2479/1966 1454/2478/1965 1453/2570/2230 2238/2558/2184
f 1544/1555/1939 1547/1558/1938 1546/1557/2231 1545/1556/2232
f 2161/2459/1910 1717/2458/1909 1716/2571/2233 2245/2565/2191
f 1852/1921/2234 1940/2022/2235 1942/2025/1943 1853/1922/1942
f 1598/1627/2236 1600/1629/2237 1602/1632/2070 1599/1628/2069
f 2225/2539/2149 1433/2538/2148 1432/2572/2238 2233/2553/2179
f 1728/1788/1955 1730/1791/1954 1732/1794/2239 1729/1789/2240
f 1646/1690/2241 1649/1695/2242 1648/1694/2042 1647/1691/2041
f 1676/1731/2243 1680/1736/2244 1679/1735/2011 1677/1732/2010
f 1452/2573/2245 2237/2557/2183 2165/2467/1950 1450/2466/1949
f 1550/1562/2246 1554/1567/2247 1553/1566/1915 1551/1563/1914
f 1719/2574/2248 2246/2566/2192 2229/2547/2173 1720/2546/2172
f 1897/1971/2249 1994/2085/2250 1993/2084/2054 1898/1972/2053
f 1580/1603/2074 1584/1608/2073 1583/1607/2251 1581/1604/2252
f 1627/1666/2078 1631/1670/2077 1630/1669/2253 1628/1667/2254
f 2036/2575/2255 2248/2568/2194 2163/2463/1946 2037/2462/1945
f 1925/2006/2256 1970/2058/2257 1969/2057/2034 1926/2007/2033
f 1532/1539/1879 1534/1541/1878 1536/1544/2258 1533/1540/2259
f 2169/2475/1962 1704/2474/1961 1703/2576/2260 2243/2563/2189
f 1696/2577/2261 2242/2562/2188 2167/2471/1958 1697/2470/1957
f 2155/2447/1898 1707/2446/1897 1709/2578/2262 2244/2564/2190
f 1658/1706/2263 1661/1711/2264 1660/1710/2050 1659/1707/2049
f 1611/1644/1887 1612/1645/1886 1614/1648/2265 1609/1641/2266
f 1688/1746/2267 1691/1751/2268 1690/1750/1987 1689/1747/1986
f 1562/1578/2269 1566/1584/2270 1565/1583/1931 1563/1579/1930
f 1615/1649/2162 1620/1655/2161 1619/1654/2271 1616/1650/2272
f 2157/2451/1902 1446/2450/1901 1445/2579/2273 2236/2556/2182
f 1444/2580/2274 2235/2555/2181 2227/2543/2153 1442/2542/2152
f 1514/1515/1927 1518/1520/1926 1517/1519/2275 1515/1516/2276
f 1849/1918/2277 1932/2014/2278 1931/2013/1995 1850/1919/1994
f 1922/2001/2279 2025/2119/2280 2024/2118/2022 1923/2002/2021
f 1663/1713/2015 1667/1718/2014 1666/1717/2281 1664/1714/2282
f 1801/1864/2158 1965/2051/2157 1964/2050/2283 1802/1865/2284
f 1436/2581/2285 2234/2554/2180 2173/2483/1970 1437/2482/1969
f 1569/1588/2286 1570/1589/2287 1572/1592/2082 1567/1585/2081
f 1846/1914/2288 1949/2033/2289 1948/2032/1979 1847/1915/1978
f 1519/1521/2290 1523/1526/2291 1522/1525/1923 1520/1522/1922
f 1856/1927/2292 1885/1958/2293 1887/1961/1983 1854/1924/1982
f 1805/1869/2090 1963/2049/2089 1962/2048/2294 1806/1870/2295
f 1622/1659/2296 1625/1663/2297 1624/1662/2142 1623/1660/2141
f 2223/2535/2145 1462/2534/2144 1464/2582/2298 2241/2561/2187
f 2231/2551/2177 1460/2550/2176 1459/2583/2299 2240/2560/2186
f 1670/1723/2007 1673/1726/2006 1672/1725/2300 1671/1724/2301
f 1726/2584/2302 2247/2567/2193 2153/2443/1894 1724/2442/1893
f 1574/1594/2303 1576/1597/2304 1578/1600/2062 1575/1595/2061
f 1800/1863/1919 2014/2106/1918 2016/2109/2305 1798/1860/2306
f 2166/2468/1951 2165/2467/1950 2205/2515/2121 2204/2514/2120
f 2189/2499/2105 2188/2498/2104 2245/2565/2191 2224/2536/2146
f 2156/2448/1899 2155/2447/1898 2220/2530/2136 2219/2529/2135
f 2177/2487/2093 2176/2486/2092 2236/2556/2182 2228/2544/2154
f 2154/2444/1895 2153/2443/1894 2196/2506/2112 2195/2505/2111
f 2170/2476/1963 2169/2475/1962 2208/2518/2124 2207/2517/2123
f 2183/2493/2099 2182/2492/2098 2248/2568/2194 2230/2548/2174
f 2186/2496/2102 2185/2495/2101 2246/2566/2192 2162/2460/1911
f 2216/2526/2132 2215/2525/2131 2239/2559/2185 2172/2480/1967
f 2201/2511/2117 2200/2510/2116 2234/2554/2180 2226/2540/2150
f 2164/2464/1947 2163/2463/1946 2181/2491/2097 2180/2490/2096
f 2213/2523/2129 2212/2522/2128 2242/2562/2188 2160/2456/1907
f 2222/2532/2138 2221/2531/2137 2244/2564/2190 2158/2452/1903
f 2198/2508/2114 2197/2507/2113 2247/2567/2193 2174/2484/1971
f 2192/2502/2108 2191/2501/2107 2241/2561/2187 2232/2552/2178
f 2210/2520/2126 2209/2519/2125 2243/2563/2189 2168/2472/1959
f 2214/2524/2130 2213/2523/2129 2160/2456/1907 2159/2455/1906
f 1590/1616/2217 1585/1609/2216 2119/2350/1997 2050/2168/1996
f 1691/1751/2268 1688/1746/2267 2130/2378/1973 2062/2197/1972
f 1515/1516/2276 1517/1519/2275 2124/2362/1921 2112/2332/1920
f 1696/2577/2261 2118/2453/1904 2160/2456/1907 2242/2562/2188
f 2211/2521/2127 2210/2520/2126 2168/2472/1959 2167/2471/1958
f 2032/2128/2225 1916/1995/2224 2097/2287/2020 2077/2236/2019
f 1874/1946/2211 1844/1911/2210 2056/2180/2005 2070/2215/2004
f 1703/2576/2260 2144/2469/1956 2168/2472/1959 2243/2563/2189
f 1523/1526/2291 1519/1521/2290 2048/2164/1877 2121/2354/1876
f 2237/2557/2183 2170/2476/1963 2207/2517/2123 2206/2516/2122
f 2025/2119/2280 1922/2001/2279 2146/2425/2164 2120/2352/2163
f 1533/1540/2259 1536/1544/2258 2079/2241/2084 2101/2299/2083
f 1671/1724/2301 1672/1725/2300 2055/2179/2009 2132/2386/2008
f 1452/2573/2245 2081/2473/1960 2170/2476/1963 2237/2557/2183
f 2233/2553/2179 2166/2468/1951 2204/2514/2120 2203/2513/2119
f 1542/1552/2221 1537/1545/2220 2102/2303/2080 2125/2364/2079
f 2027/2121/2215 1906/1983/2214 2128/2370/2052 2090/2269/2051
f 1680/1736/2244 1676/1731/2243 2058/2188/1993 2066/2207/1992
f 1432/2572/2238 2051/2465/1948 2166/2468/1951 2233/2553/2179
f 2202/2512/2118 2201/2511/2117 2226/2540/2150 2225/2539/2149
f 1436/2581/2285 2106/2537/2147 2226/2540/2150 2234/2554/2180
f 1570/1589/2287 1569/1588/2286 2115/2341/2088 2067/2209/2087
f 1932/2014/2278 1849/1918/2277 2129/2375/1889 2083/2255/1888
f 1994/2085/2250 1897/1971/2249 2136/2395/1885 2103/2305/1884
f 2199/2509/2115 2198/2508/2114 2174/2484/1971 2173/2483/1970
f 1806/1870/2295 1962/2048/2294 2107/2317/2156 2047/2159/2155
f 1609/1641/2266 1614/1648/2265 2135/2393/2064 2043/2145/2063
f 1640/1683/2229 1644/1688/2228 2086/2262/2040 2064/2203/2039
f 1726/2584/2302 2126/2481/1968 2174/2484/1971 2247/2567/2193
f 2240/2560/2186 2154/2444/1895 2195/2505/2111 2194/2504/2110
f 1604/1635/2203 1608/1640/2202 2059/2191/2028 2049/2166/2027
f 1649/1695/2242 1646/1690/2241 2147/2429/1977 2109/2322/1976
f 1802/1865/2284 1964/2050/2283 2080/2245/1917 2052/2173/1916
f 1459/2583/2299 2075/2441/1892 2154/2444/1895 2240/2560/2186
f 2193/2503/2109 2192/2502/2108 2232/2552/2178 2231/2551/2177
f 1464/2582/2298 2140/2549/2175 2232/2552/2178 2241/2561/2187
f 1593/1620/2227 1595/1623/2226 2084/2257/2068 2060/2193/2067
f 1798/1860/2306 2016/2109/2305 2151/2437/1953 2046/2155/1952
f 1949/2033/2289 1846/1914/2288 2091/2272/1941 2134/2392/1940
f 2190/2500/2106 2189/2499/2105 2224/2536/2146 2223/2535/2145
f 1716/2571/2233 2068/2533/2143 2224/2536/2146 2245/2565/2191
f 1600/1629/2237 1598/1627/2236 2142/2412/2032 2045/2151/2031
f 1940/2022/2235 1852/1921/2234 2111/2330/1989 2139/2403/1988
f 1729/1789/2240 1732/1794/2239 2100/2296/1937 2078/2239/1936
f 2187/2497/2103 2186/2496/2102 2162/2460/1911 2161/2459/1910
f 1970/2058/2257 1925/2006/2256 2127/2368/2024 2071/2217/2023
f 1683/1740/2207 1684/1741/2206 2133/2389/2013 2042/2142/2012
f 1545/1556/2232 1546/1557/2231 2108/2320/1913 2072/2223/1912
f 1719/2574/2248 2089/2457/1908 2162/2460/1911 2246/2566/2192
f 2184/2494/2100 2183/2493/2099 2230/2548/2174 2229/2547/2173
f 2036/2575/2255 2085/2545/2171 2230/2548/2174 2248/2568/2194
f 1554/1567/2247 1550/1562/2246 2143/2414/2060 2082/2248/2059
f 1664/1714/2282 1666/1717/2281 2095/2279/2036 2138/2401/2035
f 1972/2060/2198 1910/1987/2197 2039/2135/2017 2099/2294/2016
f 2235/2555/2181 2164/2464/1947 2180/2490/2096 2179/2489/2095
f 1996/2087/2209 1900/1976/2208 2104/2308/2160 2061/2196/2159
f 1576/1597/2304 1574/1594/2303 2150/2436/2056 2040/2137/2055
f 1651/1697/2201 1654/1701/2200 2114/2339/2048 2145/2420/2047
f 1444/2580/2274 2116/2461/1944 2164/2464/1947 2235/2555/2181
f 2178/2488/2094 2177/2487/2093 2228/2544/2154 2227/2543/2153
f 1445/2579/2273 2074/2541/2151 2228/2544/2154 2236/2556/2182
f 1616/1650/2272 1619/1654/2271 2137/2398/2140 2117/2346/2139
f 1661/1711/2264 1658/1706/2263 2076/2233/1981 2087/2263/1980
f 1809/1874/2213 1958/2043/2212 2110/2327/1881 2054/2177/1880
f 2175/2485/2091 2222/2532/2138 2158/2452/1903 2157/2451/1902
f 1885/1958/2293 1856/1927/2292 2088/2265/2076 2044/2149/2075
f 1625/1663/2297 1622/1659/2296 2123/2360/2001 2113/2336/2000
f 1555/1569/2205 1558/1573/2204 2131/2380/1929 2149/2432/1928
f 1709/2578/2262 2122/2449/1900 2158/2452/1903 2244/2564/2190
f 2238/2558/2184 2156/2448/1899 2219/2529/2135 2218/2528/2134
f 1986/2076/2223 1857/1928/2222 2152/2439/2072 2093/2276/2071
f 1628/1667/2254 1630/1669/2253 2053/2175/2044 2098/2288/2043
f 1566/1584/2270 1562/1578/2269 2041/2139/1933 2065/2206/1932
f 1453/2570/2230 2069/2445/1896 2156/2448/1899 2238/2558/2184
f 2217/2527/2133 2216/2526/2132 2172/2480/1967 2171/2479/1966
f 1581/1604/2252 1583/1607/2251 2073/2228/2168 2096/2282/2167
f 1636/1677/2219 1634/1675/2218 2057/2186/1985 2148/2430/1984
f 1458/2569/2199 2105/2477/1964 2172/2480/1967 2239/2559/2185
f 1525/1529/2196 1529/1535/2195 2141/2408/1925 2092/2274/1924
