# Blender v2.77 (sub 0) OBJ File: 'ballast.obj'
# www.blender.org
mtllib ballast.mtl
o Torus.001
v -1.089908 -0.846415 0.793502
v -1.107790 -0.860350 0.732910
v -0.982064 -0.988531 0.733566
v -0.966224 -0.972514 0.792856
v 0.845353 -0.862732 0.728627
v 1.093717 -0.860349 0.732910
v 0.967992 -0.988531 0.733566
v 0.842992 -1.115997 0.732910
v 1.075837 -0.846414 0.793502
v 0.952153 -0.972514 0.792856
v -0.859131 -0.862733 0.701170
v -0.842966 -1.097909 0.793502
v 0.829184 -1.097909 0.793502
v -0.842966 1.086648 0.793501
v -0.856770 1.104634 0.732909
v -0.988144 0.977168 0.733471
v -0.972206 0.961253 0.792949
v 0.958135 0.961253 0.792949
v 0.974072 0.977168 0.733471
v 0.842992 1.104634 0.732909
v 0.829184 1.086648 0.793501
v -0.856770 -1.115997 0.732910
v 0.845353 -0.862732 0.701170
v -0.859131 -0.862733 0.728627
v -0.859131 0.870256 0.701170
v 0.845353 0.870256 0.701170
v -0.859131 0.870256 0.728627
v -1.107790 0.867838 0.732910
v 0.845353 0.870256 0.728627
v 1.075837 0.853699 0.793502
v -1.089908 0.853699 0.793502
v 1.093717 0.867838 0.732910
v 1.132922 -1.169615 -0.602006
v 1.130717 -1.167207 -0.651819
v 1.152014 -1.133955 -0.650484
v 1.154160 -1.136298 -0.602006
v 1.153909 -1.094660 -0.646838
v 1.155894 -1.096827 -0.602006
v 1.135896 -1.059851 -0.641856
v 1.137660 -1.061777 -0.602006
v 1.102800 -1.038854 -0.636875
v 1.104344 -1.040540 -0.602006
v 1.063491 -1.037296 -0.633228
v 1.064873 -1.038805 -0.602006
v 1.028500 -1.055595 -0.631894
v 1.029823 -1.057039 -0.602006
v 1.007203 -1.088846 -0.633228
v 1.008585 -1.090355 -0.602006
v 1.005308 -1.128141 -0.636875
v 1.006851 -1.129827 -0.602006
v 1.023321 -1.162951 -0.641856
v 1.025085 -1.164877 -0.602006
v 1.056416 -1.183947 -0.646838
v 1.058401 -1.186114 -0.602006
v 1.095726 -1.185505 -0.650484
v 1.097872 -1.187848 -0.602006
v 1.124140 -1.160025 -0.700779
v 1.145612 -1.126966 -0.698133
v 1.147990 -1.088197 -0.690902
v 1.130634 -1.054105 -0.681025
v 1.098196 -1.033827 -0.671147
v 1.059368 -1.032795 -0.663917
v 1.024553 -1.051286 -0.661270
v 1.003080 -1.084344 -0.663917
v 1.000703 -1.123114 -0.671147
v 1.018059 -1.157205 -0.681025
v 1.050496 -1.177484 -0.690902
v 1.089325 -1.178516 -0.698133
v 1.113302 -1.148191 -0.748050
v 1.135066 -1.115449 -0.744137
v 1.138236 -1.077546 -0.733445
v 1.121964 -1.044639 -0.718841
v 1.090610 -1.025543 -0.704237
v 1.052575 -1.025378 -0.693546
v 1.018051 -1.044185 -0.689632
v 0.996288 -1.076927 -0.693546
v 0.993117 -1.114830 -0.704237
v 1.009389 -1.147738 -0.718841
v 1.040743 -1.166833 -0.733445
v 1.078778 -1.166999 -0.744137
v 1.098391 -1.131909 -0.792822
v 1.120553 -1.099603 -0.787709
v 1.124815 -1.062892 -0.773740
v 1.110035 -1.031613 -0.754658
v 1.080172 -1.014146 -0.735577
v 1.043229 -1.015172 -0.721608
v 1.009103 -1.034416 -0.716495
v 0.986941 -1.066722 -0.721608
v 0.982679 -1.103433 -0.735577
v 0.997459 -1.134712 -0.754658
v 1.027322 -1.152179 -0.773740
v 1.064266 -1.151153 -0.787709
v 1.079659 -1.111456 -0.834328
v 1.102324 -1.079699 -0.828103
v 1.107957 -1.044485 -0.811096
v 1.095050 -1.015250 -0.787864
v 1.067060 -0.999829 -0.764632
v 1.031488 -1.002352 -0.747624
v 0.997865 -1.022144 -0.741399
v 0.975200 -1.053902 -0.747624
v 0.969567 -1.089116 -0.764632
v 0.982474 -1.118350 -0.787864
v 1.010464 -1.133772 -0.811096
v 1.046036 -1.131249 -0.828103
v 1.057429 -1.087183 -0.871860
v 1.080690 -1.056076 -0.864629
v 1.087950 -1.022639 -0.844874
v 1.077266 -0.995832 -0.817889
v 1.051499 -0.982838 -0.790904
v 1.017554 -0.987138 -0.771149
v 0.984527 -1.007581 -0.763918
v 0.961267 -1.038688 -0.771149
v 0.954006 -1.072125 -0.790904
v 0.964690 -1.098932 -0.817889
v 0.990457 -1.111926 -0.844874
v 1.024402 -1.107626 -0.864629
v 1.032081 -1.059505 -0.904774
v 1.056020 -1.029140 -0.896662
v 1.065137 -0.997729 -0.874497
v 1.056987 -0.973690 -0.844221
v 1.033755 -0.963463 -0.813944
v 1.001666 -0.969789 -0.791780
v 0.969318 -0.990974 -0.783667
v 0.945378 -1.021339 -0.791780
v 0.936262 -1.052750 -0.813944
v 0.944412 -1.076789 -0.844221
v 0.967644 -1.087016 -0.874497
v 0.999733 -1.080689 -0.896662
v 1.004048 -1.028895 -0.932508
v 1.028738 -0.999350 -0.923652
v 1.039907 -0.970180 -0.899458
v 1.034560 -0.949202 -0.866408
v 1.014132 -0.942036 -0.833357
v 0.984095 -0.950603 -0.809163
v 0.952498 -0.972608 -0.800307
v 0.927807 -1.002153 -0.809163
v 0.916639 -1.031323 -0.833357
v 0.921985 -1.052302 -0.866408
v 0.942414 -1.059467 -0.899458
v 0.972451 -1.050900 -0.923652
v 0.973810 -0.995878 -0.954587
v 0.999310 -0.967217 -0.945140
v 1.012692 -0.940465 -0.919329
v 1.010370 -0.922788 -0.884071
v 0.992965 -0.918924 -0.848813
v 0.965142 -0.929908 -0.823002
v 0.934355 -0.952797 -0.813555
v 0.908854 -0.981458 -0.823002
v 0.895472 -1.008211 -0.848813
v 0.897795 -1.025888 -0.884071
v 0.915199 -1.029751 -0.919329
v 0.943023 -1.018767 -0.945140
v 0.941883 -0.961018 -0.970633
v 0.968240 -0.933291 -0.960756
v 0.983959 -0.909090 -0.933770
v 0.984829 -0.894900 -0.896908
v 0.970617 -0.894522 -0.860045
v 0.945131 -0.908058 -0.833060
v 0.915199 -0.931881 -0.823182
v 0.888843 -0.959608 -0.833060
v 0.873124 -0.983809 -0.860045
v 0.872254 -0.998000 -0.896908
v 0.886466 -0.998377 -0.933770
v 0.911952 -0.984841 -0.960756
v 0.908816 -0.924911 -0.980372
v 0.936058 -0.898152 -0.970234
v 0.954198 -0.876594 -0.942535
v 0.958375 -0.866015 -0.904699
v 0.947470 -0.869247 -0.866862
v 0.924404 -0.885427 -0.839164
v 0.895359 -0.910217 -0.829026
v 0.868116 -0.936977 -0.839164
v 0.849977 -0.958534 -0.866862
v 0.845800 -0.969114 -0.904699
v 0.856705 -0.965881 -0.942535
v 0.879771 -0.949702 -0.970234
v 0.875173 -0.888176 -0.983637
v 0.903317 -0.862401 -0.973411
v 0.923920 -0.843533 -0.945474
v 0.931461 -0.836626 -0.907311
v 0.923920 -0.843533 -0.869148
v 0.903317 -0.862401 -0.841210
v 0.875173 -0.888176 -0.830985
v 0.847029 -0.913951 -0.841210
v 0.826427 -0.932820 -0.869148
v 0.818885 -0.939726 -0.907311
v 0.826427 -0.932820 -0.945474
v 0.847029 -0.913951 -0.973411
v 0.841530 -0.851441 -0.980372
v 0.870575 -0.826651 -0.970234
v 0.893641 -0.810471 -0.942535
v 0.904546 -0.807238 -0.904699
v 0.900370 -0.817818 -0.866862
v 0.882230 -0.839376 -0.839164
v 0.854987 -0.866135 -0.829026
v 0.825942 -0.890926 -0.839164
v 0.802876 -0.907105 -0.866862
v 0.791971 -0.910338 -0.904699
v 0.796148 -0.899758 -0.942535
v 0.814288 -0.878200 -0.970234
v 0.808463 -0.815335 -0.970633
v 0.838394 -0.791512 -0.960756
v 0.863880 -0.777975 -0.933770
v 0.878092 -0.778353 -0.896908
v 0.877222 -0.792544 -0.860045
v 0.861503 -0.816745 -0.833060
v 0.835147 -0.844471 -0.823182
v 0.805215 -0.868295 -0.833060
v 0.779729 -0.881831 -0.860045
v 0.765517 -0.881453 -0.896908
v 0.766387 -0.867262 -0.933770
v 0.782106 -0.843062 -0.960756
v 0.776537 -0.780475 -0.954587
v 0.807323 -0.757585 -0.945140
v 0.835147 -0.746601 -0.919329
v 0.852552 -0.750465 -0.884071
v 0.854874 -0.768142 -0.848813
v 0.841492 -0.794894 -0.823002
v 0.815991 -0.823555 -0.813555
v 0.785205 -0.846444 -0.823002
v 0.757381 -0.857429 -0.848813
v 0.739976 -0.853565 -0.884071
v 0.737654 -0.835888 -0.919329
v 0.751036 -0.809135 -0.945140
v 0.746298 -0.747457 -0.932508
v 0.777896 -0.725453 -0.923652
v 0.807932 -0.716886 -0.899458
v 0.828361 -0.724051 -0.866408
v 0.833707 -0.745029 -0.833358
v 0.822539 -0.774199 -0.809163
v 0.797848 -0.803745 -0.800307
v 0.766251 -0.825749 -0.809163
v 0.736214 -0.834316 -0.833358
v 0.715786 -0.827151 -0.866408
v 0.710439 -0.806173 -0.899458
v 0.721608 -0.777003 -0.923652
v 0.718265 -0.716848 -0.904774
v 0.750613 -0.695663 -0.896662
v 0.782702 -0.689337 -0.874497
v 0.805935 -0.699564 -0.844221
v 0.814084 -0.723603 -0.813944
v 0.804968 -0.755013 -0.791780
v 0.781028 -0.785379 -0.783667
v 0.748680 -0.806563 -0.791780
v 0.716591 -0.812890 -0.813944
v 0.693359 -0.802663 -0.844221
v 0.685210 -0.778624 -0.874497
v 0.694326 -0.747213 -0.896662
v 0.692917 -0.689169 -0.871860
v 0.725944 -0.668727 -0.864629
v 0.759889 -0.664427 -0.844874
v 0.785656 -0.677421 -0.817889
v 0.796340 -0.704228 -0.790904
v 0.789080 -0.737665 -0.771149
v 0.765819 -0.768772 -0.763918
v 0.732792 -0.789215 -0.771149
v 0.698847 -0.793515 -0.790904
v 0.673080 -0.780521 -0.817889
v 0.662396 -0.753714 -0.844874
v 0.669656 -0.720277 -0.864629
v 0.670687 -0.664896 -0.834328
v 0.704310 -0.645104 -0.828103
v 0.739882 -0.642581 -0.811096
v 0.767872 -0.658002 -0.787864
v 0.780779 -0.687237 -0.764632
v 0.775146 -0.722451 -0.747624
v 0.752481 -0.754208 -0.741399
v 0.718858 -0.774001 -0.747624
v 0.683286 -0.776524 -0.764632
v 0.655296 -0.761102 -0.787864
v 0.642389 -0.731868 -0.811096
v 0.648022 -0.696654 -0.828103
v 0.651956 -0.644444 -0.792822
v 0.686081 -0.625200 -0.787709
v 0.723024 -0.624174 -0.773740
v 0.752887 -0.641640 -0.754658
v 0.767667 -0.672920 -0.735577
v 0.763405 -0.709631 -0.721608
v 0.741243 -0.741937 -0.716495
v 0.707118 -0.761181 -0.721608
v 0.670174 -0.762207 -0.735577
v 0.640311 -0.744740 -0.754658
v 0.625531 -0.713460 -0.773740
v 0.629793 -0.676749 -0.787709
v 0.637044 -0.628161 -0.748050
v 0.671568 -0.609353 -0.744137
v 0.709603 -0.609519 -0.733445
v 0.740957 -0.628614 -0.718841
v 0.757229 -0.661522 -0.704237
v 0.754059 -0.699425 -0.693546
v 0.732296 -0.732167 -0.689632
v 0.697771 -0.750975 -0.693546
v 0.659736 -0.750809 -0.704237
v 0.628382 -0.731714 -0.718841
v 0.612110 -0.698806 -0.733445
v 0.615281 -0.660903 -0.744137
v 0.626206 -0.616328 -0.700779
v 0.661021 -0.597837 -0.698133
v 0.699849 -0.598869 -0.690902
v 0.732287 -0.619148 -0.681025
v 0.749643 -0.653239 -0.671147
v 0.747266 -0.692008 -0.663917
v 0.725793 -0.725067 -0.661270
v 0.690978 -0.743558 -0.663917
v 0.652150 -0.742526 -0.671147
v 0.619712 -0.722247 -0.681025
v 0.602357 -0.688156 -0.690902
v 0.604734 -0.649387 -0.698133
v 0.619629 -0.609146 -0.651819
v 0.654620 -0.590848 -0.650484
v 0.693930 -0.592405 -0.646838
v 0.727025 -0.613402 -0.641856
v 0.745039 -0.648212 -0.636875
v 0.743143 -0.687507 -0.633228
v 0.721846 -0.720758 -0.631894
v 0.686855 -0.739056 -0.633228
v 0.647546 -0.737499 -0.636875
v 0.614450 -0.716502 -0.641856
v 0.596437 -0.681692 -0.646838
v 0.598332 -0.642397 -0.650484
v 0.617424 -0.606738 -0.602006
v 0.652474 -0.588504 -0.602006
v 0.691945 -0.590238 -0.602006
v 0.725261 -0.611476 -0.602006
v 0.743495 -0.646526 -0.602006
v 0.741761 -0.685997 -0.602006
v 0.720523 -0.719313 -0.602006
v 0.685473 -0.737547 -0.602006
v 0.646002 -0.735813 -0.602006
v 0.612686 -0.714576 -0.602006
v 0.594452 -0.679525 -0.602006
v 0.596186 -0.640054 -0.602006
v 0.619629 -0.609146 -0.552193
v 0.654620 -0.590848 -0.553528
v 0.693930 -0.592405 -0.557174
v 0.727025 -0.613402 -0.562156
v 0.745039 -0.648212 -0.567137
v 0.743143 -0.687507 -0.570783
v 0.721846 -0.720758 -0.572118
v 0.686855 -0.739056 -0.570783
v 0.647546 -0.737499 -0.567137
v 0.614450 -0.716502 -0.562156
v 0.596437 -0.681692 -0.557174
v 0.598332 -0.642397 -0.553528
v 0.626206 -0.616328 -0.503233
v 0.661021 -0.597837 -0.505879
v 0.699849 -0.598869 -0.513110
v 0.732287 -0.619148 -0.522987
v 0.749643 -0.653239 -0.532865
v 0.747266 -0.692008 -0.540095
v 0.725793 -0.725067 -0.542742
v 0.690978 -0.743558 -0.540095
v 0.652150 -0.742526 -0.532865
v 0.619712 -0.722247 -0.522987
v 0.602357 -0.688156 -0.513110
v 0.604734 -0.649387 -0.505879
v 0.637044 -0.628161 -0.455962
v 0.671568 -0.609353 -0.459876
v 0.709603 -0.609519 -0.470567
v 0.740957 -0.628614 -0.485171
v 0.757229 -0.661522 -0.499775
v 0.754059 -0.699425 -0.510467
v 0.732295 -0.732167 -0.514380
v 0.697771 -0.750975 -0.510467
v 0.659736 -0.750809 -0.499775
v 0.628382 -0.731714 -0.485171
v 0.612110 -0.698806 -0.470567
v 0.615281 -0.660903 -0.459876
v 0.651956 -0.644444 -0.411191
v 0.686080 -0.625199 -0.416303
v 0.723024 -0.624174 -0.430272
v 0.752887 -0.641640 -0.449354
v 0.767667 -0.672920 -0.468435
v 0.763405 -0.709631 -0.482404
v 0.741243 -0.741937 -0.487517
v 0.707118 -0.761181 -0.482404
v 0.670174 -0.762207 -0.468435
v 0.640311 -0.744740 -0.449354
v 0.625531 -0.713460 -0.430272
v 0.629793 -0.676749 -0.416303
v 0.670687 -0.664896 -0.369684
v 0.704310 -0.645104 -0.375909
v 0.739882 -0.642581 -0.392916
v 0.767872 -0.658002 -0.416148
v 0.780779 -0.687237 -0.439380
v 0.775146 -0.722451 -0.456388
v 0.752481 -0.754208 -0.462613
v 0.718858 -0.774001 -0.456388
v 0.683286 -0.776524 -0.439380
v 0.655296 -0.761102 -0.416148
v 0.642389 -0.731868 -0.392916
v 0.648022 -0.696654 -0.375909
v 0.692917 -0.689169 -0.332152
v 0.725944 -0.668727 -0.339383
v 0.759889 -0.664427 -0.359138
v 0.785656 -0.677421 -0.386123
v 0.796340 -0.704228 -0.413108
v 0.789080 -0.737665 -0.432863
v 0.765819 -0.768772 -0.440094
v 0.732792 -0.789215 -0.432863
v 0.698847 -0.793515 -0.413108
v 0.673080 -0.780521 -0.386123
v 0.662396 -0.753714 -0.359138
v 0.669656 -0.720277 -0.339383
v 0.718265 -0.716847 -0.299238
v 0.750613 -0.695663 -0.307351
v 0.782703 -0.689337 -0.329515
v 0.805934 -0.699563 -0.359792
v 0.814084 -0.723603 -0.390068
v 0.804968 -0.755013 -0.412233
v 0.781028 -0.785379 -0.420345
v 0.748680 -0.806563 -0.412233
v 0.716591 -0.812890 -0.390068
v 0.693359 -0.802663 -0.359792
v 0.685209 -0.778624 -0.329515
v 0.694326 -0.747213 -0.307351
v 0.746298 -0.747457 -0.271504
v 0.777896 -0.725453 -0.280360
v 0.807932 -0.716886 -0.304554
v 0.828361 -0.724051 -0.337604
v 0.833707 -0.745029 -0.370654
v 0.822539 -0.774199 -0.394849
v 0.797848 -0.803745 -0.403705
v 0.766251 -0.825749 -0.394849
v 0.736214 -0.834316 -0.370654
v 0.715786 -0.827151 -0.337604
v 0.710439 -0.806173 -0.304554
v 0.721608 -0.777003 -0.280360
v 0.776537 -0.780475 -0.249425
v 0.807323 -0.757585 -0.258872
v 0.835147 -0.746601 -0.284683
v 0.852552 -0.750465 -0.319941
v 0.854874 -0.768142 -0.355199
v 0.841492 -0.794894 -0.381010
v 0.815991 -0.823555 -0.390457
v 0.785205 -0.846444 -0.381010
v 0.757381 -0.857429 -0.355199
v 0.739976 -0.853565 -0.319941
v 0.737654 -0.835888 -0.284683
v 0.751036 -0.809135 -0.258872
v 0.808463 -0.815335 -0.233379
v 0.838394 -0.791512 -0.243256
v 0.863880 -0.777975 -0.270242
v 0.878092 -0.778353 -0.307104
v 0.877222 -0.792544 -0.343967
v 0.861503 -0.816745 -0.370952
v 0.835147 -0.844471 -0.380830
v 0.805215 -0.868295 -0.370952
v 0.779729 -0.881831 -0.343967
v 0.765517 -0.881453 -0.307104
v 0.766387 -0.867262 -0.270242
v 0.782106 -0.843061 -0.243256
v 0.841530 -0.851441 -0.223640
v 0.870575 -0.826651 -0.233778
v 0.893641 -0.810471 -0.261477
v 0.904546 -0.807238 -0.299313
v 0.900369 -0.817818 -0.337150
v 0.882229 -0.839376 -0.364848
v 0.854987 -0.866135 -0.374986
v 0.825942 -0.890926 -0.364848
v 0.802876 -0.907105 -0.337150
v 0.791971 -0.910338 -0.299313
v 0.796148 -0.899758 -0.261477
v 0.814288 -0.878200 -0.233778
v 0.875173 -0.888176 -0.220375
v 0.903317 -0.862401 -0.230601
v 0.923920 -0.843533 -0.258538
v 0.931461 -0.836626 -0.296701
v 0.923920 -0.843533 -0.334864
v 0.903317 -0.862401 -0.362802
v 0.875173 -0.888176 -0.373027
v 0.847029 -0.913951 -0.362802
v 0.826427 -0.932820 -0.334864
v 0.818885 -0.939726 -0.296701
v 0.826427 -0.932820 -0.258538
v 0.847029 -0.913951 -0.230601
v 0.908816 -0.924911 -0.223640
v 0.936058 -0.898152 -0.233778
v 0.954198 -0.876594 -0.261477
v 0.958375 -0.866015 -0.299313
v 0.947470 -0.869247 -0.337150
v 0.924404 -0.885427 -0.364848
v 0.895359 -0.910217 -0.374986
v 0.868116 -0.936977 -0.364848
v 0.849977 -0.958534 -0.337150
v 0.845800 -0.969114 -0.299313
v 0.856705 -0.965881 -0.261477
v 0.879771 -0.949702 -0.233778
v 0.941883 -0.961018 -0.233379
v 0.968240 -0.933291 -0.243256
v 0.983959 -0.909090 -0.270241
v 0.984829 -0.894900 -0.307104
v 0.970617 -0.894522 -0.343967
v 0.945131 -0.908058 -0.370952
v 0.915199 -0.931881 -0.380830
v 0.888843 -0.959608 -0.370952
v 0.873124 -0.983809 -0.343967
v 0.872254 -0.997999 -0.307104
v 0.886466 -0.998377 -0.270241
v 0.911952 -0.984841 -0.243256
v 0.973810 -0.995878 -0.249425
v 0.999310 -0.967217 -0.258872
v 1.012692 -0.940465 -0.284683
v 1.010370 -0.922788 -0.319941
v 0.992965 -0.918924 -0.355199
v 0.965142 -0.929908 -0.381010
v 0.934355 -0.952797 -0.390457
v 0.908854 -0.981458 -0.381010
v 0.895472 -1.008211 -0.355199
v 0.897795 -1.025888 -0.319941
v 0.915199 -1.029751 -0.284683
v 0.943023 -1.018767 -0.258872
v 1.004048 -1.028895 -0.271504
v 1.028738 -0.999350 -0.280360
v 1.039907 -0.970180 -0.304554
v 1.034560 -0.949202 -0.337604
v 1.014132 -0.942036 -0.370655
v 0.984095 -0.950603 -0.394849
v 0.952498 -0.972608 -0.403705
v 0.927807 -1.002153 -0.394849
v 0.916639 -1.031323 -0.370655
v 0.921985 -1.052302 -0.337604
v 0.942414 -1.059467 -0.304554
v 0.972451 -1.050900 -0.280360
v 1.032081 -1.059505 -0.299238
v 1.056020 -1.029140 -0.307350
v 1.065137 -0.997729 -0.329515
v 1.056987 -0.973689 -0.359791
v 1.033755 -0.963463 -0.390068
v 1.001666 -0.969789 -0.412232
v 0.969318 -0.990974 -0.420345
v 0.945378 -1.021339 -0.412232
v 0.936262 -1.052750 -0.390068
v 0.944412 -1.076789 -0.359791
v 0.967644 -1.087016 -0.329515
v 0.999733 -1.080689 -0.307350
v 1.057429 -1.087183 -0.332152
v 1.080690 -1.056076 -0.339383
v 1.087950 -1.022639 -0.359137
v 1.077266 -0.995832 -0.386123
v 1.051499 -0.982838 -0.413108
v 1.017554 -0.987138 -0.432863
v 0.984527 -1.007581 -0.440094
v 0.961267 -1.038688 -0.432863
v 0.954006 -1.072125 -0.413108
v 0.964690 -1.098932 -0.386123
v 0.990457 -1.111926 -0.359137
v 1.024402 -1.107626 -0.339383
v 1.079659 -1.111456 -0.369684
v 1.102324 -1.079699 -0.375909
v 1.107957 -1.044485 -0.392916
v 1.095050 -1.015250 -0.416148
v 1.067060 -0.999829 -0.439380
v 1.031488 -1.002352 -0.456388
v 0.997865 -1.022144 -0.462613
v 0.975200 -1.053902 -0.456388
v 0.969567 -1.089116 -0.439380
v 0.982474 -1.118350 -0.416148
v 1.010464 -1.133772 -0.392916
v 1.046036 -1.131249 -0.375909
v 1.098391 -1.131909 -0.411190
v 1.120553 -1.099603 -0.416303
v 1.124815 -1.062892 -0.430272
v 1.110035 -1.031613 -0.449354
v 1.080172 -1.014146 -0.468435
v 1.043229 -1.015172 -0.482404
v 1.009103 -1.034416 -0.487517
v 0.986941 -1.066722 -0.482404
v 0.982679 -1.103433 -0.468435
v 0.997459 -1.134712 -0.449354
v 1.027322 -1.152179 -0.430272
v 1.064266 -1.151153 -0.416303
v 1.113302 -1.148191 -0.455962
v 1.135065 -1.115449 -0.459875
v 1.138236 -1.077546 -0.470566
v 1.121964 -1.044639 -0.485171
v 1.090610 -1.025543 -0.499775
v 1.052575 -1.025378 -0.510466
v 1.018051 -1.044185 -0.514380
v 0.996287 -1.076927 -0.510466
v 0.993117 -1.114830 -0.499775
v 1.009389 -1.147738 -0.485171
v 1.040743 -1.166833 -0.470566
v 1.078778 -1.166999 -0.459875
v 1.124140 -1.160025 -0.503233
v 1.145612 -1.126966 -0.505879
v 1.147990 -1.088197 -0.513110
v 1.130634 -1.054105 -0.522987
v 1.098196 -1.033827 -0.532865
v 1.059368 -1.032795 -0.540095
v 1.024553 -1.051286 -0.542742
v 1.003080 -1.084344 -0.540095
v 1.000703 -1.123114 -0.532865
v 1.018059 -1.157205 -0.522987
v 1.050496 -1.177484 -0.513110
v 1.089325 -1.178516 -0.505879
v 1.130717 -1.167207 -0.552193
v 1.152014 -1.133955 -0.553528
v 1.153909 -1.094660 -0.557174
v 1.135896 -1.059851 -0.562156
v 1.102800 -1.038854 -0.567137
v 1.063491 -1.037296 -0.570784
v 1.028500 -1.055595 -0.572118
v 1.007203 -1.088846 -0.570784
v 1.005308 -1.128141 -0.567137
v 1.023321 -1.162951 -0.562156
v 1.056416 -1.183947 -0.557174
v 1.095726 -1.185505 -0.553528
v -1.102060 0.695737 0.477384
v -1.102060 -0.695737 0.477384
v -1.102060 -0.695737 0.500249
v -1.102060 0.695737 0.500249
v 1.093673 -0.695737 0.477384
v 1.093673 -0.695737 0.500249
v 1.093673 0.695737 0.477384
v 1.093673 0.695737 0.500249
v -1.102060 0.695737 0.371348
v -1.102060 -0.695737 0.371347
v -1.102060 -0.695737 0.394213
v -1.102060 0.695737 0.394213
v 1.093673 -0.695737 0.371347
v 1.093673 -0.695737 0.394213
v 1.093673 0.695737 0.371348
v 1.093673 0.695737 0.394213
v -1.102060 0.695737 0.254330
v -1.102060 -0.695737 0.254330
v -1.102060 -0.695737 0.277195
v -1.102060 0.695737 0.277196
v 1.093673 -0.695737 0.254330
v 1.093673 -0.695737 0.277195
v 1.093673 0.695737 0.254330
v 1.093673 0.695737 0.277196
v -1.102060 0.695737 0.148294
v -1.102060 -0.695737 0.148294
v -1.102060 -0.695737 0.171159
v -1.102060 0.695737 0.171160
v 1.093673 -0.695737 0.148294
v 1.093673 -0.695737 0.171159
v 1.093673 0.695737 0.148294
v 1.093673 0.695737 0.171160
v -0.121337 1.120388 0.800874
v -0.132637 1.120388 0.800874
v -0.132637 0.978983 0.963209
v -0.121337 0.978983 0.963209
v -0.121337 -1.125770 0.800873
v -0.132637 -1.125770 0.800873
v -0.132637 -1.125769 -1.145788
v -0.121337 -1.125769 -1.145788
v -0.132637 -0.955635 0.963209
v -0.132637 -0.901154 0.891317
v -0.143525 -0.901154 0.834720
v -0.143525 -0.901120 0.855410
v 0.105254 -0.901154 -1.145788
v 0.105254 -1.125769 -1.145788
v 0.105254 -1.027359 -1.234599
v 0.105254 -0.822425 -1.234599
v -0.132637 -0.901154 -1.145788
v 0.093359 -1.125770 0.800873
v 0.105254 -1.125770 0.800873
v 0.114656 -1.071255 0.693074
v 0.101747 -1.125770 0.800873
v 0.105254 -0.901154 0.891317
v 0.105254 -0.955635 0.963209
v 0.114656 -0.901119 0.855410
v 0.114656 -0.901154 0.834720
v -0.121337 1.120389 -1.145788
v -0.132637 1.120389 -1.145788
v 0.093359 -0.822425 -1.234599
v 0.093359 -1.027359 -1.234599
v -0.132637 0.918234 -1.145788
v -0.132637 1.021978 -1.234599
v -0.132637 0.837537 -1.234599
v -0.132637 -1.027359 -1.234599
v -0.121337 -1.027359 -1.234599
v 0.093359 1.120389 -1.145788
v 0.105254 1.120389 -1.145788
v 0.105254 1.021978 -1.234599
v 0.093359 1.021978 -1.234599
v -0.132637 -0.822425 -1.234599
v 0.093359 -0.801188 -1.189172
v 0.105254 -0.801188 -1.189172
v 0.105254 -0.877877 -1.145788
v 0.105254 -0.877877 0.891317
v -0.132637 -0.834029 0.963209
v -0.132637 -0.877877 0.891317
v -0.121337 -0.834029 0.963209
v -0.121337 -0.955635 0.963209
v -0.132637 -0.877877 -1.145788
v 0.105254 -0.834029 0.963209
v 0.105254 1.120388 0.800874
v 0.105254 0.978983 0.963209
v 0.105254 0.872094 0.963209
v 0.105254 0.918234 0.891317
v 0.105254 0.918234 -1.145788
v 0.105254 0.837537 -1.234599
v -0.132637 0.918234 0.891317
v -0.132637 0.872094 0.963209
v -0.121337 0.872094 0.963209
v 0.093359 0.837537 -1.234599
v -0.132637 0.885512 -1.145788
v -0.132637 0.807683 -1.189172
v -0.132637 -0.801188 -1.189172
v 0.105254 0.841012 0.963209
v 0.105254 0.885512 0.891317
v 0.105254 0.885512 -1.145788
v 0.105254 0.807683 -1.189172
v -0.132637 0.885512 0.891317
v -0.132637 0.841012 0.963209
v -0.121337 0.841012 0.963209
v 0.093359 0.807683 -1.189172
v -1.127884 -1.163767 -0.602006
v -1.125625 -1.161409 -0.651819
v -1.091053 -1.180487 -0.650484
v -1.093251 -1.182781 -0.602006
v -1.051718 -1.179811 -0.646837
v -1.053751 -1.181932 -0.602006
v -1.018160 -1.159561 -0.641856
v -1.019967 -1.161447 -0.602006
v -0.999371 -1.125164 -0.636875
v -1.000952 -1.126814 -0.602006
v -1.000386 -1.085836 -0.633228
v -1.001801 -1.087314 -0.602006
v -1.020932 -1.052116 -0.631894
v -1.022287 -1.053530 -0.602006
v -1.055504 -1.033038 -0.633228
v -1.056919 -1.034516 -0.602006
v -1.094839 -1.033714 -0.636875
v -1.096420 -1.035365 -0.602006
v -1.128397 -1.053964 -0.641856
v -1.130203 -1.055850 -0.602006
v -1.147186 -1.088361 -0.646837
v -1.149218 -1.090483 -0.602006
v -1.146171 -1.127688 -0.650484
v -1.148369 -1.129983 -0.602006
v -1.118888 -1.154376 -0.700779
v -1.084497 -1.173643 -0.698133
v -1.045655 -1.173481 -0.690902
v -1.012771 -1.153935 -0.681025
v -0.994656 -1.120241 -0.671147
v -0.996163 -1.081428 -0.663917
v -1.016890 -1.047896 -0.661270
v -1.051281 -1.028630 -0.663917
v -1.090123 -1.028791 -0.671147
v -1.123007 -1.048338 -0.681025
v -1.141122 -1.082031 -0.690902
v -1.139615 -1.120844 -0.698133
v -1.107789 -1.142789 -0.748050
v -1.073694 -1.162365 -0.744137
v -1.035665 -1.163052 -0.733445
v -1.003891 -1.144665 -0.718841
v -0.986886 -1.112130 -0.704237
v -0.989206 -1.074165 -0.693545
v -1.010230 -1.040944 -0.689632
v -1.044324 -1.021367 -0.693545
v -1.082353 -1.020680 -0.704237
v -1.114127 -1.039068 -0.718841
v -1.131132 -1.071602 -0.733445
v -1.128812 -1.109567 -0.744137
v -1.092515 -1.126844 -0.792821
v -1.058830 -1.146849 -0.787709
v -1.021919 -1.148703 -0.773740
v -0.991673 -1.131909 -0.754658
v -0.976195 -1.100969 -0.735577
v -0.979633 -1.064172 -0.721608
v -1.001066 -1.031377 -0.716495
v -1.034751 -1.011373 -0.721608
v -1.071662 -1.009519 -0.735577
v -1.101909 -1.026312 -0.754658
v -1.117387 -1.057253 -0.773740
v -1.113949 -1.094050 -0.787709
v -1.073331 -1.106817 -0.834328
v -1.040160 -1.127358 -0.828103
v -1.004653 -1.130678 -0.811096
v -0.976325 -1.115887 -0.787864
v -0.962765 -1.086950 -0.764632
v -0.967608 -1.051618 -0.747624
v -0.989555 -1.019361 -0.741399
v -1.022726 -0.998820 -0.747624
v -1.058232 -0.995500 -0.764632
v -1.086561 -1.010290 -0.787864
v -1.100120 -1.039228 -0.811096
v -1.095278 -1.074559 -0.828103
v -1.050562 -1.083048 -0.871860
v -1.018001 -1.104226 -0.864629
v -0.984161 -1.109286 -0.844874
v -0.958110 -1.096872 -0.817889
v -0.946827 -1.070311 -0.790904
v -0.953336 -1.036720 -0.771149
v -0.975894 -1.005099 -0.763918
v -1.008455 -0.983922 -0.771149
v -1.042294 -0.978862 -0.790904
v -1.068346 -0.991275 -0.817889
v -1.079629 -1.017836 -0.844874
v -1.073119 -1.051427 -0.864629
v -1.024600 -1.055945 -0.904774
v -0.992734 -1.077849 -0.896661
v -0.960795 -1.084893 -0.874497
v -0.937340 -1.075190 -0.844220
v -0.928653 -1.051339 -0.813944
v -0.937063 -1.019732 -0.791780
v -0.960316 -0.988838 -0.783667
v -0.992181 -0.966934 -0.791780
v -1.024121 -0.959890 -0.813944
v -1.047576 -0.969593 -0.844220
v -1.056262 -0.993443 -0.874497
v -1.047853 -1.025050 -0.896661
v -0.995887 -1.025971 -0.932508
v -0.964792 -1.048679 -0.923652
v -0.934954 -1.057917 -0.899458
v -0.914370 -1.051211 -0.866408
v -0.908555 -1.030358 -0.833357
v -0.919067 -1.000945 -0.809163
v -0.943089 -0.970853 -0.800307
v -0.974185 -0.948146 -0.809163
v -1.004022 -0.938908 -0.833357
v -1.024606 -0.945614 -0.866408
v -1.030421 -0.966467 -0.899458
v -1.019910 -0.995880 -0.923652
v -0.964917 -0.993640 -0.954587
v -0.934651 -1.017214 -0.945140
v -0.907081 -1.028819 -0.919329
v -0.889594 -1.025346 -0.884071
v -0.886875 -1.007726 -0.848813
v -0.899654 -0.980680 -0.823002
v -0.924506 -0.951455 -0.813555
v -0.954772 -0.927881 -0.823002
v -0.982343 -0.916276 -0.848813
v -0.999830 -0.919749 -0.884071
v -1.002548 -0.937369 -0.919329
v -0.989769 -0.964415 -0.945140
v -0.932217 -0.959504 -0.970633
v -0.902828 -0.983992 -0.960756
v -0.877651 -0.998096 -0.933770
v -0.863434 -0.998037 -0.896908
v -0.863986 -0.983831 -0.860045
v -0.879159 -0.959284 -0.833060
v -0.904887 -0.930973 -0.823182
v -0.934277 -0.906485 -0.833060
v -0.959453 -0.892381 -0.860045
v -0.973670 -0.892440 -0.896908
v -0.973118 -0.906647 -0.933770
v -0.957946 -0.931194 -0.960756
v -0.898349 -0.924148 -0.980372
v -0.869867 -0.949583 -0.970234
v -0.847170 -0.966276 -0.942535
v -0.836339 -0.969752 -0.904699
v -0.840278 -0.959081 -0.866862
v -0.857930 -0.937122 -0.839164
v -0.884566 -0.909759 -0.829026
v -0.913048 -0.884324 -0.839164
v -0.935745 -0.867632 -0.866862
v -0.946575 -0.864155 -0.904699
v -0.942637 -0.874826 -0.942535
v -0.924985 -0.896785 -0.970234
v -0.863891 -0.888176 -0.983637
v -0.836332 -0.914576 -0.973411
v -0.816157 -0.933901 -0.945474
v -0.808773 -0.940975 -0.907311
v -0.816157 -0.933901 -0.869148
v -0.836332 -0.914576 -0.841210
v -0.863891 -0.888176 -0.830985
v -0.891450 -0.861777 -0.841210
v -0.911625 -0.842451 -0.869148
v -0.919009 -0.835378 -0.907311
v -0.911625 -0.842451 -0.945474
v -0.891450 -0.861777 -0.973411
v -0.829433 -0.852205 -0.980372
v -0.802797 -0.879568 -0.970234
v -0.785145 -0.901527 -0.942535
v -0.781207 -0.912197 -0.904699
v -0.792037 -0.908721 -0.866862
v -0.814734 -0.892029 -0.839164
v -0.843216 -0.866593 -0.829026
v -0.869852 -0.839230 -0.839164
v -0.887504 -0.817271 -0.866862
v -0.891443 -0.806600 -0.904699
v -0.880612 -0.810077 -0.942535
v -0.857915 -0.826769 -0.970234
v -0.795565 -0.816848 -0.970633
v -0.769836 -0.845159 -0.960756
v -0.754664 -0.869706 -0.933770
v -0.754112 -0.883913 -0.896908
v -0.768329 -0.883972 -0.860045
v -0.793505 -0.869868 -0.833060
v -0.822895 -0.845380 -0.823182
v -0.848623 -0.817069 -0.833060
v -0.863796 -0.792522 -0.860045
v -0.864348 -0.778315 -0.896908
v -0.850131 -0.778256 -0.933770
v -0.824954 -0.792360 -0.960756
v -0.762865 -0.782712 -0.954587
v -0.738013 -0.811938 -0.945140
v -0.725234 -0.838984 -0.919329
v -0.727952 -0.856604 -0.884071
v -0.745439 -0.860077 -0.848813
v -0.773010 -0.848471 -0.823002
v -0.803276 -0.824898 -0.813555
v -0.828128 -0.795673 -0.823002
v -0.840907 -0.768627 -0.848813
v -0.838188 -0.751007 -0.884071
v -0.820701 -0.747534 -0.919329
v -0.793131 -0.759139 -0.945140
v -0.731895 -0.750381 -0.932508
v -0.707872 -0.780473 -0.923652
v -0.697361 -0.809886 -0.899458
v -0.703176 -0.830739 -0.866408
v -0.723760 -0.837445 -0.833357
v -0.753597 -0.828206 -0.809163
v -0.784693 -0.805499 -0.800307
v -0.808715 -0.775408 -0.809163
v -0.819227 -0.745995 -0.833357
v -0.813412 -0.725142 -0.866408
v -0.792828 -0.718436 -0.899458
v -0.762990 -0.727674 -0.923652
v -0.703182 -0.720408 -0.904774
v -0.679929 -0.751302 -0.896662
v -0.671520 -0.782909 -0.874497
v -0.680206 -0.806760 -0.844221
v -0.703661 -0.816463 -0.813944
v -0.735601 -0.809419 -0.791780
v -0.767466 -0.787515 -0.783667
v -0.790719 -0.756620 -0.791780
v -0.799129 -0.725013 -0.813944
v -0.790442 -0.701163 -0.844221
v -0.766987 -0.691460 -0.874497
v -0.735048 -0.698504 -0.896662
v -0.677220 -0.693305 -0.871860
v -0.654663 -0.724925 -0.864629
v -0.648153 -0.758517 -0.844874
v -0.659436 -0.785077 -0.817889
v -0.685488 -0.797491 -0.790904
v -0.719327 -0.792431 -0.771149
v -0.751888 -0.771253 -0.763918
v -0.774445 -0.739632 -0.771149
v -0.780955 -0.706041 -0.790904
v -0.769672 -0.679480 -0.817889
v -0.743621 -0.667067 -0.844874
v -0.709781 -0.672127 -0.864629
v -0.654451 -0.669536 -0.834328
v -0.632504 -0.701794 -0.828103
v -0.627662 -0.737125 -0.811096
v -0.641221 -0.766063 -0.787864
v -0.669550 -0.780853 -0.764632
v -0.705056 -0.777533 -0.747624
v -0.738227 -0.756992 -0.741399
v -0.760174 -0.724734 -0.747624
v -0.765017 -0.689403 -0.764632
v -0.751457 -0.660465 -0.787864
v -0.723129 -0.645675 -0.811096
v -0.687622 -0.648995 -0.828103
v -0.635267 -0.649508 -0.792822
v -0.613833 -0.682303 -0.787709
v -0.610395 -0.719100 -0.773740
v -0.625873 -0.750040 -0.754658
v -0.656120 -0.766834 -0.735577
v -0.693031 -0.764980 -0.721608
v -0.726716 -0.744975 -0.716495
v -0.748149 -0.712181 -0.721608
v -0.751588 -0.675384 -0.735577
v -0.736109 -0.644443 -0.754658
v -0.705863 -0.627650 -0.773740
v -0.668952 -0.629504 -0.787709
v -0.619993 -0.633564 -0.748050
v -0.598970 -0.666786 -0.744137
v -0.596650 -0.704750 -0.733445
v -0.613655 -0.737285 -0.718841
v -0.645429 -0.755673 -0.704237
v -0.683458 -0.754986 -0.693546
v -0.717552 -0.735409 -0.689632
v -0.738576 -0.702187 -0.693546
v -0.740896 -0.664223 -0.704237
v -0.723891 -0.631688 -0.718841
v -0.692117 -0.613301 -0.733445
v -0.654088 -0.613987 -0.744137
v -0.608894 -0.621977 -0.700779
v -0.588167 -0.655509 -0.698133
v -0.586660 -0.694321 -0.690902
v -0.604775 -0.728015 -0.681025
v -0.637659 -0.747561 -0.671147
v -0.676501 -0.747723 -0.663917
v -0.710892 -0.728456 -0.661270
v -0.731619 -0.694924 -0.663917
v -0.733126 -0.656112 -0.671147
v -0.715011 -0.622418 -0.681025
v -0.682127 -0.602872 -0.690902
v -0.643285 -0.602710 -0.698133
v -0.602157 -0.614944 -0.651819
v -0.581611 -0.648664 -0.650484
v -0.580596 -0.687992 -0.646838
v -0.599385 -0.722389 -0.641856
v -0.632943 -0.742638 -0.636875
v -0.672278 -0.743315 -0.633228
v -0.706850 -0.724237 -0.631894
v -0.727396 -0.690516 -0.633228
v -0.728411 -0.651189 -0.636875
v -0.709622 -0.616792 -0.641856
v -0.676064 -0.596542 -0.646838
v -0.636729 -0.595866 -0.650484
v -0.599898 -0.612586 -0.602006
v -0.579413 -0.646370 -0.602006
v -0.578564 -0.685870 -0.602006
v -0.597579 -0.720503 -0.602006
v -0.631362 -0.740988 -0.602006
v -0.670863 -0.741837 -0.602006
v -0.705495 -0.722822 -0.602006
v -0.725981 -0.689039 -0.602006
v -0.726830 -0.649538 -0.602006
v -0.707815 -0.614906 -0.602006
v -0.674031 -0.594420 -0.602006
v -0.634531 -0.593571 -0.602006
v -0.602157 -0.614944 -0.552193
v -0.581611 -0.648664 -0.553528
v -0.580596 -0.687992 -0.557174
v -0.599385 -0.722389 -0.562156
v -0.632943 -0.742638 -0.567137
v -0.672278 -0.743315 -0.570783
v -0.706850 -0.724237 -0.572118
v -0.727396 -0.690516 -0.570783
v -0.728411 -0.651189 -0.567137
v -0.709622 -0.616792 -0.562156
v -0.676064 -0.596542 -0.557174
v -0.636729 -0.595866 -0.553528
v -0.608894 -0.621977 -0.503233
v -0.588167 -0.655509 -0.505879
v -0.586660 -0.694321 -0.513110
v -0.604775 -0.728015 -0.522987
v -0.637659 -0.747561 -0.532865
v -0.676501 -0.747723 -0.540095
v -0.710892 -0.728456 -0.542742
v -0.731619 -0.694924 -0.540095
v -0.733126 -0.656112 -0.532865
v -0.715011 -0.622418 -0.522987
v -0.682127 -0.602872 -0.513110
v -0.643285 -0.602710 -0.505879
v -0.619993 -0.633564 -0.455962
v -0.598970 -0.666786 -0.459875
v -0.596650 -0.704750 -0.470567
v -0.613655 -0.737285 -0.485171
v -0.645429 -0.755673 -0.499775
v -0.683458 -0.754986 -0.510467
v -0.717552 -0.735409 -0.514380
v -0.738576 -0.702187 -0.510467
v -0.740896 -0.664223 -0.499775
v -0.723891 -0.631688 -0.485171
v -0.692117 -0.613300 -0.470567
v -0.654088 -0.613987 -0.459875
v -0.635266 -0.649508 -0.411191
v -0.613833 -0.682302 -0.416303
v -0.610395 -0.719100 -0.430272
v -0.625873 -0.750040 -0.449354
v -0.656120 -0.766833 -0.468435
v -0.693031 -0.764980 -0.482404
v -0.726716 -0.744975 -0.487517
v -0.748149 -0.712181 -0.482404
v -0.751587 -0.675384 -0.468435
v -0.736109 -0.644443 -0.449354
v -0.705863 -0.627650 -0.430272
v -0.668951 -0.629504 -0.416303
v -0.654451 -0.669536 -0.369684
v -0.632504 -0.701794 -0.375909
v -0.627662 -0.737125 -0.392916
v -0.641221 -0.766063 -0.416148
v -0.669550 -0.780853 -0.439380
v -0.705056 -0.777533 -0.456388
v -0.738227 -0.756992 -0.462613
v -0.760174 -0.724734 -0.456388
v -0.765017 -0.689403 -0.439380
v -0.751457 -0.660465 -0.416148
v -0.723129 -0.645675 -0.392916
v -0.687622 -0.648995 -0.375909
v -0.677220 -0.693305 -0.332152
v -0.654663 -0.724925 -0.339383
v -0.648153 -0.758517 -0.359138
v -0.659436 -0.785077 -0.386123
v -0.685488 -0.797491 -0.413108
v -0.719327 -0.792431 -0.432863
v -0.751888 -0.771253 -0.440094
v -0.774445 -0.739632 -0.432863
v -0.780955 -0.706041 -0.413108
v -0.769672 -0.679480 -0.386123
v -0.743621 -0.667067 -0.359138
v -0.709781 -0.672127 -0.339383
v -0.703182 -0.720407 -0.299238
v -0.679929 -0.751302 -0.307351
v -0.671519 -0.782909 -0.329515
v -0.680206 -0.806760 -0.359792
v -0.703661 -0.816463 -0.390068
v -0.735601 -0.809419 -0.412232
v -0.767466 -0.787515 -0.420345
v -0.790719 -0.756620 -0.412232
v -0.799128 -0.725013 -0.390068
v -0.790442 -0.701163 -0.359792
v -0.766987 -0.691459 -0.329515
v -0.735047 -0.698504 -0.307351
v -0.731895 -0.750381 -0.271504
v -0.707872 -0.780473 -0.280360
v -0.697361 -0.809886 -0.304554
v -0.703176 -0.830739 -0.337604
v -0.723760 -0.837445 -0.370654
v -0.753597 -0.828206 -0.394849
v -0.784693 -0.805499 -0.403705
v -0.808715 -0.775408 -0.394849
v -0.819227 -0.745995 -0.370654
v -0.813412 -0.725142 -0.337604
v -0.792828 -0.718436 -0.304554
v -0.762990 -0.727674 -0.280360
v -0.762865 -0.782712 -0.249425
v -0.738013 -0.811938 -0.258872
v -0.725234 -0.838984 -0.284683
v -0.727952 -0.856604 -0.319941
v -0.745439 -0.860077 -0.355199
v -0.773010 -0.848471 -0.381010
v -0.803276 -0.824898 -0.390457
v -0.828128 -0.795673 -0.381010
v -0.840907 -0.768627 -0.355199
v -0.838188 -0.751007 -0.319941
v -0.820701 -0.747534 -0.284683
v -0.793131 -0.759139 -0.258872
v -0.795565 -0.816848 -0.233379
v -0.769836 -0.845159 -0.243256
v -0.754664 -0.869706 -0.270241
v -0.754112 -0.883912 -0.307104
v -0.768329 -0.883972 -0.343967
v -0.793505 -0.869868 -0.370952
v -0.822895 -0.845379 -0.380830
v -0.848623 -0.817069 -0.370952
v -0.863796 -0.792522 -0.343967
v -0.864348 -0.778315 -0.307104
v -0.850131 -0.778256 -0.270241
v -0.824954 -0.792360 -0.243256
v -0.829433 -0.852204 -0.223640
v -0.802797 -0.879568 -0.233778
v -0.785145 -0.901527 -0.261477
v -0.781206 -0.912197 -0.299313
v -0.792037 -0.908721 -0.337150
v -0.814734 -0.892029 -0.364848
v -0.843216 -0.866593 -0.374986
v -0.869852 -0.839230 -0.364848
v -0.887504 -0.817271 -0.337150
v -0.891443 -0.806600 -0.299313
v -0.880612 -0.810077 -0.261477
v -0.857915 -0.826769 -0.233778
v -0.863891 -0.888176 -0.220375
v -0.836332 -0.914576 -0.230601
v -0.816157 -0.933901 -0.258538
v -0.808773 -0.940975 -0.296701
v -0.816157 -0.933901 -0.334864
v -0.836332 -0.914576 -0.362802
v -0.863891 -0.888176 -0.373027
v -0.891450 -0.861777 -0.362802
v -0.911625 -0.842451 -0.334864
v -0.919009 -0.835378 -0.296701
v -0.911625 -0.842451 -0.258538
v -0.891450 -0.861777 -0.230601
v -0.898349 -0.924148 -0.223640
v -0.869867 -0.949583 -0.233778
v -0.847170 -0.966276 -0.261476
v -0.836339 -0.969752 -0.299313
v -0.840278 -0.959081 -0.337150
v -0.857930 -0.937122 -0.364848
v -0.884566 -0.909759 -0.374986
v -0.913048 -0.884324 -0.364848
v -0.935745 -0.867632 -0.337150
v -0.946575 -0.864155 -0.299313
v -0.942637 -0.874826 -0.261476
v -0.924985 -0.896785 -0.233778
v -0.932217 -0.959504 -0.233379
v -0.902827 -0.983992 -0.243256
v -0.877651 -0.998096 -0.270241
v -0.863434 -0.998037 -0.307104
v -0.863986 -0.983831 -0.343967
v -0.879159 -0.959284 -0.370952
v -0.904887 -0.930973 -0.380830
v -0.934277 -0.906485 -0.370952
v -0.959453 -0.892381 -0.343967
v -0.973670 -0.892440 -0.307104
v -0.973118 -0.906646 -0.270241
v -0.957945 -0.931194 -0.243256
v -0.964917 -0.993640 -0.249425
v -0.934651 -1.017214 -0.258872
v -0.907081 -1.028819 -0.284683
v -0.889594 -1.025346 -0.319941
v -0.886875 -1.007726 -0.355199
v -0.899654 -0.980680 -0.381010
v -0.924506 -0.951455 -0.390457
v -0.954772 -0.927881 -0.381010
v -0.982343 -0.916276 -0.355199
v -0.999830 -0.919749 -0.319941
v -1.002548 -0.937369 -0.284683
v -0.989769 -0.964415 -0.258872
v -0.995887 -1.025971 -0.271504
v -0.964792 -1.048679 -0.280360
v -0.934954 -1.057917 -0.304554
v -0.914370 -1.051211 -0.337604
v -0.908555 -1.030358 -0.370654
v -0.919067 -1.000945 -0.394849
v -0.943089 -0.970853 -0.403705
v -0.974185 -0.948146 -0.394849
v -1.004022 -0.938908 -0.370654
v -1.024606 -0.945614 -0.337604
v -1.030421 -0.966467 -0.304554
v -1.019910 -0.995880 -0.280360
v -1.024600 -1.055945 -0.299238
v -0.992734 -1.077849 -0.307350
v -0.960795 -1.084893 -0.329515
v -0.937340 -1.075190 -0.359791
v -0.928653 -1.051339 -0.390068
v -0.937063 -1.019732 -0.412232
v -0.960316 -0.988837 -0.420345
v -0.992181 -0.966934 -0.412232
v -1.024121 -0.959889 -0.390068
v -1.047576 -0.969593 -0.359791
v -1.056262 -0.993443 -0.329515
v -1.047853 -1.025050 -0.307350
v -1.050562 -1.083048 -0.332152
v -1.018001 -1.104226 -0.339383
v -0.984161 -1.109286 -0.359137
v -0.958110 -1.096872 -0.386123
v -0.946827 -1.070311 -0.413108
v -0.953336 -1.036720 -0.432863
v -0.975894 -1.005099 -0.440094
v -1.008454 -0.983922 -0.432863
v -1.042294 -0.978862 -0.413108
v -1.068346 -0.991275 -0.386123
v -1.079629 -1.017836 -0.359137
v -1.073119 -1.051427 -0.339383
v -1.073331 -1.106817 -0.369684
v -1.040160 -1.127358 -0.375909
v -1.004653 -1.130678 -0.392916
v -0.976325 -1.115887 -0.416148
v -0.962765 -1.086950 -0.439380
v -0.967608 -1.051618 -0.456388
v -0.989555 -1.019361 -0.462613
v -1.022726 -0.998820 -0.456388
v -1.058232 -0.995500 -0.439380
v -1.086561 -1.010290 -0.416148
v -1.100120 -1.039228 -0.392916
v -1.095278 -1.074559 -0.375909
v -1.092515 -1.126844 -0.411190
v -1.058830 -1.146849 -0.416303
v -1.021919 -1.148703 -0.430272
v -0.991673 -1.131909 -0.449354
v -0.976195 -1.100969 -0.468435
v -0.979633 -1.064172 -0.482404
v -1.001066 -1.031377 -0.487517
v -1.034751 -1.011373 -0.482404
v -1.071662 -1.009519 -0.468435
v -1.101909 -1.026312 -0.449354
v -1.117387 -1.057253 -0.430272
v -1.113949 -1.094050 -0.416303
v -1.107789 -1.142788 -0.455962
v -1.073694 -1.162365 -0.459875
v -1.035665 -1.163052 -0.470566
v -1.003891 -1.144665 -0.485171
v -0.986886 -1.112130 -0.499775
v -0.989206 -1.074165 -0.510466
v -1.010230 -1.040944 -0.514380
v -1.044324 -1.021367 -0.510466
v -1.082353 -1.020680 -0.499775
v -1.114127 -1.039068 -0.485171
v -1.131132 -1.071602 -0.470566
v -1.128812 -1.109567 -0.459875
v -1.118889 -1.154376 -0.503233
v -1.084497 -1.173643 -0.505879
v -1.045655 -1.173481 -0.513110
v -1.012771 -1.153935 -0.522987
v -0.994656 -1.120241 -0.532865
v -0.996163 -1.081428 -0.540095
v -1.016890 -1.047896 -0.542742
v -1.051281 -1.028630 -0.540095
v -1.090123 -1.028791 -0.532865
v -1.123007 -1.048338 -0.522987
v -1.141122 -1.082031 -0.513110
v -1.139615 -1.120844 -0.505879
v -1.125625 -1.161409 -0.552193
v -1.091053 -1.180487 -0.553528
v -1.051718 -1.179811 -0.557174
v -1.018160 -1.159561 -0.562156
v -0.999371 -1.125164 -0.567137
v -1.000386 -1.085836 -0.570784
v -1.020932 -1.052116 -0.572118
v -1.055504 -1.033038 -0.570784
v -1.094839 -1.033714 -0.567137
v -1.128397 -1.053964 -0.562156
v -1.147186 -1.088361 -0.557174
v -1.146171 -1.127688 -0.553528
v 0.114656 -0.929849 0.855410
v -0.131261 -0.955635 0.963209
v -0.143525 -0.929849 0.855410
v -0.131261 -0.984364 0.963209
v -0.143525 -1.071255 0.693074
v -0.131261 -1.125770 0.800873
v 0.093359 -0.955635 0.963209
v 0.101747 -0.955635 0.963209
v 0.101747 -0.984364 0.963209
v -0.121337 0.807683 -1.189172
v -0.121337 -0.801188 -1.189172
v 0.093359 0.841012 0.963209
v 0.093359 -0.834029 0.963209
v -0.121337 0.837537 -1.234599
v 0.093359 0.872094 0.963209
v -0.121337 1.021978 -1.234599
v 0.093359 0.978983 0.963209
v -0.121337 -0.822425 -1.234599
v 0.093359 -1.125769 -1.145788
v 0.093359 1.120388 0.800874
v 0.845330 -0.683826 0.987862
v 0.845330 -0.683826 0.933192
v 0.859246 -0.627585 0.933192
v 0.859246 -0.627585 0.987862
v 0.859246 -0.627585 0.987862
v 0.858143 -0.627585 0.988710
v 0.844365 -0.683268 0.988710
v 0.845330 -0.683826 0.987862
v 0.747921 -0.516217 0.988710
v 0.803032 -0.532127 0.988710
v 0.803585 -0.531173 0.987862
v 0.747921 -0.515103 0.987862
v 0.650509 -0.683826 0.987862
v 0.650509 -0.683826 0.933192
v 0.692257 -0.723998 0.933192
v 0.692257 -0.723998 0.987862
v 0.692257 -0.723998 0.987862
v 0.692807 -0.723041 0.988710
v 0.651474 -0.683268 0.988710
v 0.650509 -0.683826 0.987862
v 0.803032 -0.723041 0.988710
v 0.803585 -0.723998 0.987862
v 0.845330 -0.571344 0.933192
v 0.845330 -0.571344 0.987862
v 0.747921 -0.515103 0.987862
v 0.747921 -0.515103 0.933192
v 0.692257 -0.531173 0.933192
v 0.692257 -0.531173 0.987862
v 0.692257 -0.531173 0.987862
v 0.692807 -0.532127 0.988710
v 0.637696 -0.627585 0.988710
v 0.636593 -0.627585 0.987862
v 0.747921 -0.740064 0.933192
v 0.747921 -0.740064 0.987862
v 0.803585 -0.531173 0.987862
v 0.803585 -0.531173 0.933192
v 0.844365 -0.571903 0.988710
v 0.845330 -0.571344 0.987862
v 0.664765 -0.579574 0.988333
v 0.700404 -0.545283 0.988333
v 0.699889 -0.544389 0.988710
v 0.663864 -0.579056 0.988710
v 0.650509 -0.571344 0.933192
v 0.650509 -0.571344 0.987862
v 0.803585 -0.723998 0.987862
v 0.747921 -0.740064 0.987862
v 0.747921 -0.740064 0.933192
v 0.803585 -0.723998 0.933192
v 0.747921 -0.738950 0.988710
v 0.747921 -0.740064 0.987862
v 0.636593 -0.627585 0.987862
v 0.636593 -0.627585 0.933192
v 0.651474 -0.571903 0.988710
v 0.650509 -0.571344 0.987862
v 0.747921 -0.530524 0.988710
v 0.795953 -0.544389 0.988710
v 0.795437 -0.545283 0.988333
v 0.831074 -0.579574 0.988333
v 0.831975 -0.579056 0.988710
v 0.795953 -0.710778 0.988710
v 0.795437 -0.709888 0.988333
v 0.747921 -0.723604 0.988333
v 0.747921 -0.724644 0.988710
v 0.842954 -0.627585 0.988333
v 0.843985 -0.627585 0.988710
v 0.651857 -0.627585 0.988710
v 0.652885 -0.627585 0.988333
v 0.700404 -0.709888 0.988333
v 0.699889 -0.710778 0.988710
v 0.831074 -0.675593 0.988333
v 0.831975 -0.676115 0.988710
v 0.747921 -0.531566 0.988333
v 0.664765 -0.675593 0.988333
v 0.663864 -0.676114 0.988710
v 0.747921 -0.627585 0.983197
v 0.830864 -0.579697 0.980145
v 0.795315 -0.545493 0.980145
v 0.842954 -0.627585 0.988333
v 0.831074 -0.579574 0.988333
v 0.830864 -0.579697 0.980145
v 0.842712 -0.627585 0.980145
v 0.664978 -0.675471 0.980145
v 0.700524 -0.709675 0.980145
v 0.747921 -0.531811 0.980145
v 0.830864 -0.675471 0.980145
v 0.842712 -0.627585 0.980145
v 0.747921 -0.723357 0.980145
v 0.700524 -0.545493 0.980145
v 0.664978 -0.579697 0.980145
v 0.795315 -0.709675 0.980145
v 0.653130 -0.627585 0.980145
v 0.831074 -0.675593 0.988333
v 0.830864 -0.675471 0.980145
v 0.700404 -0.709888 0.988333
v 0.747921 -0.723604 0.988333
v 0.747921 -0.723357 0.980145
v 0.700524 -0.709675 0.980145
v 0.664765 -0.675593 0.988333
v 0.664978 -0.675471 0.980145
v 0.700404 -0.545283 0.988333
v 0.664765 -0.579574 0.988333
v 0.664978 -0.579697 0.980145
v 0.700524 -0.545493 0.980145
v 0.747921 -0.531566 0.988333
v 0.747921 -0.531811 0.980145
v 0.747921 -0.531566 0.988333
v 0.747921 -0.531811 0.980145
v 0.795315 -0.545493 0.980145
v 0.795437 -0.545283 0.988333
v 0.795315 -0.709675 0.980145
v 0.795437 -0.709888 0.988333
v 0.653130 -0.627585 0.980145
v 0.652885 -0.627585 0.988333
v -1.036380 -0.092296 -0.669534
v -1.036380 -0.167857 -0.618179
v -1.279696 -0.167857 -0.618179
v -1.279696 -0.092296 -0.669534
v -1.279696 -0.002553 -0.686653
v -1.075693 -0.002553 -0.684069
v -1.075693 0.086199 -0.667139
v -1.279696 0.087190 -0.669534
v -1.075693 -0.216817 -0.541626
v -1.075693 -0.166030 -0.616352
v -1.279696 -0.219212 -0.542617
v -1.036380 -0.219212 -0.542617
v -1.078604 -0.219212 -0.363131
v -1.036380 -0.167857 -0.287570
v -1.279696 -0.167857 -0.287570
v -1.249557 -0.219212 -0.363131
v -1.279696 -0.236328 -0.452874
v -1.075693 -0.233747 -0.452874
v -1.075693 -0.091304 -0.238610
v -1.075693 -0.166030 -0.289397
v -1.279696 -0.092296 -0.236215
v -1.036380 -0.092296 -0.236215
v -1.036380 0.087190 -0.236215
v -1.036380 0.162754 -0.287570
v -1.279696 0.162754 -0.287570
v -1.279696 0.087190 -0.236215
v -1.279696 -0.002553 -0.219099
v -1.075693 -0.002553 -0.221683
v -1.075693 0.211711 -0.364123
v -1.075693 0.160925 -0.289397
v -1.279696 0.214107 -0.363131
v -1.036380 0.214107 -0.363131
v -1.036380 0.214107 -0.542617
v -1.036380 0.162754 -0.618181
v -1.279696 0.162754 -0.618181
v -1.279696 0.214107 -0.542617
v -1.279696 0.231226 -0.452874
v -1.075693 0.228642 -0.452874
v -1.075693 0.160925 -0.616352
v -1.036380 0.087190 -0.669534
v -1.036380 -0.002553 -0.686653
v -1.075693 -0.091304 -0.667139
v -1.036380 -0.236328 -0.452874
v -1.283168 -0.216817 -0.364123
v -1.199922 -0.219212 -0.363131
v -1.077070 -0.219212 -0.363131
v -1.036380 -0.002553 -0.219099
v -1.282854 -0.216817 -0.364123
v -1.075693 0.086199 -0.238610
v -1.036380 0.231226 -0.452874
v -1.075693 0.211711 -0.541626
v -1.282062 -0.181121 -0.526992
v -1.385487 -0.181121 -0.526992
v -1.385487 -0.076633 -0.631512
v -1.282062 -0.076633 -0.631512
v -1.387273 0.175676 -0.379397
v -1.387273 0.175381 -0.526729
v -1.387273 0.071265 -0.630875
v -1.387273 -0.076370 -0.630875
v -1.387273 0.071265 -0.630875
v -1.385487 0.071528 -0.631512
v -1.387274 -0.076380 -0.274885
v -1.387273 0.071275 -0.274885
v -1.282062 -0.076646 -0.274250
v -1.385487 -0.076646 -0.274250
v -1.385487 -0.181419 -0.379137
v -1.282062 -0.181419 -0.379137
v -1.385487 0.071541 -0.274250
v -1.385487 0.176314 -0.379137
v -1.387273 0.175676 -0.379397
v -1.387273 0.071275 -0.274885
v -1.387273 0.175381 -0.526729
v -1.385487 0.176016 -0.526992
v -1.387274 -0.076380 -0.274885
v -1.282062 -0.181419 -0.379137
v -1.385487 -0.181419 -0.379137
v -1.282062 0.176314 -0.379137
v -1.282062 0.176016 -0.526992
v -1.387274 -0.180781 -0.379397
v -1.387274 -0.180486 -0.526729
v -1.282062 0.071541 -0.274250
v -1.282062 0.071528 -0.631512
v -1.387274 -0.180781 -0.379397
v -1.387274 -0.180781 -0.379397
v -1.387274 -0.180486 -0.526729
v -1.387273 -0.076370 -0.630875
v -1.282062 0.211711 -0.364123
v -1.282062 0.163626 -0.384041
v -1.282062 0.124239 -0.326083
v -1.282062 0.160925 -0.289397
v -1.282062 0.086199 -0.238610
v -1.282062 0.066280 -0.286696
v -1.282062 -0.091304 -0.238610
v -1.282062 -0.071386 -0.286696
v -1.282062 -0.129344 -0.326083
v -1.282062 -0.166030 -0.289397
v -1.282062 -0.216817 -0.364123
v -1.282062 -0.168731 -0.384041
v -1.282062 -0.216817 -0.541626
v -1.282062 -0.168731 -0.521708
v -1.282062 -0.129344 -0.579666
v -1.282062 -0.166030 -0.616352
v -1.282062 -0.091304 -0.667139
v -1.282062 -0.071386 -0.619053
v -1.282062 0.211711 -0.541626
v -1.282062 0.163626 -0.521708
v -1.282062 0.176755 -0.452874
v -1.282062 0.228642 -0.452874
v -1.282062 -0.002553 -0.221683
v -1.282062 -0.002553 -0.273567
v -1.282062 -0.233747 -0.452874
v -1.282062 -0.181861 -0.452874
v -1.282062 -0.002553 -0.684069
v -1.282062 -0.002553 -0.632182
v -1.282062 0.086199 -0.667139
v -1.282062 0.066280 -0.619053
v -1.282062 0.160925 -0.616352
v -1.282062 0.124239 -0.579666
v 1.269435 -0.167857 -0.618178
v 0.937405 -0.167857 -0.618178
v 0.937405 -0.092296 -0.669533
v 1.269435 -0.092296 -0.669533
v 0.800339 0.086199 -0.667138
v 0.976718 -0.002553 -0.684069
v 1.269435 -0.002553 -0.686653
v 1.269435 0.087190 -0.669533
v 0.976718 -0.166031 -0.616352
v 0.976718 -0.216817 -0.541626
v 1.269435 -0.219212 -0.542617
v 0.937405 -0.219212 -0.542617
v 1.269435 -0.167857 -0.287570
v 0.937405 -0.167857 -0.287570
v 1.058518 -0.219212 -0.363131
v 1.271841 -0.219212 -0.363131
v 0.976718 -0.233745 -0.452874
v 1.269435 -0.236329 -0.452874
v 0.976718 -0.166031 -0.289396
v 0.976718 -0.091304 -0.238610
v 1.269435 -0.092296 -0.236215
v 0.937405 -0.092296 -0.236215
v 1.269435 0.162754 -0.287570
v 0.937405 0.162754 -0.287570
v 0.937405 0.087190 -0.236215
v 1.269435 0.087190 -0.236215
v 0.976718 -0.002553 -0.221682
v 1.269435 -0.002553 -0.219096
v 0.976718 0.160925 -0.289396
v 0.976718 0.211711 -0.364123
v 1.269435 0.214106 -0.363131
v 0.937405 0.214106 -0.363131
v 1.269435 0.162754 -0.618178
v 0.937405 0.162754 -0.618178
v 0.937405 0.214106 -0.542617
v 1.269435 0.214106 -0.542617
v 0.976718 0.228642 -0.452874
v 1.269435 0.231225 -0.452874
v 0.976718 0.160925 -0.616352
v 0.937405 0.087190 -0.669533
v 0.937405 -0.002553 -0.686653
v 0.976718 -0.091304 -0.667138
v 0.937405 -0.236329 -0.452874
v 1.274209 -0.216817 -0.364123
v 1.271841 -0.219212 -0.363131
v 1.058518 -0.219212 -0.363131
v 0.937405 -0.002553 -0.219096
v 1.274209 -0.216817 -0.364123
v 0.976718 0.086199 -0.238610
v 0.937405 0.231225 -0.452874
v 0.976718 0.211711 -0.541626
v 1.375229 -0.076634 -0.631512
v 1.375229 -0.181122 -0.526992
v 1.271804 -0.181122 -0.526992
v 1.271804 -0.076634 -0.631512
v 1.377015 0.175676 -0.379397
v 1.377015 0.071264 -0.630874
v 1.377015 0.175381 -0.526729
v 1.375229 0.071527 -0.631512
v 1.377015 0.071264 -0.630874
v 1.377015 -0.076370 -0.630874
v 1.377015 0.071278 -0.274885
v 1.377015 -0.076381 -0.274885
v 1.375229 -0.181420 -0.379137
v 1.375229 -0.076647 -0.274250
v 1.271804 -0.076647 -0.274250
v 1.271804 -0.181420 -0.379137
v 1.377015 0.175676 -0.379397
v 1.375229 0.176314 -0.379137
v 1.375229 0.071541 -0.274250
v 1.377015 0.071278 -0.274885
v 1.375229 0.176016 -0.526992
v 1.377015 0.175381 -0.526729
v 1.377015 -0.076381 -0.274885
v 1.375229 -0.181420 -0.379137
v 1.271804 -0.181420 -0.379137
v 1.271804 0.176016 -0.526992
v 1.271804 0.176314 -0.379137
v 1.377015 -0.180782 -0.379397
v 1.377015 -0.180484 -0.526729
v 1.271804 0.071541 -0.274250
v 1.271804 0.071527 -0.631512
v 1.377015 -0.180782 -0.379397
v 1.377015 -0.180782 -0.379397
v 1.377015 -0.180484 -0.526729
v 1.377015 -0.076370 -0.630874
v 1.271804 0.124238 -0.326083
v 1.271804 0.163626 -0.384041
v 1.271804 0.211711 -0.364123
v 1.271804 0.160925 -0.289396
v 1.271804 0.086198 -0.238610
v 1.271804 0.066280 -0.286696
v 1.271804 -0.129342 -0.326083
v 1.271804 -0.071386 -0.286696
v 1.271804 -0.091304 -0.238610
v 1.271804 -0.166031 -0.289396
v 1.271804 -0.216817 -0.364123
v 1.271804 -0.168732 -0.384041
v 1.271804 -0.129342 -0.579665
v 1.271804 -0.168732 -0.521707
v 1.271804 -0.216817 -0.541626
v 1.271804 -0.166031 -0.616352
v 1.271804 -0.091304 -0.667138
v 1.271804 -0.071386 -0.619053
v 1.271804 0.176755 -0.452874
v 1.271804 0.163626 -0.521707
v 1.271804 0.211711 -0.541626
v 1.271804 0.228642 -0.452874
v 1.271804 -0.002553 -0.221682
v 1.271804 -0.002553 -0.273566
v 1.271804 -0.233745 -0.452874
v 1.271804 -0.181861 -0.452874
v 1.271804 -0.002553 -0.684069
v 1.271804 -0.002553 -0.632182
v 1.271804 0.086198 -0.667138
v 1.271804 0.066280 -0.619053
v 1.271804 0.160925 -0.616352
v 1.271804 0.124238 -0.579665
v -0.005131 0.593943 1.145096
v -0.005131 0.683630 1.145096
v -0.263059 0.633751 1.145096
v -0.239943 0.549949 1.145096
v 0.537480 0.224234 1.105328
v 0.407727 0.414375 1.105187
v 0.274947 0.277525 1.126212
v 0.361954 0.149500 1.126212
v 0.146922 0.364532 1.126211
v -0.005131 -0.002553 1.153905
v 0.218065 0.543489 1.105068
v -0.005131 0.593943 1.145096
v -0.005131 0.587909 1.141797
v 0.223339 0.544667 1.141797
v 0.229682 0.549949 1.145096
v -0.425070 0.414938 1.141797
v -0.417991 0.414372 1.105187
v -0.228329 0.543484 1.105068
v -0.233600 0.544667 1.141797
v 0.390956 -0.002553 1.126212
v -0.005133 0.586524 1.105022
v -0.228329 0.543484 1.105068
v -0.157181 0.364532 1.126211
v -0.005131 0.393534 1.126211
v 0.537480 0.224234 1.105328
v 0.544537 0.224080 1.141797
v 0.414809 0.414938 1.141797
v 0.407727 0.414375 1.105187
v 0.580939 -0.001888 1.105387
v 0.414809 -0.420044 1.141797
v 0.407998 -0.418877 1.105222
v 0.218086 -0.548534 1.105068
v 0.223339 -0.549770 1.141797
v -0.548124 -0.228191 1.105363
v -0.418262 -0.418874 1.105222
v -0.285205 -0.282627 1.126211
v -0.372216 -0.154603 1.126211
v -0.005133 -0.591752 1.105022
v 0.218086 -0.548534 1.105068
v 0.146922 -0.369638 1.126211
v -0.005131 -0.398639 1.126211
v -0.425070 -0.420044 1.141797
v -0.418262 -0.418874 1.105222
v -0.548124 -0.228191 1.105363
v -0.554798 -0.229186 1.141797
v -0.417991 0.414372 1.105187
v -0.285205 0.277525 1.126211
v -0.591201 -0.001888 1.105387
v -0.401217 -0.002553 1.126211
v 0.587779 -0.002553 1.141797
v 0.580939 -0.001888 1.105387
v 0.537862 -0.228192 1.105363
v 0.544537 -0.229186 1.141797
v -0.228351 -0.548531 1.105068
v -0.157181 -0.369638 1.126211
v 0.407998 -0.418877 1.105222
v 0.537862 -0.228192 1.105363
v 0.361954 -0.154603 1.126212
v 0.274947 -0.282628 1.126212
v -0.005131 -0.593014 1.141797
v -0.005133 -0.591752 1.105022
v -0.228351 -0.548531 1.105068
v -0.233601 -0.549770 1.141797
v -0.547741 0.224232 1.105328
v -0.372216 0.149500 1.126211
v -0.598040 -0.002553 1.141797
v -0.591201 -0.001888 1.105387
v -0.547741 0.224232 1.105328
v -0.554798 0.224080 1.141797
v -0.831550 1.091044 -1.106447
v -0.831550 1.091044 0.764734
v -0.796570 1.092926 0.764734
v -0.796570 1.092927 -1.106447
v -0.005131 0.690555 1.143070
v -0.005131 0.683630 1.145096
v 0.252798 0.633751 1.145096
v 0.259141 0.639811 1.143070
v -0.279461 0.644152 0.943110
v -0.269402 0.639811 1.143070
v -0.005131 0.695513 0.943110
v -0.492810 0.487578 1.143070
v -0.506482 0.490069 0.943110
v -0.659008 0.264191 0.943110
v -0.645044 0.263555 1.143070
v -0.695790 -0.002553 1.143070
v -0.709850 -0.002553 0.943110
v -0.659008 -0.269538 0.943110
v -0.645044 -0.268661 1.143070
v -0.492811 -0.492683 1.143070
v -0.506482 -0.496147 0.943110
v -0.279461 -0.650959 0.943110
v -0.269402 -0.644917 1.143070
v -0.005131 -0.695661 1.143070
v -0.005131 -0.702564 0.943110
v 0.269202 -0.650959 0.943110
v 0.259141 -0.644917 1.143070
v -0.005131 -0.695661 1.143070
v -0.005131 -0.702564 0.943110
v 0.482552 -0.492684 1.143070
v 0.496223 -0.496145 0.943110
v 0.648746 -0.269538 0.943110
v 0.634785 -0.268661 1.143070
v 0.685529 -0.002553 1.143070
v 0.699588 -0.002553 0.943110
v 0.648747 0.264191 0.943110
v 0.634785 0.263555 1.143070
v 0.496223 0.490069 0.943110
v 0.482552 0.487578 1.143070
v 0.269200 0.644152 0.943110
v -0.263059 0.633751 1.145096
v -0.484190 0.484109 1.145096
v -0.636240 0.262681 1.145096
v -0.686925 -0.002553 1.145096
v -0.636240 -0.267996 1.145096
v -0.484190 -0.490052 1.145096
v -0.263059 -0.640321 1.145096
v -0.005131 -0.690413 1.145096
v 0.252798 -0.640321 1.145096
v -0.005131 -0.690413 1.145096
v 0.473931 -0.490052 1.145096
v 0.625981 -0.267996 1.145096
v 0.676664 -0.002553 1.145096
v 0.625981 0.262681 1.145096
v 0.473931 0.484109 1.145096
v 0.252798 0.633751 1.145096
v 0.229682 0.549949 1.145096
v -0.433690 0.417963 1.145096
v -0.484190 0.484109 1.145096
v -0.636240 0.262681 1.145096
v -0.563603 0.224843 1.145096
v -0.005131 0.587909 1.141797
v -0.005131 0.593943 1.145096
v -0.239943 0.549949 1.145096
v -0.433690 0.417963 1.145096
v -0.606906 -0.002553 1.145096
v -0.686925 -0.002553 1.145096
v -0.636240 -0.267996 1.145096
v -0.563603 -0.230007 1.145096
v -0.563603 0.224843 1.145096
v -0.606906 -0.002553 1.145096
v -0.433691 -0.423308 1.145096
v -0.484190 -0.490052 1.145096
v -0.263059 -0.640321 1.145096
v -0.239943 -0.555472 1.145096
v -0.563603 -0.230007 1.145096
v -0.433691 -0.423308 1.145096
v -0.005131 -0.599527 1.145096
v -0.005131 -0.690413 1.145096
v 0.252798 -0.640321 1.145096
v 0.229682 -0.555472 1.145096
v -0.239943 -0.555472 1.145096
v -0.005131 -0.599527 1.145096
v 0.423429 -0.423306 1.145096
v 0.473931 -0.490052 1.145096
v 0.625981 -0.267996 1.145096
v 0.553341 -0.230007 1.145096
v 0.229682 -0.555472 1.145096
v 0.423429 -0.423306 1.145096
v 0.596647 -0.002553 1.145096
v 0.676664 -0.002553 1.145096
v 0.625981 0.262681 1.145096
v 0.553341 0.224843 1.145096
v 0.553341 -0.230007 1.145096
v 0.596647 -0.002553 1.145096
v 0.423429 0.417963 1.145096
v 0.473931 0.484109 1.145096
v 0.553341 0.224843 1.145096
v 0.423429 0.417963 1.145096
v -0.005133 0.586524 1.105022
v -0.005133 0.586524 1.105022
v 0.218065 0.543489 1.105068
v 0.907996 0.717032 0.940614
v 0.905038 -0.725762 0.940614
v 1.082400 -0.834954 0.764734
v 1.082397 0.829888 0.764734
v -0.915146 -0.724342 0.940614
v -1.092658 -0.833077 0.764734
v -1.085601 -0.851677 0.764734
v -0.688348 -0.938942 0.940614
v -0.659008 -0.269538 0.943110
v -1.085601 -0.851677 -1.106447
v -0.831550 -1.096148 -1.106447
v -0.831550 -1.096149 0.764734
v -1.085601 -0.851677 0.764734
v -0.831550 -1.096149 0.764734
v -0.796570 -1.098031 0.764734
v -0.991139 -0.784397 -1.201994
v 0.735140 1.009977 -1.201994
v -0.745401 -1.015440 -1.201994
v 0.786312 1.092927 -1.106446
v -0.745401 1.009977 -1.201994
v -0.796570 1.092927 -1.106447
v -0.688347 0.928876 0.940614
v -0.796570 1.092926 0.764734
v -0.831550 1.091044 0.764734
v -0.918589 0.719654 0.940614
v -0.659008 0.264191 0.943110
v -1.092658 0.833307 0.764734
v -1.089561 0.842610 0.764734
v 0.678083 0.928876 0.940614
v 0.786312 1.092926 0.764734
v -1.092658 -0.833077 0.764734
v -1.092658 -0.833077 -1.106447
v -0.796570 -1.098031 -1.106447
v -0.831550 -1.096148 -1.106447
v 0.735140 -1.015441 -1.201994
v 0.786312 -1.098031 -1.106446
v 1.082397 0.829888 0.764734
v 1.082400 -0.834954 0.764734
v 1.082400 -0.834954 -1.106446
v 1.082397 0.829888 -1.106446
v 0.984255 0.777509 -1.201994
v 1.082397 0.829888 -1.106446
v 1.082400 -0.834954 -1.106446
v 0.981049 -0.785936 -1.201994
v 0.786311 -1.098031 0.764734
v -0.796570 -1.098031 0.764734
v -0.796570 -1.098031 -1.106447
v 0.786312 -1.098031 -1.106446
v -1.092658 -0.833077 -1.106447
v -1.085601 -0.851677 -1.106447
v 0.786312 1.092927 -1.106446
v 0.786312 1.092926 0.764734
v 0.821289 1.091044 0.764734
v 0.821292 1.091044 -1.106446
v 0.821292 1.091044 -1.106446
v 1.078926 0.842985 -1.106446
v 1.075523 -0.851493 0.764734
v 0.821289 -1.096149 0.764734
v 0.821292 -1.096148 -1.106446
v 1.075523 -0.851493 -1.106446
v 0.678083 -0.938942 0.940614
v 0.821289 -1.096149 0.764734
v 1.075523 -0.851493 0.764734
v -1.092658 0.833307 -1.106447
v -1.089561 0.842610 -1.106447
v -0.994870 0.780317 -1.201994
v -0.831550 1.091044 -1.106447
v -1.092658 0.833307 -1.106447
v -1.092658 0.833307 0.764734
v -1.089561 0.842610 0.764734
v -1.089561 0.842610 -1.106447
v -1.089561 0.842610 0.764734
v -1.089561 0.842610 -1.106447
v 0.786311 -1.098031 0.764734
v 0.821292 -1.096148 -1.106446
v 1.075523 -0.851493 -1.106446
v 0.648746 -0.269538 0.943110
v 1.078926 0.842985 0.764734
v 0.648747 0.264191 0.943110
v 0.821289 1.091044 0.764734
v 1.078926 0.842985 -1.106446
v 1.078926 0.842985 0.764734
v -0.005131 0.695513 0.943110
v 0.269200 0.644152 0.943110
v 0.821292 -1.096148 -1.106446
v 0.821289 -1.096149 0.764734
v -0.506482 0.490069 0.943110
v -0.279461 0.644152 0.943110
v -0.506482 -0.496147 0.943110
v -0.279461 -0.650959 0.943110
v 0.496223 0.490069 0.943110
v 0.496223 -0.496145 0.943110
v 0.269202 -0.650959 0.943110
v -0.709850 -0.002553 0.943110
v -0.005131 -0.702564 0.943110
v 0.699588 -0.002553 0.943110
vt 0.000000 0.000000
vt 0.000000 0.000000
vt 0.000000 0.000000
vt 0.000000 0.000000
vt 0.000000 0.000000
vt 0.000000 0.000000
vt 0.000000 0.000000
vt 0.000000 0.000000
vt 0.000000 0.000000
vt 0.000000 0.000000
vt 0.000000 0.000000
vt 0.000000 0.000000
vt 0.000000 0.000000
vt 0.000000 0.000000
vt 0.000000 0.000000
vt 0.000000 0.000000
vt 0.000000 0.000000
vt 0.000000 0.000000
vt 0.000000 0.000000
vt 0.000000 0.000000
vt 0.000000 0.000000
vt 0.000000 0.000000
vt 0.000000 0.000000
vt 0.000000 0.000000
vt 0.000000 0.000000
vt 0.000000 0.000000
vt 0.000000 0.000000
vt 0.000000 0.000000
vt 0.000000 0.000000
vt 0.000000 0.000000
vt 0.000000 0.000000
vt 0.000000 0.000000
vt 0.000000 0.000000
vt 0.000000 0.000000
vt 0.000000 0.000000
vt 0.000000 0.000000
vt 0.000000 0.000000
vt 0.000000 0.000000
vt 0.000000 0.000000
vt 0.000000 0.000000
vt 0.000000 0.000000
vt 0.000000 0.000000
vt 0.000000 0.000000
vt 0.000000 0.000000
vt 0.000000 0.000000
vt 0.000000 0.000000
vt 0.000000 0.000000
vt 0.000000 0.000000
vt 0.000000 0.000000
vt 0.000000 0.000000
vt 0.000000 0.000000
vt 0.000000 0.000000
vt 0.000000 0.000000
vt 0.000000 0.000000
vt 0.000000 0.000000
vt 0.000000 0.000000
vt 0.000000 0.000000
vt 0.000000 0.000000
vt 0.000000 0.000000
vt 0.000000 0.000000
vt 0.000000 0.000000
vt 0.000000 0.000000
vt 0.000000 0.000000
vt 0.000000 0.000000
vt 0.000000 0.000000
vt 0.000000 0.000000
vt 0.000000 0.000000
vt 0.000000 0.000000
vt 0.000000 0.000000
vt 0.000000 0.000000
vt 0.000000 0.000000
vt 0.000000 0.000000
vt 0.000000 0.000000
vt 0.000000 0.000000
vt 0.000000 0.000000
vt 0.000000 0.000000
vt 0.000000 0.000000
vt 0.000000 0.000000
vt 0.000000 0.000000
vt 0.000000 0.000000
vt 0.000000 0.000000
vt 0.000000 0.000000
vt 0.000000 0.000000
vt 0.000000 0.000000
vt 0.000000 0.000000
vt 0.000000 0.000000
vt 0.000000 0.000000
vt 0.000000 0.000000
vt 0.000000 0.000000
vt 0.000000 0.000000
vt 0.000000 0.000000
vt 0.000000 0.000000
vt 0.000000 0.000000
vt 0.000000 0.000000
vt 0.000000 0.000000
vt 0.000000 0.000000
vt 0.000000 0.000000
vt 0.000000 0.000000
vt 0.000000 0.000000
vt 0.000000 0.000000
vt 0.000000 0.000000
vt 0.000000 0.000000
vt 0.000000 0.000000
vt 0.000000 0.000000
vt 0.000000 0.000000
vt 0.000000 0.000000
vt 0.000000 0.000000
vt 0.000000 0.000000
vt 0.000000 0.000000
vt 0.000000 0.000000
vt 0.000000 0.000000
vt 0.000000 0.000000
vt 0.000000 0.000000
vt 0.000000 0.000000
vt 0.000000 0.000000
vt 0.000000 0.000000
vt 0.000000 0.000000
vt 0.000000 0.000000
vt 0.000000 0.000000
vt 0.000000 0.000000
vt 0.000000 0.000000
vt 0.000000 0.000000
vt 0.000000 0.000000
vt 0.000000 0.000000
vt 0.000000 0.000000
vt 0.000000 0.000000
vt 0.000000 0.000000
vt 0.000000 0.000000
vt 0.000000 0.000000
vt 0.000000 0.000000
vt 0.000000 0.000000
vt 0.000000 0.000000
vt 0.000000 0.000000
vt 0.000000 0.000000
vt 0.000000 0.000000
vt 0.000000 0.000000
vt 0.000000 0.000000
vt 0.000000 0.000000
vt 0.000000 0.000000
vt 0.000000 0.000000
vt 0.000000 0.000000
vt 0.000000 0.000000
vt 0.000000 0.000000
vt 0.000000 0.000000
vt 0.000000 0.000000
vt 0.000000 0.000000
vt 0.000000 0.000000
vt 0.000000 0.000000
vt 0.000000 0.000000
vt 0.000000 0.000000
vt 0.000000 0.000000
vt 0.000000 0.000000
vt 0.000000 0.000000
vt 0.000000 0.000000
vt 0.000000 0.000000
vt 0.000000 0.000000
vt 0.000000 0.000000
vt 0.000000 0.000000
vt 0.000000 0.000000
vt 0.000000 0.000000
vt 0.000000 0.000000
vt 0.000000 0.000000
vt 0.000000 0.000000
vt 0.000000 0.000000
vt 0.000000 0.000000
vt 0.000000 0.000000
vt 0.000000 0.000000
vt 0.000000 0.000000
vt 0.000000 0.000000
vt 0.000000 0.000000
vt 0.000000 0.000000
vt 0.000000 0.000000
vt 0.000000 0.000000
vt 0.000000 0.000000
vt 0.000000 0.000000
vt 0.000000 0.000000
vt 0.000000 0.000000
vt 0.000000 0.000000
vt 0.000000 0.000000
vt 0.000000 0.000000
vt 0.000000 0.000000
vt 0.000000 0.000000
vt 0.000000 0.000000
vt 0.000000 0.000000
vt 0.000000 0.000000
vt 0.000000 0.000000
vt 0.000000 0.000000
vt 0.000000 0.000000
vt 0.000000 0.000000
vt 0.000000 0.000000
vt 0.000000 0.000000
vt 0.000000 0.000000
vt 0.000000 0.000000
vt 0.000000 0.000000
vt 0.000000 0.000000
vt 0.000000 0.000000
vt 0.000000 0.000000
vt 0.000000 0.000000
vt 0.000000 0.000000
vt 0.000000 0.000000
vt 0.000000 0.000000
vt 0.000000 0.000000
vt 0.000000 0.000000
vt 0.000000 0.000000
vt 0.000000 0.000000
vt 0.000000 0.000000
vt 0.000000 0.000000
vt 0.000000 0.000000
vt 0.000000 0.000000
vt 0.000000 0.000000
vt 0.000000 0.000000
vt 0.000000 0.000000
vt 0.000000 0.000000
vt 0.000000 0.000000
vt 0.000000 0.000000
vt 0.000000 0.000000
vt 0.000000 0.000000
vt 0.000000 0.000000
vt 0.000000 0.000000
vt 0.000000 0.000000
vt 0.000000 0.000000
vt 0.000000 0.000000
vt 0.000000 0.000000
vt 0.000000 0.000000
vt 0.000000 0.000000
vt 0.000000 0.000000
vt 0.000000 0.000000
vt 0.000000 0.000000
vt 0.000000 0.000000
vt 0.000000 0.000000
vt 0.000000 0.000000
vt 0.000000 0.000000
vt 0.000000 0.000000
vt 0.000000 0.000000
vt 0.000000 0.000000
vt 0.000000 0.000000
vt 0.000000 0.000000
vt 0.000000 0.000000
vt 0.000000 0.000000
vt 0.000000 0.000000
vt 0.000000 0.000000
vt 0.000000 0.000000
vt 0.000000 0.000000
vt 0.000000 0.000000
vt 0.000000 0.000000
vt 0.000000 0.000000
vt 0.000000 0.000000
vt 0.000000 0.000000
vt 0.000000 0.000000
vt 0.000000 0.000000
vt 0.000000 0.000000
vt 0.000000 0.000000
vt 0.000000 0.000000
vt 0.000000 0.000000
vt 0.000000 0.000000
vt 0.000000 0.000000
vt 0.000000 0.000000
vt 0.000000 0.000000
vt 0.000000 0.000000
vt 0.000000 0.000000
vt 0.000000 0.000000
vt 0.000000 0.000000
vt 0.000000 0.000000
vt 0.000000 0.000000
vt 0.000000 0.000000
vt 0.000000 0.000000
vt 0.000000 0.000000
vt 0.000000 0.000000
vt 0.000000 0.000000
vt 0.000000 0.000000
vt 0.000000 0.000000
vt 0.000000 0.000000
vt 0.000000 0.000000
vt 0.000000 0.000000
vt 0.000000 0.000000
vt 0.000000 0.000000
vt 0.000000 0.000000
vt 0.000000 0.000000
vt 0.000000 0.000000
vt 0.000000 0.000000
vt 0.000000 0.000000
vt 0.000000 0.000000
vt 0.000000 0.000000
vt 0.000000 0.000000
vt 0.000000 0.000000
vt 0.000000 0.000000
vt 0.000000 0.000000
vt 0.000000 0.000000
vt 0.000000 0.000000
vt 0.000000 0.000000
vt 0.000000 0.000000
vt 0.000000 0.000000
vt 0.000000 0.000000
vt 0.000000 0.000000
vt 0.000000 0.000000
vt 0.000000 0.000000
vt 0.000000 0.000000
vt 0.000000 0.000000
vt 0.000000 0.000000
vt 0.000000 0.000000
vt 0.000000 0.000000
vt 0.000000 0.000000
vt 0.000000 0.000000
vt 0.000000 0.000000
vt 0.000000 0.000000
vt 0.000000 0.000000
vt 0.000000 0.000000
vt 0.000000 0.000000
vt 0.000000 0.000000
vt 0.000000 0.000000
vt 0.000000 0.000000
vt 0.000000 0.000000
vt 0.000000 0.000000
vt 0.000000 0.000000
vt 0.000000 0.000000
vt 0.000000 0.000000
vt 0.000000 0.000000
vt 0.000000 0.000000
vt 0.000000 0.000000
vt 0.000000 0.000000
vt 0.000000 0.000000
vt 0.000000 0.000000
vt 0.000000 0.000000
vt 0.000000 0.000000
vt 0.000000 0.000000
vt 0.000000 0.000000
vt 0.000000 0.000000
vt 0.000000 0.000000
vt 0.000000 0.000000
vt 0.000000 0.000000
vt 0.000000 0.000000
vt 0.000000 0.000000
vt 0.000000 0.000000
vt 0.000000 0.000000
vt 0.000000 0.000000
vt 0.000000 0.000000
vt 0.000000 0.000000
vt 0.000000 0.000000
vt 0.000000 0.000000
vt 0.000000 0.000000
vt 0.000000 0.000000
vt 0.000000 0.000000
vt 0.000000 0.000000
vt 0.000000 0.000000
vt 0.000000 0.000000
vt 0.000000 0.000000
vt 0.000000 0.000000
vt 0.000000 0.000000
vt 0.000000 0.000000
vt 0.000000 0.000000
vt 0.000000 0.000000
vt 0.000000 0.000000
vt 0.000000 0.000000
vt 0.000000 0.000000
vt 0.000000 0.000000
vt 0.000000 0.000000
vt 0.000000 0.000000
vt 0.000000 0.000000
vt 0.000000 0.000000
vt 0.000000 0.000000
vt 0.000000 0.000000
vt 0.000000 0.000000
vt 0.000000 0.000000
vt 0.000000 0.000000
vt 0.000000 0.000000
vt 0.000000 0.000000
vt 0.000000 0.000000
vt 0.000000 0.000000
vt 0.000000 0.000000
vt 0.000000 0.000000
vt 0.000000 0.000000
vt 0.000000 0.000000
vt 0.000000 0.000000
vt 0.000000 0.000000
vt 0.000000 0.000000
vt 0.000000 0.000000
vt 0.000000 0.000000
vt 0.000000 0.000000
vt 0.000000 0.000000
vt 0.000000 0.000000
vt 0.000000 0.000000
vt 0.000000 0.000000
vt 0.000000 0.000000
vt 0.000000 0.000000
vt 0.000000 0.000000
vt 0.000000 0.000000
vt 0.000000 0.000000
vt 0.000000 0.000000
vt 0.000000 0.000000
vt 0.000000 0.000000
vt 0.000000 0.000000
vt 0.000000 0.000000
vt 0.000000 0.000000
vt 0.000000 0.000000
vt 0.000000 0.000000
vt 0.000000 0.000000
vt 0.000000 0.000000
vt 0.000000 0.000000
vt 0.000000 0.000000
vt 0.000000 0.000000
vt 0.000000 0.000000
vt 0.000000 0.000000
vt 0.000000 0.000000
vt 0.000000 0.000000
vt 0.000000 0.000000
vt 0.000000 0.000000
vt 0.000000 0.000000
vt 0.000000 0.000000
vt 0.000000 0.000000
vt 0.000000 0.000000
vt 0.000000 0.000000
vt 0.000000 0.000000
vt 0.000000 0.000000
vt 0.000000 0.000000
vt 0.000000 0.000000
vt 0.000000 0.000000
vt 0.000000 0.000000
vt 0.000000 0.000000
vt 0.000000 0.000000
vt 0.000000 0.000000
vt 0.000000 0.000000
vt 0.000000 0.000000
vt 0.000000 0.000000
vt 0.000000 0.000000
vt 0.000000 0.000000
vt 0.000000 0.000000
vt 0.000000 0.000000
vt 0.000000 0.000000
vt 0.000000 0.000000
vt 0.000000 0.000000
vt 0.000000 0.000000
vt 0.000000 0.000000
vt 0.000000 0.000000
vt 0.000000 0.000000
vt 0.000000 0.000000
vt 0.000000 0.000000
vt 0.000000 0.000000
vt 0.000000 0.000000
vt 0.000000 0.000000
vt 0.000000 0.000000
vt 0.000000 0.000000
vt 0.000000 0.000000
vt 0.000000 0.000000
vt 0.000000 0.000000
vt 0.000000 0.000000
vt 0.000000 0.000000
vt 0.000000 0.000000
vt 0.000000 0.000000
vt 0.000000 0.000000
vt 0.000000 0.000000
vt 0.000000 0.000000
vt 0.000000 0.000000
vt 0.000000 0.000000
vt 0.000000 0.000000
vt 0.000000 0.000000
vt 0.000000 0.000000
vt 0.000000 0.000000
vt 0.000000 0.000000
vt 0.000000 0.000000
vt 0.000000 0.000000
vt 0.000000 0.000000
vt 0.000000 0.000000
vt 0.000000 0.000000
vt 0.000000 0.000000
vt 0.000000 0.000000
vt 0.000000 0.000000
vt 0.000000 0.000000
vt 0.000000 0.000000
vt 0.000000 0.000000
vt 0.000000 0.000000
vt 0.000000 0.000000
vt 0.000000 0.000000
vt 0.000000 0.000000
vt 0.000000 0.000000
vt 0.000000 0.000000
vt 0.000000 0.000000
vt 0.000000 0.000000
vt 0.000000 0.000000
vt 0.000000 0.000000
vt 0.000000 0.000000
vt 0.000000 0.000000
vt 0.000000 0.000000
vt 0.000000 0.000000
vt 0.000000 0.000000
vt 0.000000 0.000000
vt 0.000000 0.000000
vt 0.000000 0.000000
vt 0.000000 0.000000
vt 0.000000 0.000000
vt 0.000000 0.000000
vt 0.000000 0.000000
vt 0.000000 0.000000
vt 0.000000 0.000000
vt 0.000000 0.000000
vt 0.000000 0.000000
vt 0.000000 0.000000
vt 0.000000 0.000000
vt 0.000000 0.000000
vt 0.000000 0.000000
vt 0.000000 0.000000
vt 0.000000 0.000000
vt 0.000000 0.000000
vt 0.000000 0.000000
vt 0.000000 0.000000
vt 0.000000 0.000000
vt 0.000000 0.000000
vt 0.000000 0.000000
vt 0.000000 0.000000
vt 0.000000 0.000000
vt 0.000000 0.000000
vt 0.000000 0.000000
vt 0.000000 0.000000
vt 0.000000 0.000000
vt 0.000000 0.000000
vt 0.000000 0.000000
vt 0.000000 0.000000
vt 0.000000 0.000000
vt 0.000000 0.000000
vt 0.000000 0.000000
vt 0.000000 0.000000
vt 0.000000 0.000000
vt 0.000000 0.000000
vt 0.000000 0.000000
vt 0.000000 0.000000
vt 0.000000 0.000000
vt 0.000000 0.000000
vt 0.000000 0.000000
vt 0.000000 0.000000
vt 0.000000 0.000000
vt 0.000000 0.000000
vt 0.000000 0.000000
vt 0.000000 0.000000
vt 0.000000 0.000000
vt 0.000000 0.000000
vt 0.000000 0.000000
vt 0.000000 0.000000
vt 0.000000 0.000000
vt 0.000000 0.000000
vt 0.000000 0.000000
vt 0.000000 0.000000
vt 0.000000 0.000000
vt 0.000000 0.000000
vt 0.000000 0.000000
vt 0.000000 0.000000
vt 0.000000 0.000000
vt 0.000000 0.000000
vt 0.000000 0.000000
vt 0.000000 0.000000
vt 0.000000 0.000000
vt 0.000000 0.000000
vt 0.000000 0.000000
vt 0.000000 0.000000
vt 0.000000 0.000000
vt 0.000000 0.000000
vt 0.000000 0.000000
vt 0.000000 0.000000
vt 0.000000 0.000000
vt 0.000000 0.000000
vt 0.000000 0.000000
vt 0.000000 0.000000
vt 0.000000 0.000000
vt 0.000000 0.000000
vt 0.000000 0.000000
vt 0.000000 0.000000
vt 0.000000 0.000000
vt 0.000000 0.000000
vt 0.000000 0.000000
vt 0.000000 0.000000
vt 0.000000 0.000000
vt 0.000000 0.000000
vt 0.000000 0.000000
vt 0.000000 0.000000
vt 0.000000 0.000000
vt 0.000000 0.000000
vt 0.000000 0.000000
vt 0.000000 0.000000
vt 0.000000 0.000000
vt 0.000000 0.000000
vt 0.000000 0.000000
vt 0.000000 0.000000
vt 0.000000 0.000000
vt 0.000000 0.000000
vt 0.000000 0.000000
vt 0.000000 0.000000
vt 0.000000 0.000000
vt 0.000000 0.000000
vt 0.000000 0.000000
vt 0.000000 0.000000
vt 0.000000 0.000000
vt 0.000000 0.000000
vt 0.000000 0.000000
vt 0.000000 0.000000
vt 0.000000 0.000000
vt 0.000000 0.000000
vt 0.000000 0.000000
vt 0.000000 0.000000
vt 0.000000 0.000000
vt 0.000000 0.000000
vt 0.000000 0.000000
vt 0.000000 0.000000
vt 0.000000 0.000000
vt 0.000000 0.000000
vt 0.000000 0.000000
vt 0.000000 0.000000
vt 0.000000 0.000000
vt 0.000000 0.000000
vt 0.000000 0.000000
vt 0.000000 0.000000
vt 0.000000 0.000000
vt 0.000000 0.000000
vt 0.000000 0.000000
vt 0.000000 0.000000
vt 0.000000 0.000000
vt 0.000000 0.000000
vt 0.000000 0.000000
vt 0.000000 0.000000
vt 0.000000 0.000000
vt 0.000000 0.000000
vt 0.000000 0.000000
vt 0.000000 0.000000
vt 0.000000 0.000000
vt 0.000000 0.000000
vt 0.000000 0.000000
vt 0.000000 0.000000
vt 0.000000 0.000000
vt 0.000000 0.000000
vt 0.000000 0.000000
vt 0.000000 0.000000
vt 0.000000 0.000000
vt 0.000000 0.000000
vt 0.000000 0.000000
vt 0.000000 0.000000
vt 0.000000 0.000000
vt 0.000000 0.000000
vt 0.000000 0.000000
vt 0.000000 0.000000
vt 0.000000 0.000000
vt 0.000000 0.000000
vt 0.000000 0.000000
vt 0.000000 0.000000
vt 0.000000 0.000000
vt 0.000000 0.000000
vt 0.000000 0.000000
vt 0.000000 0.000000
vt 0.000000 0.000000
vt 0.000000 0.000000
vt 0.000000 0.000000
vt 0.000000 0.000000
vt 0.000000 0.000000
vt 0.000000 0.000000
vt 0.000000 0.000000
vt 0.000000 0.000000
vt 0.000000 0.000000
vt 0.000000 0.000000
vt 0.000000 0.000000
vt 0.000000 0.000000
vt 0.000000 0.000000
vt 0.000000 0.000000
vt 0.000000 0.000000
vt 0.000000 0.000000
vt 0.000000 0.000000
vt 0.000000 0.000000
vt 0.000000 0.000000
vt 0.000000 0.000000
vt 0.000000 0.000000
vt 0.000000 0.000000
vt 0.000000 0.000000
vt 0.000000 0.000000
vt 0.000000 0.000000
vt 0.000000 0.000000
vt 0.000000 0.000000
vt 0.000000 0.000000
vt 0.000000 0.000000
vt 0.000000 0.000000
vt 0.000000 0.000000
vt 0.000000 0.000000
vt 0.000000 0.000000
vt 0.000000 0.000000
vt 0.000000 0.000000
vt 0.000000 0.000000
vt 0.000000 0.000000
vt 0.000000 0.000000
vt 0.000000 0.000000
vt 0.000000 0.000000
vt 0.000000 0.000000
vt 0.000000 0.000000
vt 0.000000 0.000000
vt 0.000000 0.000000
vt 0.000000 0.000000
vt 0.000000 0.000000
vt 0.000000 0.000000
vt 0.000000 0.000000
vt 0.000000 0.000000
vt 0.000000 0.000000
vt 0.000000 0.000000
vt 0.000000 0.000000
vt 0.000000 0.000000
vt 0.000000 0.000000
vt 0.000000 0.000000
vt 0.000000 0.000000
vt 0.000000 0.000000
vt 0.000000 0.000000
vt 0.000000 0.000000
vt 0.000000 0.000000
vt 0.000000 0.000000
vt 0.000000 0.000000
vt 0.000000 0.000000
vt 0.000000 0.000000
vt 0.000000 0.000000
vt 0.000000 0.000000
vt 0.000000 0.000000
vt 0.000000 0.000000
vt 0.000000 0.000000
vt 0.000000 0.000000
vt 0.000000 0.000000
vt 0.000000 0.000000
vt 0.000000 0.000000
vt 0.000000 0.000000
vt 0.000000 0.000000
vt 0.000000 0.000000
vt 0.000000 0.000000
vt 0.000000 0.000000
vt 0.000000 0.000000
vt 0.000000 0.000000
vt 0.000000 0.000000
vt 0.000000 0.000000
vt 0.000000 0.000000
vt 0.000000 0.000000
vt 0.000000 0.000000
vt 0.000000 0.000000
vt 0.000000 0.000000
vt 0.000000 0.000000
vt 0.000000 0.000000
vt 0.000000 0.000000
vt 0.000000 0.000000
vt 0.000000 0.000000
vt 0.000000 0.000000
vt 0.000000 0.000000
vt 0.000000 0.000000
vt 0.000000 0.000000
vt 0.000000 0.000000
vt 0.000000 0.000000
vt 0.000000 0.000000
vt 0.000000 0.000000
vt 0.000000 0.000000
vt 0.000000 0.000000
vt 0.000000 0.000000
vt 0.000000 0.000000
vt 0.000000 0.000000
vt 0.000000 0.000000
vt 0.000000 0.000000
vt 0.000000 0.000000
vt 0.000000 0.000000
vt 0.000000 0.000000
vt 0.000000 0.000000
vt 0.000000 0.000000
vt 0.000000 0.000000
vt 0.000000 0.000000
vt 0.000000 0.000000
vt 0.000000 0.000000
vt 0.000000 0.000000
vt 0.000000 0.000000
vt 0.000000 0.000000
vt 0.000000 0.000000
vt 0.000000 0.000000
vt 0.000000 0.000000
vt 0.000000 0.000000
vt 0.000000 0.000000
vt 0.000000 0.000000
vt 0.000000 0.000000
vt 0.000000 0.000000
vt 0.000000 0.000000
vt 0.000000 0.000000
vt 0.000000 0.000000
vt 0.000000 0.000000
vt 0.000000 0.000000
vt 0.000000 0.000000
vt 0.000000 0.000000
vt 0.000000 0.000000
vt 0.000000 0.000000
vt 0.000000 0.000000
vt 0.000000 0.000000
vt 0.000000 0.000000
vt 0.000000 0.000000
vt 0.000000 0.000000
vt 0.000000 0.000000
vt 0.000000 0.000000
vt 0.000000 0.000000
vt 0.000000 0.000000
vt 0.000000 0.000000
vt 0.000000 0.000000
vt 0.000000 0.000000
vt 0.000000 0.000000
vt 0.000000 0.000000
vt 0.000000 0.000000
vt 0.000000 0.000000
vt 0.000000 0.000000
vt 0.000000 0.000000
vt 0.000000 0.000000
vt 0.000000 0.000000
vt 0.000000 0.000000
vt 0.000000 0.000000
vt 0.000000 0.000000
vt 0.000000 0.000000
vt 0.000000 0.000000
vt 0.000000 0.000000
vt 0.000000 0.000000
vt 0.000000 0.000000
vt 0.000000 0.000000
vt 0.000000 0.000000
vt 0.000000 0.000000
vt 0.000000 0.000000
vt 0.000000 0.000000
vt 0.000000 0.000000
vt 0.000000 0.000000
vt 0.000000 0.000000
vt 0.000000 0.000000
vt 0.000000 0.000000
vt 0.000000 0.000000
vt 0.000000 0.000000
vt 0.000000 0.000000
vt 0.000000 0.000000
vt 0.000000 0.000000
vt 0.000000 0.000000
vt 0.000000 0.000000
vt 0.000000 0.000000
vt 0.000000 0.000000
vt 0.000000 0.000000
vt 0.000000 0.000000
vt 0.000000 0.000000
vt 0.000000 0.000000
vt 0.000000 0.000000
vt 0.000000 0.000000
vt 0.000000 0.000000
vt 0.000000 0.000000
vt 0.000000 0.000000
vt 0.000000 0.000000
vt 0.000000 0.000000
vt 0.000000 0.000000
vt 0.000000 0.000000
vt 0.000000 0.000000
vt 0.000000 0.000000
vt 0.000000 0.000000
vt 0.000000 0.000000
vt 0.000000 0.000000
vt 0.000000 0.000000
vt 0.000000 0.000000
vt 0.000000 0.000000
vt 0.000000 0.000000
vt 0.000000 0.000000
vt 0.000000 0.000000
vt 0.000000 0.000000
vt 0.000000 0.000000
vt 0.000000 0.000000
vt 0.000000 0.000000
vt 0.000000 0.000000
vt 0.000000 0.000000
vt 0.000000 0.000000
vt 0.000000 0.000000
vt 0.000000 0.000000
vt 0.000000 0.000000
vt 0.000000 0.000000
vt 0.000000 0.000000
vt 0.000000 0.000000
vt 0.000000 0.000000
vt 0.000000 0.000000
vt 0.000000 0.000000
vt 0.000000 0.000000
vt 0.000000 0.000000
vt 0.000000 0.000000
vt 0.000000 0.000000
vt 0.000000 0.000000
vt 0.000000 0.000000
vt 0.000000 0.000000
vt 0.000000 0.000000
vt 0.000000 0.000000
vt 0.000000 0.000000
vt 0.000000 0.000000
vt 0.000000 0.000000
vt 0.000000 0.000000
vt 0.000000 0.000000
vt 0.000000 0.000000
vt 0.000000 0.000000
vt 0.000000 0.000000
vt 0.000000 0.000000
vt 0.000000 0.000000
vt 0.000000 0.000000
vt 0.000000 0.000000
vt 0.000000 0.000000
vt 0.000000 0.000000
vt 0.000000 0.000000
vt 0.000000 0.000000
vt 0.000000 0.000000
vt 0.000000 0.000000
vt 0.000000 0.000000
vt 0.000000 0.000000
vt 0.000000 0.000000
vt 0.000000 0.000000
vt 0.000000 0.000000
vt 0.000000 0.000000
vt 0.000000 0.000000
vt 0.000000 0.000000
vt 0.000000 0.000000
vt 0.000000 0.000000
vt 0.000000 0.000000
vt 0.000000 0.000000
vt 0.000000 0.000000
vt 0.000000 0.000000
vt 0.000000 0.000000
vt 0.000000 0.000000
vt 0.000000 0.000000
vt 0.000000 0.000000
vt 0.000000 0.000000
vt 0.000000 0.000000
vt 0.000000 0.000000
vt 0.000000 0.000000
vt 0.000000 0.000000
vt 0.000000 0.000000
vt 0.000000 0.000000
vt 0.000000 0.000000
vt 0.000000 0.000000
vt 0.000000 0.000000
vt 0.000000 0.000000
vt 0.000000 0.000000
vt 0.000000 0.000000
vt 0.000000 0.000000
vt 0.000000 0.000000
vt 0.000000 0.000000
vt 0.000000 0.000000
vt 0.000000 0.000000
vt 0.000000 0.000000
vt 0.000000 0.000000
vt 0.000000 0.000000
vt 0.000000 0.000000
vt 0.000000 0.000000
vt 0.000000 0.000000
vt 0.000000 0.000000
vt 0.000000 0.000000
vt 0.000000 0.000000
vt 0.000000 0.000000
vt 0.000000 0.000000
vt 0.000000 0.000000
vt 0.000000 0.000000
vt 0.000000 0.000000
vt 0.000000 0.000000
vt 0.000000 0.000000
vt 0.000000 0.000000
vt 0.000000 0.000000
vt 0.000000 0.000000
vt 0.000000 0.000000
vt 0.000000 0.000000
vt 0.000000 0.000000
vt 0.000000 0.000000
vt 0.000000 0.000000
vt 0.000000 0.000000
vt 0.000000 0.000000
vt 0.000000 0.000000
vt 0.000000 0.000000
vt 0.000000 0.000000
vt 0.000000 0.000000
vt 0.000000 0.000000
vt 0.000000 0.000000
vt 0.000000 0.000000
vt 0.000000 0.000000
vt 0.000000 0.000000
vt 0.000000 0.000000
vt 0.000000 0.000000
vt 0.000000 0.000000
vt 0.000000 0.000000
vt 0.000000 0.000000
vt 0.000000 0.000000
vt 0.000000 0.000000
vt 0.000000 0.000000
vt 0.000000 0.000000
vt 0.000000 0.000000
vt 0.000000 0.000000
vt 0.000000 0.000000
vt 0.000000 0.000000
vt 0.000000 0.000000
vt 0.000000 0.000000
vt 0.000000 0.000000
vt 0.000000 0.000000
vt 0.000000 0.000000
vt 0.000000 0.000000
vt 0.000000 0.000000
vt 0.000000 0.000000
vt 0.000000 0.000000
vt 0.000000 0.000000
vt 0.000000 0.000000
vt 0.000000 0.000000
vt 0.000000 0.000000
vt 0.000000 0.000000
vt 0.000000 0.000000
vt 0.000000 0.000000
vt 0.000000 0.000000
vt 0.000000 0.000000
vt 0.000000 0.000000
vt 0.000000 0.000000
vt 0.000000 0.000000
vt 0.000000 0.000000
vt 0.000000 0.000000
vt 0.000000 0.000000
vt 0.000000 0.000000
vt 0.000000 0.000000
vt 0.000000 0.000000
vt 0.000000 0.000000
vt 0.000000 0.000000
vt 0.000000 0.000000
vt 0.000000 0.000000
vt 0.000000 0.000000
vt 0.000000 0.000000
vt 0.000000 0.000000
vt 0.000000 0.000000
vt 0.000000 0.000000
vt 0.000000 0.000000
vt 0.000000 0.000000
vt 0.000000 0.000000
vt 0.000000 0.000000
vt 0.000000 0.000000
vt 0.000000 0.000000
vt 0.000000 0.000000
vt 0.000000 0.000000
vt 0.000000 0.000000
vt 0.000000 0.000000
vt 0.000000 0.000000
vt 0.000000 0.000000
vt 0.000000 0.000000
vt 0.000000 0.000000
vt 0.000000 0.000000
vt 0.000000 0.000000
vt 0.000000 0.000000
vt 0.000000 0.000000
vt 0.000000 0.000000
vt 0.000000 0.000000
vt 0.000000 0.000000
vt 0.000000 0.000000
vt 0.000000 0.000000
vt 0.000000 0.000000
vt 0.000000 0.000000
vt 0.000000 0.000000
vt 0.000000 0.000000
vt 0.000000 0.000000
vt 0.000000 0.000000
vt 0.000000 0.000000
vt 0.000000 0.000000
vt 0.000000 0.000000
vt 0.000000 0.000000
vt 0.000000 0.000000
vt 0.000000 0.000000
vt 0.000000 0.000000
vt 0.000000 0.000000
vt 0.000000 0.000000
vt 0.000000 0.000000
vt 0.000000 0.000000
vt 0.000000 0.000000
vt 0.000000 0.000000
vt 0.000000 0.000000
vt 0.000000 0.000000
vt 0.000000 0.000000
vt 0.000000 0.000000
vt 0.000000 0.000000
vt 0.000000 0.000000
vt 0.000000 0.000000
vt 0.000000 0.000000
vt 0.000000 0.000000
vt 0.000000 0.000000
vt 0.000000 0.000000
vt 0.000000 0.000000
vt 0.000000 0.000000
vt 0.000000 0.000000
vt 0.000000 0.000000
vt 0.000000 0.000000
vt 0.000000 0.000000
vt 0.000000 0.000000
vt 0.000000 0.000000
vt 0.000000 0.000000
vt 0.000000 0.000000
vt 0.000000 0.000000
vt 0.000000 0.000000
vt 0.000000 0.000000
vt 0.000000 0.000000
vt 0.000000 0.000000
vt 0.000000 0.000000
vt 0.000000 0.000000
vt 0.000000 0.000000
vt 0.000000 0.000000
vt 0.000000 0.000000
vt 0.000000 0.000000
vt 0.000000 0.000000
vt 0.000000 0.000000
vt 0.000000 0.000000
vt 0.000000 0.000000
vt 0.000000 0.000000
vt 0.000000 0.000000
vt 0.000000 0.000000
vt 0.000000 0.000000
vt 0.000000 0.000000
vt 0.000000 0.000000
vt 0.000000 0.000000
vt 0.000000 0.000000
vt 0.000000 0.000000
vt 0.000000 0.000000
vt 0.000000 0.000000
vt 0.000000 0.000000
vt 0.000000 0.000000
vt 0.000000 0.000000
vt 0.000000 0.000000
vt 0.000000 0.000000
vt 0.000000 0.000000
vt 0.000000 0.000000
vt 0.000000 0.000000
vt 0.000000 0.000000
vt 0.000000 0.000000
vt 0.000000 0.000000
vt 0.000000 0.000000
vt 0.000000 0.000000
vt 0.000000 0.000000
vt 0.000000 0.000000
vt 0.000000 0.000000
vt 0.000000 0.000000
vt 0.000000 0.000000
vt 0.000000 0.000000
vt 0.000000 0.000000
vt 0.000000 0.000000
vt 0.000000 0.000000
vt 0.000000 0.000000
vt 0.000000 0.000000
vt 0.000000 0.000000
vt 0.000000 0.000000
vt 0.000000 0.000000
vt 0.000000 0.000000
vt 0.000000 0.000000
vt 0.000000 0.000000
vt 0.000000 0.000000
vt 0.000000 0.000000
vt 0.000000 0.000000
vt 0.000000 0.000000
vt 0.000000 0.000000
vt 0.000000 0.000000
vt 0.000000 0.000000
vt 0.000000 0.000000
vt 0.000000 0.000000
vt 0.000000 0.000000
vt 0.000000 0.000000
vt 0.000000 0.000000
vt 0.000000 0.000000
vt 0.000000 0.000000
vt 0.000000 0.000000
vt 0.000000 0.000000
vt 0.000000 0.000000
vt 0.000000 0.000000
vt 0.000000 0.000000
vt 0.000000 0.000000
vt 0.000000 0.000000
vt 0.000000 0.000000
vt 0.000000 0.000000
vt 0.000000 0.000000
vt 0.000000 0.000000
vt 0.000000 0.000000
vt 0.000000 0.000000
vt 0.000000 0.000000
vt 0.000000 0.000000
vt 0.000000 0.000000
vt 0.000000 0.000000
vt 0.000000 0.000000
vt 0.000000 0.000000
vt 0.000000 0.000000
vt 0.000000 0.000000
vt 0.000000 0.000000
vt 0.000000 0.000000
vt 0.000000 0.000000
vt 0.000000 0.000000
vt 0.000000 0.000000
vt 0.000000 0.000000
vt 0.000000 0.000000
vt 0.000000 0.000000
vt 0.000000 0.000000
vt 0.000000 0.000000
vt 0.000000 0.000000
vt 0.000000 0.000000
vt 0.000000 0.000000
vt 0.000000 0.000000
vt 0.000000 0.000000
vt 0.000000 0.000000
vt 0.000000 0.000000
vt 0.000000 0.000000
vt 0.000000 0.000000
vt 0.000000 0.000000
vt 0.000000 0.000000
vt 0.000000 0.000000
vt 0.000000 0.000000
vt 0.000000 0.000000
vt 0.000000 0.000000
vt 0.000000 0.000000
vt 0.000000 0.000000
vt 0.000000 0.000000
vt 0.000000 0.000000
vt 0.000000 0.000000
vt 0.000000 0.000000
vt 0.000000 0.000000
vt 0.000000 0.000000
vt 0.000000 0.000000
vt 0.000000 0.000000
vt 0.000000 0.000000
vt 0.000000 0.000000
vt 0.000000 0.000000
vt 0.000000 0.000000
vt 0.000000 0.000000
vt 0.000000 0.000000
vt 0.000000 0.000000
vt 0.000000 0.000000
vt 0.000000 0.000000
vt 0.000000 0.000000
vt 0.000000 0.000000
vt 0.000000 0.000000
vt 0.000000 0.000000
vt 0.000000 0.000000
vt 0.000000 0.000000
vt 0.000000 0.000000
vt 0.000000 0.000000
vt 0.000000 0.000000
vt 0.000000 0.000000
vt 0.000000 0.000000
vt 0.000000 0.000000
vt 0.000000 0.000000
vt 0.000000 0.000000
vt 0.000000 0.000000
vt 0.000000 0.000000
vt 0.000000 0.000000
vt 0.000000 0.000000
vt 0.000000 0.000000
vt 0.000000 0.000000
vt 0.000000 0.000000
vt 0.000000 0.000000
vt 0.000000 0.000000
vt 0.000000 0.000000
vt 0.000000 0.000000
vt 0.000000 0.000000
vt 0.000000 0.000000
vt 0.000000 0.000000
vt 0.000000 0.000000
vt 0.000000 0.000000
vt 0.000000 0.000000
vt 0.000000 0.000000
vt 0.000000 0.000000
vt 0.000000 0.000000
vt 0.000000 0.000000
vt 0.000000 0.000000
vt 0.000000 0.000000
vt 0.000000 0.000000
vt 0.000000 0.000000
vt 0.000000 0.000000
vt 0.000000 0.000000
vt 0.000000 0.000000
vt 0.000000 0.000000
vt 0.000000 0.000000
vt 0.000000 0.000000
vt 0.000000 0.000000
vt 0.000000 0.000000
vt 0.000000 0.000000
vt 0.000000 0.000000
vt 0.000000 0.000000
vt 0.000000 0.000000
vt 0.000000 0.000000
vt 0.000000 0.000000
vt 0.000000 0.000000
vt 0.000000 0.000000
vt 0.000000 0.000000
vt 0.000000 0.000000
vt 0.000000 0.000000
vt 0.000000 0.000000
vt 0.000000 0.000000
vt 0.000000 0.000000
vt 0.000000 0.000000
vt 0.000000 0.000000
vt 0.000000 0.000000
vt 0.000000 0.000000
vt 0.000000 0.000000
vt 0.000000 0.000000
vt 0.000000 0.000000
vt 0.000000 0.000000
vt 0.000000 0.000000
vt 0.000000 0.000000
vt 0.000000 0.000000
vt 0.000000 0.000000
vt 0.000000 0.000000
vt 0.000000 0.000000
vt 0.000000 0.000000
vt 0.000000 0.000000
vt 0.000000 0.000000
vt 0.000000 0.000000
vt 0.000000 0.000000
vt 0.000000 0.000000
vt 0.000000 0.000000
vt 0.000000 0.000000
vt 0.000000 0.000000
vt 0.000000 0.000000
vt 0.000000 0.000000
vt 0.000000 0.000000
vt 0.000000 0.000000
vt 0.000000 0.000000
vt 0.000000 0.000000
vt 0.000000 0.000000
vt 0.000000 0.000000
vt 0.000000 0.000000
vt 0.000000 0.000000
vt 0.472708 0.617811
vt 0.485997 0.617811
vt 0.485997 0.624051
vt 0.472708 0.624051
vt 0.494501 0.736249
vt 0.494330 0.736084
vt 0.497430 0.730721
vt 0.497661 0.730778
vt 0.477410 0.736487
vt 0.482889 0.739379
vt 0.482832 0.739610
vt 0.477245 0.736658
vt 0.472708 0.667728
vt 0.485997 0.667728
vt 0.485997 0.673967
vt 0.472708 0.673967
vt 0.488681 0.716038
vt 0.488624 0.716269
vt 0.482429 0.716266
vt 0.482363 0.716038
vt 0.497198 0.724530
vt 0.497426 0.724464
vt 0.485997 0.630290
vt 0.472708 0.630290
vt 0.472708 0.642770
vt 0.485997 0.642770
vt 0.485997 0.649009
vt 0.472708 0.649009
vt 0.474087 0.731184
vt 0.474316 0.731118
vt 0.477184 0.719564
vt 0.477013 0.719399
vt 0.485997 0.680207
vt 0.472708 0.680207
vt 0.472708 0.636530
vt 0.485997 0.636530
vt 0.489085 0.739382
vt 0.489150 0.739610
vt 0.475723 0.725334
vt 0.475924 0.730655
vt 0.475786 0.730695
vt 0.475583 0.725299
vt 0.485997 0.655249
vt 0.472708 0.655249
vt 0.472708 0.611572
vt 0.472708 0.605332
vt 0.485997 0.605332
vt 0.485997 0.611572
vt 0.494104 0.719162
vt 0.494269 0.718990
vt 0.472708 0.661488
vt 0.485997 0.661488
vt 0.474084 0.724927
vt 0.473853 0.724870
vt 0.478482 0.735373
vt 0.483258 0.737895
vt 0.483292 0.737755
vt 0.488617 0.737759
vt 0.488657 0.737897
vt 0.495728 0.724953
vt 0.495590 0.724993
vt 0.492931 0.720379
vt 0.493031 0.720275
vt 0.493125 0.734924
vt 0.493228 0.735023
vt 0.478285 0.720625
vt 0.478389 0.720724
vt 0.488222 0.717893
vt 0.488256 0.717753
vt 0.495791 0.730314
vt 0.495931 0.730349
vt 0.478583 0.735269
vt 0.482897 0.717889
vt 0.482857 0.717751
vt 0.483879 0.750338
vt 0.493905 0.747856
vt 0.493702 0.753173
vt 0.487350 0.524928
vt 0.487224 0.530253
vt 0.485233 0.530198
vt 0.485358 0.524887
vt 0.473853 0.752820
vt 0.474057 0.747504
vt 0.491042 0.757780
vt 0.486743 0.740415
vt 0.491245 0.743249
vt 0.476717 0.742896
vt 0.486336 0.760262
vt 0.481016 0.760262
vt 0.481423 0.740415
vt 0.476513 0.757428
vt 0.487442 0.519602
vt 0.485451 0.519575
vt 0.487495 0.503623
vt 0.487515 0.508950
vt 0.485523 0.508950
vt 0.485504 0.503637
vt 0.487442 0.498297
vt 0.485451 0.498324
vt 0.487059 0.482323
vt 0.487224 0.487647
vt 0.485233 0.487701
vt 0.485068 0.482391
vt 0.486860 0.477000
vt 0.484870 0.477082
vt 0.486860 0.540899
vt 0.484870 0.540818
vt 0.485068 0.535509
vt 0.487059 0.535577
vt 0.485504 0.514262
vt 0.487495 0.514276
vt 0.485358 0.493012
vt 0.487350 0.492972
vt 0.504968 0.747255
vt 0.504844 0.757062
vt 0.500884 0.757009
vt 0.500999 0.747212
vt 0.501086 0.737390
vt 0.500710 0.737387
vt 0.500769 0.727534
vt 0.501146 0.727536
vt 0.500368 0.766781
vt 0.500510 0.757004
vt 0.500742 0.766787
vt 0.504696 0.766851
vt 0.504324 0.629000
vt 0.504522 0.638775
vt 0.500570 0.638850
vt 0.500371 0.629080
vt 0.500570 0.776555
vt 0.500198 0.776547
vt 0.500368 0.648623
vt 0.500198 0.638857
vt 0.500742 0.648617
vt 0.504696 0.648553
vt 0.504968 0.668149
vt 0.505067 0.677982
vt 0.501086 0.678014
vt 0.500999 0.668192
vt 0.500884 0.658396
vt 0.500510 0.658401
vt 0.500769 0.687870
vt 0.500710 0.678017
vt 0.501146 0.687868
vt 0.505141 0.687846
vt 0.505213 0.707702
vt 0.505189 0.717653
vt 0.501176 0.717643
vt 0.501181 0.707702
vt 0.501176 0.697762
vt 0.500797 0.697762
vt 0.500797 0.717642
vt 0.505141 0.727558
vt 0.505067 0.737423
vt 0.500625 0.747208
vt 0.504522 0.776630
vt 0.499999 0.786260
vt 0.500371 0.786324
vt 0.504324 0.786404
vt 0.504844 0.658342
vt 0.499999 0.629144
vt 0.500625 0.668196
vt 0.505189 0.697751
vt 0.500791 0.707702
vt 0.517366 0.740604
vt 0.506228 0.740601
vt 0.506232 0.724686
vt 0.517370 0.724688
vt 0.941940 0.643868
vt 0.926073 0.643836
vt 0.914857 0.632624
vt 0.506028 0.724686
vt 0.506030 0.708731
vt 0.506234 0.708731
vt 0.953195 0.616723
vt 0.953195 0.632625
vt 0.517366 0.644965
vt 0.506228 0.644969
vt 0.506222 0.629004
vt 0.517360 0.629000
vt 0.506232 0.660926
vt 0.506234 0.676891
vt 0.506030 0.676891
vt 0.506028 0.660926
vt 0.506030 0.692814
vt 0.506235 0.692814
vt 0.506024 0.644969
vt 0.517360 0.756527
vt 0.506222 0.756523
vt 0.517373 0.676890
vt 0.517374 0.692814
vt 0.506018 0.756494
vt 0.506024 0.740601
vt 0.517370 0.660924
vt 0.517373 0.708732
vt 0.506018 0.629033
vt 0.941940 0.605479
vt 0.926073 0.605511
vt 0.914857 0.616724
vt 0.937025 0.243080
vt 0.938161 0.248568
vt 0.931235 0.251566
vt 0.928095 0.246944
vt 0.921214 0.253825
vt 0.925899 0.256902
vt 0.917632 0.272603
vt 0.923121 0.271466
vt 0.926119 0.278392
vt 0.921497 0.281533
vt 0.928378 0.288413
vt 0.931455 0.283728
vt 0.947155 0.291995
vt 0.946019 0.286506
vt 0.952944 0.283509
vt 0.956085 0.288130
vt 0.962966 0.281250
vt 0.958281 0.278172
vt 0.955802 0.246661
vt 0.952725 0.251346
vt 0.945708 0.248568
vt 0.946755 0.243080
vt 0.917632 0.262872
vt 0.923121 0.263919
vt 0.937425 0.291995
vt 0.938472 0.286506
vt 0.966548 0.272202
vt 0.961059 0.271156
vt 0.966548 0.262472
vt 0.961059 0.263609
vt 0.962683 0.253542
vt 0.958061 0.256683
vt 0.273675 0.931906
vt 0.273728 0.935854
vt 0.263953 0.935978
vt 0.263910 0.932022
vt 0.244295 0.931795
vt 0.254117 0.931734
vt 0.254120 0.932108
vt 0.244297 0.932171
vt 0.273670 0.931534
vt 0.283416 0.931392
vt 0.283422 0.931765
vt 0.283486 0.935706
vt 0.155471 0.931599
vt 0.155395 0.935581
vt 0.145546 0.935381
vt 0.145626 0.931398
vt 0.293150 0.931222
vt 0.293157 0.931593
vt 0.155478 0.931224
vt 0.165319 0.931395
vt 0.165313 0.931771
vt 0.165248 0.935756
vt 0.194921 0.932118
vt 0.194890 0.936118
vt 0.184995 0.936027
vt 0.185037 0.932030
vt 0.175171 0.931537
vt 0.175166 0.931914
vt 0.194924 0.931740
vt 0.204812 0.931802
vt 0.204810 0.932180
vt 0.204790 0.936181
vt 0.234448 0.932209
vt 0.234460 0.936198
vt 0.224582 0.936220
vt 0.224580 0.932225
vt 0.214699 0.931836
vt 0.214698 0.932214
vt 0.234447 0.931832
vt 0.244319 0.936150
vt 0.254152 0.936076
vt 0.263906 0.931648
vt 0.293232 0.935532
vt 0.302832 0.931024
vt 0.302896 0.931395
vt 0.302976 0.935335
vt 0.175112 0.935905
vt 0.145691 0.931024
vt 0.185041 0.931653
vt 0.214690 0.936214
vt 0.224579 0.931847
vt 0.483850 0.572687
vt 0.483853 0.588601
vt 0.472716 0.588605
vt 0.472712 0.572689
vt 0.889041 0.890960
vt 0.916128 0.879725
vt 0.904908 0.890934
vt 0.483848 0.556731
vt 0.484052 0.556731
vt 0.484054 0.572687
vt 0.877790 0.879713
vt 0.877795 0.863811
vt 0.483861 0.477005
vt 0.483855 0.492969
vt 0.472717 0.492966
vt 0.472723 0.477000
vt 0.484053 0.524892
vt 0.483848 0.524892
vt 0.483851 0.508927
vt 0.484055 0.508927
vt 0.483848 0.540815
vt 0.484053 0.540815
vt 0.484059 0.492969
vt 0.483859 0.604524
vt 0.472721 0.604528
vt 0.472708 0.540815
vt 0.472710 0.524890
vt 0.484064 0.604495
vt 0.484058 0.588601
vt 0.472713 0.508924
vt 0.472709 0.556732
vt 0.484065 0.477033
vt 0.889055 0.852571
vt 0.904921 0.852609
vt 0.916134 0.863825
vt 0.926119 0.228672
vt 0.931455 0.234008
vt 0.928378 0.238693
vt 0.921497 0.231813
vt 0.917632 0.222883
vt 0.923121 0.221746
vt 0.931235 0.201846
vt 0.925899 0.207182
vt 0.921214 0.204105
vt 0.928095 0.197224
vt 0.937025 0.193360
vt 0.938161 0.198848
vt 0.958061 0.206963
vt 0.952725 0.201626
vt 0.955802 0.196941
vt 0.962683 0.203822
vt 0.966548 0.212752
vt 0.961059 0.213889
vt 0.938472 0.236786
vt 0.946019 0.236786
vt 0.947155 0.242275
vt 0.937425 0.242275
vt 0.917632 0.213152
vt 0.923121 0.214199
vt 0.946755 0.193360
vt 0.945708 0.198848
vt 0.966548 0.222482
vt 0.961059 0.221435
vt 0.962966 0.231530
vt 0.958281 0.228452
vt 0.956085 0.238410
vt 0.952944 0.233789
vt 0.060323 0.910713
vt 0.058481 0.920195
vt 0.032237 0.909626
vt 0.036401 0.901241
vt 0.914052 0.568181
vt 0.914033 0.593253
vt 0.893167 0.588986
vt 0.893159 0.572329
vt 0.887039 0.604471
vt 0.851299 0.581021
vt 0.904863 0.616503
vt 0.914484 0.921830
vt 0.914153 0.922792
vt 0.889866 0.917527
vt 0.889697 0.916364
vt 0.567088 0.912757
vt 0.568191 0.921564
vt 0.544135 0.926306
vt 0.542796 0.917527
vt 0.886541 0.557039
vt 0.887395 0.634062
vt 0.864652 0.643868
vt 0.859999 0.622873
vt 0.875272 0.616247
vt 0.840166 0.917500
vt 0.841162 0.908691
vt 0.865574 0.912757
vt 0.864472 0.921564
vt 0.904119 0.545155
vt 0.766743 0.901806
vt 0.765962 0.910753
vt 0.741024 0.910183
vt 0.741621 0.901182
vt 0.788592 0.593974
vt 0.788566 0.568848
vt 0.809421 0.573059
vt 0.809445 0.589717
vt 0.815192 0.527966
vt 0.837945 0.518173
vt 0.842599 0.539164
vt 0.827323 0.545792
vt 0.665920 0.901806
vt 0.666701 0.910753
vt 0.641767 0.912075
vt 0.640939 0.903192
vt 0.839659 0.643868
vt 0.843347 0.622892
vt 0.798554 0.616998
vt 0.816058 0.605006
vt 0.816548 0.905505
vt 0.815641 0.914339
vt 0.790896 0.912075
vt 0.791724 0.903192
vt 0.797733 0.545539
vt 0.815553 0.557570
vt 0.862992 0.518197
vt 0.886355 0.527440
vt 0.874745 0.545277
vt 0.859258 0.539143
vt 0.716332 0.901069
vt 0.716331 0.910087
vt 0.691638 0.910183
vt 0.691042 0.901182
vt 0.816329 0.634686
vt 0.827854 0.616773
vt 0.616115 0.905505
vt 0.617022 0.914340
vt 0.592497 0.917500
vt 0.591501 0.908691
vt 0.517374 0.437618
vt 0.000404 0.437621
vt 0.000404 0.433849
vt 0.517374 0.433844
vt 0.236725 0.725514
vt 0.236725 0.724626
vt 0.265327 0.724471
vt 0.265708 0.725454
vt 0.206654 0.774061
vt 0.207742 0.725454
vt 0.236725 0.774125
vt 0.178630 0.725178
vt 0.177094 0.773778
vt 0.147736 0.773207
vt 0.149469 0.724619
vt 0.120316 0.723707
vt 0.118501 0.772286
vt 0.089261 0.771016
vt 0.091181 0.722449
vt 0.062072 0.720837
vt 0.059894 0.769389
vt 0.030373 0.767448
vt 0.033036 0.718928
vt 0.004148 0.716774
vt 0.000402 0.765216
vt 0.443078 0.767448
vt 0.440415 0.718928
vt 0.469303 0.716774
vt 0.473048 0.765216
vt 0.411379 0.720836
vt 0.413557 0.769389
vt 0.384190 0.771016
vt 0.382270 0.722449
vt 0.353135 0.723707
vt 0.354950 0.772286
vt 0.325714 0.773207
vt 0.323981 0.724619
vt 0.296357 0.773778
vt 0.294821 0.725178
vt 0.266797 0.774061
vt 0.208124 0.724471
vt 0.179033 0.724147
vt 0.149767 0.723599
vt 0.120356 0.722641
vt 0.090939 0.721416
vt 0.061680 0.719830
vt 0.032662 0.718038
vt 0.004308 0.716038
vt 0.440788 0.718038
vt 0.469143 0.716038
vt 0.411770 0.719829
vt 0.382512 0.721416
vt 0.353095 0.722641
vt 0.323684 0.723599
vt 0.294418 0.724147
vt 0.086774 0.920217
vt 0.086051 0.910883
vt 0.018628 0.883310
vt 0.011931 0.889266
vt 0.000402 0.862734
vt 0.008859 0.860226
vt 0.518509 0.922792
vt 0.518179 0.921830
vt 0.542965 0.916364
vt 0.567284 0.911527
vt 0.008949 0.835296
vt 0.000490 0.833653
vt 0.011298 0.806631
vt 0.018197 0.812138
vt 0.591599 0.907473
vt 0.615977 0.904282
vt 0.035900 0.794370
vt 0.031932 0.786277
vt 0.058395 0.774930
vt 0.059097 0.784375
vt 0.640578 0.902014
vt 0.665473 0.900619
vt 0.084826 0.784539
vt 0.086692 0.774930
vt 0.112932 0.785521
vt 0.108746 0.794017
vt 0.690637 0.900039
vt 0.716332 0.900009
vt 0.126516 0.811967
vt 0.133225 0.805948
vt 0.144741 0.832546
vt 0.136282 0.835070
vt 0.742027 0.900039
vt 0.767190 0.900620
vt 0.136190 0.860006
vt 0.144649 0.861649
vt 0.133846 0.888649
vt 0.126943 0.883158
vt 0.792085 0.902014
vt 0.816686 0.904282
vt 0.109244 0.900907
vt 0.113225 0.908937
vt 0.841064 0.907473
vt 0.865379 0.911527
vt 0.520411 0.931448
vt 0.912252 0.931448
vt 0.888528 0.926306
vt 0.468444 0.686084
vt 0.468078 0.505685
vt 0.471870 0.506318
vt 0.471903 0.685867
vt 0.240492 0.505859
vt 0.236681 0.506519
vt 0.237468 0.504373
vt 0.268847 0.479026
vt 0.283861 0.567330
vt 0.734167 0.517368
vt 0.696196 0.517368
vt 0.696195 0.000402
vt 0.734166 0.000402
vt 0.264959 0.477844
vt 0.268841 0.477000
vt 0.231889 0.505904
vt 0.032688 0.712976
vt 0.203534 0.479242
vt 0.032673 0.715233
vt 0.203539 0.712974
vt 0.203553 0.715233
vt 0.268837 0.712573
vt 0.268875 0.714914
vt 0.264992 0.714274
vt 0.240054 0.686408
vt 0.283859 0.624804
vt 0.236631 0.686237
vt 0.237001 0.687394
vt 0.439700 0.712575
vt 0.439663 0.714914
vt 0.736309 0.000402
vt 0.736309 0.517368
vt 0.203553 0.477000
vt 0.207455 0.477828
vt 0.032682 0.479248
vt 0.032663 0.477008
vt 0.000402 0.219628
vt 0.000404 0.040330
vt 0.517373 0.040334
vt 0.517372 0.219632
vt 0.003945 0.686150
vt 0.000402 0.685936
vt 0.000441 0.506345
vt 0.004310 0.505733
vt 0.521953 0.000402
vt 0.692423 0.000402
vt 0.692423 0.517368
vt 0.521953 0.517368
vt 0.235777 0.506543
vt 0.234985 0.504375
vt 0.517372 0.263373
vt 0.000403 0.263377
vt 0.000403 0.259605
vt 0.517372 0.259599
vt 0.028772 0.714423
vt 0.000841 0.687506
vt 0.000404 0.038401
vt 0.000404 0.000402
vt 0.517374 0.000412
vt 0.517373 0.038411
vt 0.439704 0.479027
vt 0.443592 0.477843
vt 0.471113 0.504385
vt 0.235827 0.686307
vt 0.235452 0.687487
vt 0.232322 0.686469
vt 0.207456 0.714424
vt 0.915771 0.517368
vt 0.915771 0.000402
vt 0.916827 0.000402
vt 0.916827 0.517368
vt 0.000405 0.476196
vt 0.517374 0.476193
vt 0.439709 0.477000
vt 0.028762 0.477833
vt 0.001202 0.504388
vt 0.424684 0.567332
vt 0.471472 0.687415
vt 0.424683 0.624806
vt 0.443546 0.714272
vt 0.517372 0.221082
vt 0.000402 0.221088
vt 0.354270 0.671253
vt 0.383812 0.665723
vt 0.518179 0.517368
vt 0.518180 0.000402
vt 0.300282 0.649129
vt 0.324728 0.665722
vt 0.300286 0.542928
vt 0.324733 0.526258
vt 0.408259 0.649130
vt 0.408261 0.542930
vt 0.383815 0.526258
vt 0.278386 0.596080
vt 0.354274 0.520701
vt 0.430158 0.596082
vn -0.668300 -0.655500 0.351800
vn 0.020100 -0.019700 -0.999600
vn 0.668300 -0.655500 0.351700
vn 0.366200 0.359600 0.858300
vn 0.668300 -0.655400 0.351700
vn -0.652000 0.672000 0.351200
vn 0.652700 0.671300 0.351200
vn 0.000000 -0.958200 0.286000
vn -0.366800 0.359700 0.857900
vn -0.000000 -0.016900 -0.999900
vn -0.020000 -0.019700 -0.999600
vn -0.667600 -0.656200 0.351800
vn 0.000000 0.958700 0.284600
vn -0.000000 0.365500 0.930800
vn 0.000000 -0.392500 0.919800
vn -0.020000 0.021200 -0.999600
vn 0.000000 0.018300 -0.999800
vn -0.369800 -0.391500 0.842600
vn 0.369200 -0.391400 0.842900
vn 0.631700 0.691300 0.350900
vn 0.020000 0.021200 -0.999600
vn -0.631700 0.691300 0.351000
vn 0.000000 -0.000000 1.000000
vn -0.017200 -0.000000 -0.999900
vn -0.000000 0.000000 -1.000000
vn -0.371900 0.000000 0.928300
vn 0.371500 0.000000 0.928400
vn 0.959100 0.000000 0.283000
vn 0.017200 -0.000000 -0.999900
vn -0.959100 0.000000 0.283100
vn 0.841600 -0.536500 -0.063200
vn 0.998000 -0.043800 -0.046300
vn 0.887000 0.461400 -0.017000
vn 0.537500 0.843100 0.017000
vn 0.043900 0.998000 0.046300
vn -0.460600 0.885400 0.063200
vn -0.841600 0.536500 0.063200
vn -0.998000 0.043800 0.046300
vn -0.887000 -0.461400 0.016900
vn -0.537400 -0.843100 -0.017000
vn -0.043800 -0.998000 -0.046300
vn 0.460600 -0.885400 -0.063200
vn 0.830400 -0.524300 -0.188500
vn 0.989800 -0.034900 -0.138100
vn 0.884000 0.464700 -0.050600
vn 0.540400 0.839900 0.050600
vn 0.052000 0.989100 0.138100
vn -0.449500 0.873200 0.188500
vn -0.830400 0.524300 0.188500
vn -0.989800 0.034900 0.138100
vn -0.884000 -0.464700 0.050600
vn -0.540400 -0.839900 -0.050600
vn -0.052000 -0.989100 -0.138100
vn 0.449400 -0.873200 -0.188500
vn 0.808300 -0.500200 -0.310500
vn 0.973600 -0.017300 -0.227500
vn 0.878100 0.471200 -0.083400
vn 0.546400 0.833400 0.083400
vn 0.068200 0.971400 0.227500
vn -0.427300 0.849100 0.310500
vn -0.808300 0.500200 0.310500
vn -0.973600 0.017300 0.227500
vn -0.878100 -0.471200 0.083400
vn -0.546400 -0.833400 -0.083400
vn -0.068200 -0.971400 -0.227600
vn 0.427400 -0.849100 -0.310500
vn 0.775700 -0.464500 -0.427300
vn 0.949700 0.008900 -0.313100
vn 0.869300 0.480800 -0.114700
vn 0.555100 0.823800 0.114700
vn 0.092100 0.945200 0.313100
vn -0.394700 0.813400 0.427300
vn -0.775700 0.464500 0.427300
vn -0.949700 -0.008900 0.313100
vn -0.869300 -0.480800 0.114700
vn -0.555100 -0.823800 -0.114700
vn -0.092100 -0.945200 -0.313100
vn 0.394700 -0.813400 -0.427300
vn 0.733000 -0.417900 -0.536700
vn 0.918400 0.043000 -0.393300
vn 0.857900 0.493300 -0.144100
vn 0.566600 0.811300 0.144100
vn 0.123400 0.911100 0.393300
vn -0.352000 0.766800 0.536700
vn -0.733000 0.417900 0.536700
vn -0.918400 -0.043000 0.393300
vn -0.857900 -0.493300 0.144100
vn -0.566600 -0.811300 -0.144100
vn -0.123400 -0.911100 -0.393300
vn 0.352000 -0.766800 -0.536700
vn 0.681000 -0.361200 -0.637000
vn 0.880400 0.084600 -0.466700
vn 0.843900 0.508500 -0.171000
vn 0.580500 0.796100 0.171000
vn 0.161500 0.869500 0.466700
vn -0.300100 0.710100 0.637000
vn -0.681000 0.361200 0.637000
vn -0.880400 -0.084600 0.466700
vn -0.843900 -0.508500 0.171000
vn -0.580500 -0.796100 -0.171000
vn -0.161500 -0.869500 -0.466700
vn 0.300100 -0.710100 -0.637000
vn 0.620700 -0.295300 -0.726300
vn 0.836100 0.132900 -0.532200
vn 0.827700 0.526200 -0.195000
vn 0.596700 0.778400 0.195000
vn 0.205700 0.821300 0.532200
vn -0.239700 0.644200 0.726300
vn -0.620700 0.295300 0.726300
vn -0.836100 -0.132900 0.532200
vn -0.827700 -0.526200 0.195000
vn -0.596700 -0.778400 -0.195000
vn -0.205700 -0.821300 -0.532200
vn 0.239700 -0.644200 -0.726300
vn 0.553000 -0.221300 -0.803300
vn 0.786500 0.187000 -0.588600
vn 0.809500 0.546000 -0.215600
vn 0.614900 0.758500 0.215600
vn 0.255300 0.767100 0.588600
vn -0.172000 0.570300 0.803300
vn -0.553000 0.221300 0.803300
vn -0.786500 -0.187000 0.588600
vn -0.809500 -0.546000 0.215600
vn -0.614900 -0.758500 -0.215600
vn -0.255300 -0.767100 -0.588600
vn 0.172000 -0.570300 -0.803300
vn 0.479100 -0.140600 -0.866400
vn 0.732400 0.246200 -0.634900
vn 0.789700 0.567700 -0.232600
vn 0.634800 0.736900 0.232600
vn 0.309500 0.708000 0.634900
vn -0.098100 0.489600 0.866400
vn -0.479100 0.140700 0.866400
vn -0.732400 -0.246200 0.634900
vn -0.789700 -0.567700 0.232600
vn -0.634800 -0.736900 -0.232600
vn -0.309500 -0.707900 -0.634900
vn 0.098100 -0.489600 -0.866400
vn 0.400200 -0.054600 -0.914800
vn 0.674600 0.309300 -0.670300
vn 0.768500 0.590800 -0.245600
vn 0.655900 0.713800 0.245600
vn 0.367200 0.644900 0.670300
vn -0.019200 0.403500 0.914800
vn -0.400200 0.054500 0.914800
vn -0.674600 -0.309300 0.670300
vn -0.768500 -0.590800 0.245600
vn -0.655900 -0.713800 -0.245600
vn -0.367200 -0.644900 -0.670300
vn 0.019200 -0.403500 -0.914800
vn 0.317800 0.035500 -0.947500
vn 0.614200 0.375200 -0.694300
vn 0.746400 0.615000 -0.254300
vn 0.678100 0.689600 0.254300
vn 0.427600 0.578900 0.694300
vn 0.063200 0.313500 0.947500
vn -0.317800 -0.035500 0.947500
vn -0.614200 -0.375200 0.694300
vn -0.746400 -0.615000 0.254400
vn -0.678100 -0.689600 -0.254400
vn -0.427600 -0.578900 -0.694300
vn -0.063200 -0.313400 -0.947500
vn 0.233200 0.127900 -0.964000
vn 0.552200 0.442900 -0.706300
vn 0.723700 0.639800 -0.258800
vn 0.700800 0.664800 0.258800
vn 0.489600 0.511200 0.706300
vn 0.147800 0.221000 0.964000
vn -0.233100 -0.127900 0.964000
vn -0.552200 -0.442900 0.706300
vn -0.723700 -0.639800 0.258800
vn -0.700800 -0.664800 -0.258800
vn -0.489600 -0.511200 -0.706300
vn -0.147800 -0.221000 -0.964000
vn 0.147800 0.221000 -0.964000
vn 0.489600 0.511200 -0.706300
vn 0.700800 0.664800 -0.258800
vn 0.723700 0.639800 0.258800
vn 0.552200 0.442900 0.706300
vn 0.233100 0.127900 0.964000
vn -0.147800 -0.221000 0.964000
vn -0.489600 -0.511200 0.706300
vn -0.700800 -0.664800 0.258800
vn -0.723700 -0.639800 -0.258800
vn -0.552200 -0.442900 -0.706300
vn -0.233200 -0.127900 -0.964000
vn 0.063200 0.313400 -0.947500
vn 0.427600 0.578900 -0.694300
vn 0.678100 0.689600 -0.254400
vn 0.746400 0.615000 0.254400
vn 0.614200 0.375200 0.694300
vn 0.317800 0.035500 0.947500
vn -0.063200 -0.313400 0.947500
vn -0.427600 -0.578900 0.694300
vn -0.678100 -0.689600 0.254300
vn -0.746400 -0.615000 -0.254400
vn -0.614200 -0.375200 -0.694300
vn -0.317800 -0.035500 -0.947500
vn -0.019200 0.403400 -0.914800
vn 0.367200 0.644900 -0.670300
vn 0.655900 0.713800 -0.245600
vn 0.768500 0.590800 0.245600
vn 0.674600 0.309300 0.670300
vn 0.400200 -0.054500 0.914800
vn 0.019200 -0.403500 0.914800
vn -0.367200 -0.644800 0.670300
vn -0.655900 -0.713800 0.245600
vn -0.768500 -0.590800 -0.245600
vn -0.674600 -0.309300 -0.670300
vn -0.400200 0.054600 -0.914800
vn -0.098100 0.489600 -0.866400
vn 0.309400 0.708000 -0.634900
vn 0.634800 0.736900 -0.232600
vn 0.789700 0.567700 0.232600
vn 0.732400 0.246200 0.634900
vn 0.479100 -0.140700 0.866400
vn 0.098100 -0.489600 0.866400
vn -0.309500 -0.707900 0.634900
vn -0.634800 -0.736900 0.232600
vn -0.789700 -0.567700 -0.232600
vn -0.732400 -0.246200 -0.634900
vn -0.479100 0.140700 -0.866400
vn -0.172000 0.570300 -0.803300
vn 0.255300 0.767100 -0.588600
vn 0.614900 0.758500 -0.215600
vn 0.809500 0.546000 0.215600
vn 0.786500 0.187000 0.588600
vn 0.553000 -0.221300 0.803300
vn 0.172000 -0.570300 0.803300
vn -0.255300 -0.767100 0.588600
vn -0.614900 -0.758500 0.215600
vn -0.809500 -0.546000 -0.215600
vn -0.786500 -0.187000 -0.588600
vn -0.553000 0.221300 -0.803300
vn -0.239700 0.644200 -0.726300
vn 0.205700 0.821300 -0.532200
vn 0.596700 0.778400 -0.195000
vn 0.827700 0.526200 0.195000
vn 0.836100 0.132900 0.532200
vn 0.620700 -0.295300 0.726300
vn 0.239700 -0.644200 0.726300
vn -0.205700 -0.821300 0.532200
vn -0.596700 -0.778400 0.195000
vn -0.827700 -0.526200 -0.195000
vn -0.836100 -0.132900 -0.532200
vn -0.620700 0.295300 -0.726300
vn -0.300100 0.710100 -0.637000
vn 0.161500 0.869500 -0.466700
vn 0.580500 0.796100 -0.171000
vn 0.843900 0.508500 0.171000
vn 0.880300 0.084600 0.466700
vn 0.681000 -0.361200 0.637000
vn 0.300100 -0.710100 0.637000
vn -0.161500 -0.869500 0.466700
vn -0.580500 -0.796100 0.171000
vn -0.843900 -0.508500 -0.171000
vn -0.880300 -0.084600 -0.466700
vn -0.681000 0.361200 -0.637000
vn -0.352000 0.766800 -0.536700
vn 0.123400 0.911100 -0.393300
vn 0.566600 0.811300 -0.144100
vn 0.857900 0.493200 0.144100
vn 0.918400 0.043000 0.393300
vn 0.733000 -0.417900 0.536700
vn 0.352000 -0.766800 0.536700
vn -0.123400 -0.911100 0.393300
vn -0.566600 -0.811300 0.144100
vn -0.857900 -0.493300 -0.144100
vn -0.918400 -0.043000 -0.393300
vn -0.733000 0.417900 -0.536700
vn -0.394700 0.813400 -0.427300
vn 0.092100 0.945200 -0.313100
vn 0.555100 0.823800 -0.114700
vn 0.869300 0.480700 0.114700
vn 0.949700 0.008900 0.313100
vn 0.775700 -0.464500 0.427300
vn 0.394700 -0.813400 0.427300
vn -0.092100 -0.945200 0.313100
vn -0.555100 -0.823800 0.114700
vn -0.869300 -0.480700 -0.114700
vn -0.949700 -0.008900 -0.313100
vn -0.775700 0.464500 -0.427300
vn -0.427400 0.849100 -0.310500
vn 0.068200 0.971400 -0.227500
vn 0.546400 0.833400 -0.083300
vn 0.878100 0.471200 0.083400
vn 0.973600 -0.017300 0.227500
vn 0.808300 -0.500200 0.310500
vn 0.427400 -0.849100 0.310500
vn -0.068200 -0.971400 0.227500
vn -0.546400 -0.833400 0.083400
vn -0.878100 -0.471200 -0.083400
vn -0.973600 0.017300 -0.227500
vn -0.808300 0.500200 -0.310500
vn -0.449400 0.873200 -0.188500
vn 0.052000 0.989100 -0.138100
vn 0.540500 0.839900 -0.050600
vn 0.884000 0.464700 0.050600
vn 0.989800 -0.034900 0.138100
vn 0.830400 -0.524300 0.188500
vn 0.449400 -0.873200 0.188500
vn -0.052000 -0.989100 0.138100
vn -0.540400 -0.839900 0.050600
vn -0.884000 -0.464700 -0.050600
vn -0.989800 0.034900 -0.138100
vn -0.830400 0.524300 -0.188500
vn -0.460600 0.885400 -0.063200
vn 0.043800 0.998000 -0.046300
vn 0.537500 0.843100 -0.017000
vn 0.887000 0.461400 0.017000
vn 0.998000 -0.043800 0.046300
vn 0.841600 -0.536500 0.063200
vn 0.460600 -0.885400 0.063200
vn -0.043800 -0.998000 0.046300
vn -0.537400 -0.843100 0.017000
vn -0.887000 -0.461400 -0.017000
vn -0.998000 0.043800 -0.046300
vn -0.841600 0.536500 -0.063200
vn 0.043800 0.998000 0.046300
vn -0.887000 -0.461400 0.017000
vn -0.449400 0.873200 0.188500
vn 0.540500 0.839900 0.050600
vn -0.427400 0.849100 0.310500
vn -0.068200 -0.971400 -0.227500
vn 0.869300 0.480700 -0.114700
vn -0.869300 -0.480700 0.114700
vn 0.857900 0.493200 -0.144100
vn 0.880300 0.084600 -0.466700
vn -0.880300 -0.084600 0.466700
vn 0.553000 -0.221400 -0.803300
vn -0.553000 0.221300 0.803200
vn 0.309400 0.708000 0.634900
vn 0.479100 -0.140700 -0.866400
vn -0.019200 0.403400 0.914800
vn 0.400200 -0.054500 -0.914800
vn -0.367200 -0.644800 -0.670300
vn -0.400200 0.054600 0.914800
vn 0.063200 0.313400 0.947500
vn 0.678100 0.689600 0.254400
vn 0.746400 0.615000 -0.254400
vn -0.678100 -0.689600 -0.254300
vn 0.233100 0.127900 -0.964000
vn -0.233200 -0.127900 0.964000
vn 0.233200 0.127900 0.964000
vn -0.233100 -0.127900 -0.964000
vn 0.746400 0.615000 0.254300
vn 0.678100 0.689600 -0.254300
vn 0.063200 0.313500 -0.947500
vn -0.746400 -0.615000 -0.254300
vn 0.400200 -0.054600 0.914800
vn -0.019200 0.403500 -0.914800
vn -0.400200 0.054500 -0.914800
vn -0.367200 -0.644900 0.670300
vn 0.479100 -0.140600 0.866400
vn 0.309500 0.708000 -0.634900
vn 0.553000 -0.221400 0.803300
vn -0.172000 0.570200 -0.803300
vn -0.553000 0.221400 -0.803300
vn 0.880400 0.084600 0.466700
vn -0.880400 -0.084600 -0.466700
vn 0.857900 0.493300 0.144100
vn 0.869300 0.480800 0.114700
vn -0.869300 -0.480800 -0.114700
vn 0.546400 0.833400 -0.083400
vn -0.427300 0.849100 -0.310500
vn -0.068200 -0.971400 0.227600
vn 0.540400 0.839900 -0.050600
vn -0.449500 0.873200 -0.188500
vn 0.537400 0.843100 -0.017000
vn 0.043900 0.998000 -0.046300
vn -0.887000 -0.461400 -0.016900
vn -1.000000 0.000000 0.000000
vn 0.000000 -1.000000 0.000000
vn 1.000000 -0.000000 0.000000
vn 0.000000 1.000000 0.000000
vn 0.000000 0.754000 0.656800
vn -0.857800 0.443000 0.260500
vn 0.000000 0.892400 0.451300
vn 0.888200 0.396100 0.232900
vn -0.993900 0.055900 -0.095100
vn 0.000000 -0.670000 -0.742400
vn 0.000000 0.670000 -0.742400
vn 0.000000 0.905900 -0.423500
vn 0.000000 -0.835700 -0.549200
vn -0.480300 -0.874800 -0.063200
vn 0.021500 -0.998700 -0.046300
vn 0.518400 -0.855000 -0.016900
vn 0.876400 -0.481200 0.017000
vn 0.998700 0.021500 0.046300
vn 0.853400 0.517500 0.063200
vn 0.480300 0.874800 0.063200
vn -0.021500 0.998700 0.046300
vn -0.518400 0.855000 0.017000
vn -0.876400 0.481200 -0.016900
vn -0.998700 -0.021500 -0.046300
vn -0.853400 -0.517400 -0.063200
vn -0.468900 -0.862900 -0.188500
vn 0.029800 -0.990000 -0.138100
vn 0.521500 -0.851800 -0.050600
vn 0.873400 -0.484400 0.050600
vn 0.990300 0.012700 0.138100
vn 0.842000 0.505600 0.188500
vn 0.468900 0.862900 0.188500
vn -0.029800 0.990000 0.138100
vn -0.521500 0.851800 0.050600
vn -0.873400 0.484400 -0.050600
vn -0.990300 -0.012700 -0.138100
vn -0.842000 -0.505600 -0.188500
vn -0.446300 -0.839300 -0.310500
vn 0.046400 -0.972700 -0.227500
vn 0.527600 -0.845400 -0.083400
vn 0.867300 -0.490700 0.083400
vn 0.973800 -0.004600 0.227500
vn 0.819300 0.481900 0.310500
vn 0.446300 0.839300 0.310500
vn -0.046400 0.972700 0.227500
vn -0.527600 0.845400 0.083400
vn -0.867300 0.490700 -0.083400
vn -0.973800 0.004600 -0.227500
vn -0.819300 -0.481900 -0.310500
vn -0.412800 -0.804400 -0.427300
vn 0.070900 -0.947100 -0.313100
vn 0.536500 -0.836000 -0.114700
vn 0.858300 -0.500100 0.114700
vn 0.949200 -0.030200 0.313100
vn 0.785900 0.447000 0.427300
vn 0.412800 0.804400 0.427300
vn -0.070900 0.947100 0.313100
vn -0.536500 0.836000 0.114700
vn -0.858300 0.500100 -0.114700
vn -0.949300 0.030200 -0.313100
vn -0.785900 -0.447000 -0.427300
vn -0.369100 -0.758700 -0.536700
vn 0.102900 -0.913600 -0.393300
vn 0.548300 -0.823800 -0.144100
vn 0.846600 -0.512400 0.144100
vn 0.917200 -0.063600 0.393300
vn 0.742200 0.401400 0.536700
vn 0.369100 0.758700 0.536700
vn -0.102900 0.913600 0.393300
vn -0.548300 0.823800 0.144100
vn -0.846600 0.512400 -0.144100
vn -0.917200 0.063600 -0.393300
vn -0.742200 -0.401400 -0.536700
vn -0.315900 -0.703200 -0.637000
vn 0.141900 -0.872900 -0.466700
vn 0.562600 -0.808900 -0.171000
vn 0.832300 -0.527300 0.171000
vn 0.878200 -0.104300 0.466700
vn 0.689000 0.345800 0.637000
vn 0.315900 0.703200 0.637000
vn -0.141900 0.872900 0.466700
vn -0.562500 0.808900 0.171000
vn -0.832300 0.527300 -0.171000
vn -0.878200 0.104300 -0.466700
vn -0.689000 -0.345800 -0.637000
vn -0.254100 -0.638700 -0.726300
vn 0.187200 -0.825700 -0.532200
vn 0.579200 -0.791600 -0.195000
vn 0.815700 -0.544600 0.195000
vn 0.832900 -0.151600 0.532200
vn 0.627200 0.281300 0.726300
vn 0.254100 0.638700 0.726300
vn -0.187200 0.825700 0.532200
vn -0.579100 0.791600 0.195000
vn -0.815700 0.544600 -0.195000
vn -0.832900 0.151600 -0.532200
vn -0.627200 -0.281300 -0.726300
vn -0.184700 -0.566300 -0.803300
vn 0.238000 -0.772600 -0.588600
vn 0.597800 -0.772100 -0.215600
vn 0.797100 -0.564000 0.215600
vn 0.782100 -0.204600 0.588600
vn 0.557800 0.208900 0.803300
vn 0.184700 0.566300 0.803300
vn -0.238100 0.772600 0.588600
vn -0.597800 0.772100 0.215600
vn -0.797100 0.564000 -0.215600
vn -0.782100 0.204600 -0.588600
vn -0.557800 -0.208900 -0.803300
vn -0.109100 -0.487200 -0.866400
vn 0.293500 -0.714700 -0.634900
vn 0.618100 -0.750900 -0.232600
vn 0.776800 -0.585300 0.232600
vn 0.726700 -0.262500 0.634900
vn 0.482100 0.129900 0.866400
vn 0.109100 0.487200 0.866400
vn -0.293500 0.714700 0.634900
vn -0.618100 0.750900 0.232600
vn -0.776800 0.585200 -0.232600
vn -0.726700 0.262500 -0.634900
vn -0.482100 -0.129900 -0.866400
vn -0.028300 -0.402900 -0.914800
vn 0.352700 -0.652900 -0.670300
vn 0.639800 -0.728300 -0.245600
vn 0.755100 -0.607900 0.245600
vn 0.667500 -0.324300 0.670300
vn 0.401300 0.045600 0.914800
vn 0.028300 0.402900 0.914800
vn -0.352700 0.652900 0.670300
vn -0.639800 0.728300 0.245600
vn -0.755100 0.607900 -0.245600
vn -0.667500 0.324300 -0.670300
vn -0.401300 -0.045600 -0.914800
vn 0.056200 -0.314800 -0.947500
vn 0.414600 -0.588300 -0.694300
vn 0.662400 -0.704600 -0.254400
vn 0.732400 -0.631500 0.254400
vn 0.605600 -0.388900 0.694300
vn 0.316900 -0.042600 0.947500
vn -0.056200 0.314800 0.947500
vn -0.414600 0.588300 0.694300
vn -0.662400 0.704600 0.254400
vn -0.732400 0.631500 -0.254400
vn -0.605600 0.388900 -0.694200
vn -0.316900 0.042600 -0.947500
vn 0.142800 -0.224300 -0.964000
vn 0.478000 -0.522100 -0.706300
vn 0.685700 -0.680300 -0.258800
vn 0.709200 -0.655800 0.258800
vn 0.542100 -0.455200 0.706300
vn 0.230200 -0.133100 0.964000
vn -0.142800 0.224300 0.964000
vn -0.478100 0.522000 0.706300
vn -0.685700 0.680300 0.258800
vn -0.709200 0.655800 -0.258800
vn -0.542100 0.455200 -0.706400
vn -0.230200 0.133100 -0.964000
vn 0.230200 -0.133100 -0.964000
vn 0.542100 -0.455200 -0.706300
vn 0.709200 -0.655800 -0.258800
vn 0.685700 -0.680300 0.258800
vn 0.478100 -0.522100 0.706300
vn 0.142800 -0.224300 0.964000
vn -0.230200 0.133000 0.964000
vn -0.542100 0.455200 0.706300
vn -0.709200 0.655800 0.258800
vn -0.685700 0.680300 -0.258800
vn -0.478000 0.522100 -0.706300
vn -0.142800 0.224300 -0.964000
vn 0.316900 -0.042600 -0.947500
vn 0.605600 -0.388900 -0.694200
vn 0.732400 -0.631500 -0.254400
vn 0.662400 -0.704600 0.254300
vn 0.414500 -0.588300 0.694300
vn 0.056200 -0.314800 0.947500
vn -0.316900 0.042600 0.947500
vn -0.605600 0.388900 0.694300
vn -0.732400 0.631500 0.254400
vn -0.662400 0.704600 -0.254400
vn -0.414600 0.588300 -0.694300
vn -0.056200 0.314800 -0.947500
vn 0.401300 0.045600 -0.914800
vn 0.667500 -0.324300 -0.670300
vn 0.755100 -0.607900 -0.245600
vn 0.639800 -0.728300 0.245600
vn 0.352700 -0.652900 0.670300
vn -0.028300 -0.402900 0.914800
vn -0.401300 -0.045600 0.914800
vn -0.667500 0.324300 0.670300
vn -0.755100 0.607900 0.245600
vn -0.639800 0.728300 -0.245600
vn -0.352700 0.652900 -0.670300
vn 0.028300 0.402900 -0.914800
vn 0.482100 0.129900 -0.866400
vn 0.726700 -0.262500 -0.634900
vn 0.776800 -0.585200 -0.232600
vn 0.618100 -0.750900 0.232600
vn 0.293500 -0.714700 0.634900
vn -0.109000 -0.487200 0.866400
vn -0.482100 -0.129900 0.866400
vn -0.726600 0.262500 0.634900
vn -0.776800 0.585300 0.232600
vn -0.618100 0.750900 -0.232600
vn -0.293500 0.714700 -0.634900
vn 0.109000 0.487200 -0.866400
vn 0.557800 0.208900 -0.803300
vn 0.782100 -0.204600 -0.588600
vn 0.797100 -0.564000 -0.215600
vn 0.597800 -0.772100 0.215600
vn 0.238000 -0.772600 0.588600
vn -0.184700 -0.566300 0.803300
vn -0.557800 -0.208900 0.803300
vn -0.782100 0.204600 0.588600
vn -0.797100 0.564000 0.215600
vn -0.597800 0.772100 -0.215600
vn -0.238000 0.772600 -0.588600
vn 0.184700 0.566300 -0.803300
vn 0.627200 0.281300 -0.726300
vn 0.832900 -0.151600 -0.532200
vn 0.815700 -0.544600 -0.195000
vn 0.579200 -0.791600 0.195000
vn 0.187200 -0.825700 0.532200
vn -0.254100 -0.638700 0.726300
vn -0.627200 -0.281300 0.726300
vn -0.832900 0.151600 0.532200
vn -0.815700 0.544600 0.195000
vn -0.579100 0.791600 -0.195000
vn -0.187200 0.825700 -0.532200
vn 0.254100 0.638700 -0.726300
vn 0.689000 0.345800 -0.637000
vn 0.878200 -0.104300 -0.466700
vn 0.832300 -0.527300 -0.171000
vn 0.562500 -0.808900 0.171000
vn 0.141900 -0.872900 0.466700
vn -0.315900 -0.703200 0.637000
vn -0.689000 -0.345800 0.637000
vn -0.878200 0.104300 0.466700
vn -0.832300 0.527300 0.171000
vn -0.562600 0.808900 -0.171000
vn -0.141900 0.872900 -0.466700
vn 0.315900 0.703200 -0.637000
vn 0.742200 0.401400 -0.536700
vn 0.917200 -0.063600 -0.393300
vn 0.846600 -0.512400 -0.144100
vn 0.548300 -0.823800 0.144100
vn 0.102900 -0.913600 0.393300
vn -0.369100 -0.758700 0.536700
vn -0.742200 -0.401400 0.536700
vn -0.917200 0.063600 0.393300
vn -0.846600 0.512400 0.144100
vn -0.548300 0.823800 -0.144100
vn -0.102900 0.913600 -0.393300
vn 0.369100 0.758700 -0.536700
vn 0.785900 0.447000 -0.427300
vn 0.949300 -0.030200 -0.313100
vn 0.858300 -0.500100 -0.114700
vn 0.536500 -0.836000 0.114700
vn 0.070900 -0.947100 0.313100
vn -0.412800 -0.804400 0.427300
vn -0.785900 -0.447000 0.427300
vn -0.949200 0.030200 0.313100
vn -0.858300 0.500100 0.114700
vn -0.536500 0.836000 -0.114700
vn -0.070900 0.947100 -0.313100
vn 0.412800 0.804400 -0.427300
vn 0.819300 0.481900 -0.310500
vn 0.973800 -0.004600 -0.227500
vn 0.867300 -0.490700 -0.083400
vn 0.527600 -0.845400 0.083400
vn 0.046400 -0.972700 0.227500
vn -0.446300 -0.839300 0.310500
vn -0.819300 -0.481900 0.310500
vn -0.973800 0.004600 0.227500
vn -0.867300 0.490700 0.083400
vn -0.527500 0.845400 -0.083400
vn -0.046400 0.972700 -0.227500
vn 0.446300 0.839300 -0.310500
vn 0.842000 0.505600 -0.188500
vn 0.990300 0.012700 -0.138100
vn 0.873400 -0.484400 -0.050600
vn 0.521500 -0.851800 0.050600
vn 0.029800 -0.990000 0.138100
vn -0.468900 -0.862900 0.188500
vn -0.842000 -0.505600 0.188500
vn -0.990300 -0.012700 0.138100
vn -0.873400 0.484400 0.050600
vn -0.521500 0.851800 -0.050600
vn -0.029800 0.990000 -0.138100
vn 0.468900 0.862900 -0.188500
vn 0.853400 0.517500 -0.063200
vn 0.998700 0.021500 -0.046300
vn 0.876400 -0.481200 -0.016900
vn 0.518400 -0.855000 0.017000
vn 0.021500 -0.998700 0.046300
vn -0.480300 -0.874800 0.063200
vn -0.853400 -0.517500 0.063200
vn -0.998700 -0.021500 0.046300
vn -0.876400 0.481200 0.017000
vn -0.518400 0.855000 -0.017000
vn -0.021500 0.998700 -0.046300
vn 0.480300 0.874800 -0.063200
vn 0.876400 -0.481200 0.016900
vn 0.518400 -0.855000 -0.017000
vn -0.853400 -0.517500 -0.063200
vn -0.876400 0.481200 -0.017000
vn 0.949300 -0.030200 0.313100
vn -0.949200 0.030200 -0.313100
vn 0.103000 -0.913600 -0.393300
vn 0.562500 -0.808900 -0.171000
vn -0.562600 0.808900 0.171000
vn -0.579200 0.791600 0.195000
vn -0.238000 0.772600 0.588600
vn 0.776800 -0.585200 0.232600
vn -0.109000 -0.487200 -0.866400
vn -0.726600 0.262500 -0.634900
vn -0.776800 0.585300 -0.232600
vn 0.109000 0.487200 0.866400
vn 0.732400 -0.631500 0.254300
vn 0.662400 -0.704600 -0.254300
vn 0.414500 -0.588300 -0.694300
vn -0.605600 0.388900 -0.694300
vn -0.732400 0.631600 -0.254400
vn 0.478100 -0.522000 -0.706300
vn -0.230200 0.133000 -0.964000
vn -0.542100 0.455200 -0.706300
vn -0.478000 0.522100 0.706300
vn 0.478000 -0.522000 0.706400
vn 0.230200 -0.133000 -0.964000
vn -0.478100 0.522000 -0.706300
vn -0.542100 0.455200 0.706400
vn -0.230200 0.133100 0.964000
vn 0.056100 -0.314800 0.947500
vn 0.662400 -0.704600 0.254400
vn 0.605600 -0.388900 -0.694300
vn -0.414500 0.588300 -0.694300
vn -0.732400 0.631600 0.254300
vn -0.109100 -0.487200 0.866400
vn 0.776800 -0.585300 -0.232600
vn 0.726600 -0.262500 -0.634900
vn 0.109100 0.487200 -0.866400
vn -0.776800 0.585200 0.232600
vn -0.726700 0.262500 0.634900
vn -0.579200 0.791600 -0.195000
vn 0.562600 -0.808900 0.171000
vn -0.562500 0.808900 -0.171000
vn 0.949200 -0.030200 -0.313100
vn -0.949300 0.030200 0.313100
vn -0.527600 0.845400 -0.083400
vn -0.842000 -0.505500 0.188500
vn 0.518400 -0.855000 0.016900
vn 0.876400 -0.481200 -0.017000
vn -0.876400 0.481200 0.016900
vn -0.993600 0.000000 0.113000
vn -0.994000 -0.082100 0.071600
vn 0.991800 0.064600 -0.109900
vn 0.000000 -0.892400 -0.451300
vn 0.993400 -0.086400 0.075300
vn 0.992900 0.000000 0.118900
vn 0.000000 -0.754000 0.656800
vn 0.866000 -0.500000 0.000000
vn 0.609500 0.000000 0.792800
vn 0.364900 0.000000 0.931000
vn 0.319400 -0.184400 0.929500
vn 0.524300 -0.302800 0.795900
vn 0.000000 0.369000 0.929400
vn 0.182400 0.316100 0.931000
vn 0.304900 0.527900 0.792700
vn 0.000000 0.605700 0.795700
vn -0.866000 -0.500000 0.000000
vn -0.500000 -0.866000 0.000000
vn -0.304500 -0.527700 0.793000
vn -0.182500 -0.315800 0.931100
vn -0.319400 -0.184400 0.929500
vn -0.524300 -0.302800 0.795900
vn 0.182200 -0.315600 0.931200
vn 0.304400 -0.527200 0.793400
vn 0.866000 0.500000 0.000000
vn -0.500000 0.866000 0.000000
vn -0.305100 0.528400 0.792300
vn -0.182700 0.316400 0.930900
vn -0.364900 0.000000 0.931000
vn -0.609500 0.000000 0.792800
vn -0.277300 -0.960800 0.000000
vn 0.500000 0.866000 0.000000
vn 0.319300 0.184300 0.929600
vn 0.524100 0.302700 0.796000
vn 0.295300 -0.170600 0.940100
vn 0.171700 -0.297200 0.939300
vn 0.074000 -0.128100 0.989000
vn 0.123700 -0.071400 0.989800
vn -0.866000 0.500000 0.000000
vn 0.500000 -0.866000 0.000000
vn 0.277300 -0.960800 0.000000
vn 0.000000 -0.368900 0.929500
vn 0.000000 -0.605600 0.795700
vn -0.319300 0.184300 0.929600
vn -0.524100 0.302700 0.796000
vn 0.000000 -0.142400 0.989800
vn -0.074000 -0.128100 0.989000
vn -0.171200 -0.296800 0.939500
vn -0.295300 -0.170600 0.940100
vn -0.123700 -0.071400 0.989800
vn -0.074200 0.128500 0.988900
vn -0.171900 0.298100 0.938900
vn -0.000000 0.340800 0.940100
vn -0.000000 0.142700 0.989800
vn -0.343400 0.000000 0.939200
vn -0.148000 0.000000 0.989000
vn 0.148400 0.000000 0.988900
vn 0.344300 0.000000 0.938900
vn 0.172000 0.298200 0.938900
vn 0.074200 0.128500 0.988900
vn -0.295000 0.170100 0.940200
vn -0.123500 0.071300 0.989800
vn 0.000000 -0.340200 0.940300
vn 0.295000 0.170200 0.940200
vn 0.123500 0.071300 0.989800
vn 0.027600 0.015900 0.999500
vn 0.016100 0.027900 0.999500
vn -0.999600 0.000000 0.029500
vn -0.865600 -0.499800 0.029700
vn -0.027600 -0.015900 0.999500
vn -0.016100 -0.027900 0.999500
vn 0.000000 0.031800 0.999500
vn 0.027600 -0.015900 0.999500
vn 0.032200 -0.000000 0.999500
vn 0.000000 -0.031900 0.999500
vn -0.016100 0.027900 0.999500
vn -0.027600 0.015900 0.999500
vn 0.016100 -0.027900 0.999500
vn -0.032200 -0.000000 0.999500
vn -0.865600 0.499800 0.029700
vn -0.865600 0.499800 0.029600
vn 0.499700 0.865700 0.029800
vn -0.000000 0.999500 0.030200
vn 0.499800 0.865600 0.029800
vn 0.865600 0.499800 0.030000
vn 0.499800 -0.865700 0.029500
vn 0.865600 -0.499800 0.030000
vn 0.499800 -0.865600 0.029500
vn 0.277200 -0.960400 0.028700
vn -0.277200 -0.960400 0.028700
vn -0.499800 -0.865700 0.029600
vn -0.499800 -0.865600 0.029600
vn -0.499800 0.865600 0.029900
vn -0.499800 0.865600 0.030000
vn 0.999600 0.000000 0.029900
vn 0.000000 -0.382700 -0.923900
vn 0.000000 -0.707100 -0.707100
vn -0.992200 -0.088100 -0.088000
vn -0.991000 -0.051400 -0.124000
vn -0.992200 0.000000 -0.124600
vn -0.012700 0.000000 0.999900
vn -0.012700 -0.382700 0.923800
vn -0.991000 0.051400 -0.123900
vn -0.012700 0.923800 0.382700
vn -0.012700 0.707000 0.707100
vn -0.991000 -0.124000 -0.051400
vn 0.000000 -0.923900 -0.382700
vn 0.000000 -0.827100 0.562100
vn 0.000000 -0.685200 0.728300
vn -0.868700 0.213300 0.447200
vn -0.030300 -0.832300 0.553600
vn -0.918700 -0.153400 -0.364000
vn -0.012600 0.994400 0.105000
vn -0.012700 0.382700 -0.923800
vn -0.012600 0.628900 -0.777300
vn -0.991000 -0.051400 0.124000
vn 0.000000 -0.382700 0.923900
vn 0.000000 0.382700 0.923900
vn 0.000000 0.707100 0.707100
vn -0.992200 0.088000 0.088200
vn -0.991000 0.051400 0.123900
vn -0.992200 0.000000 0.124600
vn -0.012700 0.000000 -0.999900
vn -0.012700 -0.923800 -0.382700
vn -0.012700 -0.707100 -0.707000
vn -0.991000 0.124000 0.051400
vn 0.000000 0.923900 0.382700
vn 0.000000 0.923900 -0.382700
vn 0.000000 0.707100 -0.707100
vn -0.992200 0.088000 -0.088200
vn -0.991000 0.123900 -0.051400
vn -0.992200 0.124600 -0.000000
vn -0.012700 -0.999900 -0.000000
vn -0.012700 -0.707100 0.707000
vn 0.000000 0.382700 -0.923900
vn -0.012700 0.382700 0.923800
vn 0.000000 -0.999600 -0.029300
vn -0.145300 -0.967500 0.207000
vn -0.008300 -0.980900 0.194400
vn 0.000000 -0.982300 0.187300
vn -0.300200 -0.797900 0.522700
vn -0.012700 -0.382600 -0.923800
vn -0.012700 -0.923800 0.382700
vn 0.000000 -0.923500 -0.383500
vn -0.175100 -0.909300 -0.377600
vn -0.175500 -0.376800 -0.909500
vn 0.000000 -0.382800 -0.923900
vn -0.360000 -0.357200 -0.861900
vn -0.360000 0.357200 -0.861900
vn -0.175500 0.376800 -0.909500
vn 0.000000 -0.382900 0.923800
vn -0.175300 -0.377100 0.909400
vn -0.162000 -0.698200 0.697400
vn 0.000000 -0.707500 0.706700
vn -0.175400 0.377100 0.909400
vn -0.175500 0.910100 0.375400
vn -0.359900 0.862300 0.356300
vn -0.359700 0.357000 0.862100
vn -0.359100 0.861900 -0.358000
vn -0.175100 0.909300 -0.377600
vn -0.359500 -0.357000 0.862200
vn 0.000000 -1.000000 -0.002000
vn -0.162700 -0.986700 -0.002000
vn 0.000000 0.924400 0.381500
vn 0.000000 0.923500 -0.383500
vn -0.336000 -0.941900 -0.001900
vn -0.359000 -0.861900 -0.358100
vn 0.000000 0.382900 0.923800
vn 0.000000 0.382800 -0.923900
vn -0.334900 -0.666700 0.665900
vn 0.992400 -0.086800 -0.086700
vn 0.991200 -0.050700 -0.122300
vn 0.007500 -0.382700 0.923800
vn 0.008800 -0.038500 0.999200
vn 0.983500 0.136700 -0.118200
vn 0.991400 0.050100 -0.120700
vn 0.008800 0.707100 0.707100
vn 0.008900 0.923800 0.382700
vn 0.991200 -0.122200 -0.050700
vn 0.759100 0.316700 0.568800
vn 0.000000 -0.648800 0.760900
vn 0.383100 -0.758200 0.527500
vn 0.008800 0.992100 0.124800
vn 0.759100 -0.178200 -0.626100
vn 0.008800 0.613300 -0.789800
vn 0.008900 0.382700 -0.923800
vn 0.991200 -0.050600 0.122200
vn 0.992400 0.086700 0.086800
vn 0.991200 0.050700 0.122200
vn 0.008800 0.000000 -1.000000
vn 0.992400 0.000000 0.122700
vn 0.008800 -0.707100 -0.707100
vn 0.008900 -0.923800 -0.382700
vn 0.991200 0.122300 0.050600
vn 0.983500 -0.013000 -0.180200
vn 0.991200 0.122200 -0.050700
vn 0.008800 -1.000000 -0.000000
vn 0.992400 0.122800 -0.000000
vn 0.008800 -0.679300 0.733800
vn 0.008900 0.382700 0.923800
vn 0.000000 -0.996900 -0.079300
vn 0.996200 0.057000 -0.066100
vn 0.383100 -0.909200 0.163100
vn 0.000000 -0.982300 0.187400
vn 0.996200 0.087100 0.006500
vn 0.008900 -0.382700 -0.923800
vn 0.008900 -0.923800 0.382700
vn 0.175800 -0.376800 -0.909500
vn 0.175800 -0.909200 -0.377500
vn 0.175800 0.376700 -0.909500
vn 0.360400 0.357200 -0.861700
vn 0.360600 -0.357100 -0.861700
vn 0.162100 -0.698100 0.697400
vn 0.175400 -0.377100 0.909400
vn 0.359900 0.862300 0.356400
vn 0.175500 0.910100 0.375500
vn 0.175100 0.377000 0.909500
vn 0.359200 0.357400 0.862100
vn 0.175100 0.909300 -0.377600
vn 0.359200 0.861900 -0.358000
vn 0.359700 -0.357000 0.862100
vn 0.162800 -0.986700 -0.002000
vn 0.336100 -0.941800 -0.001900
vn 0.360400 -0.861300 -0.358000
vn 0.335000 -0.666600 0.665900
vn 0.100500 0.042200 0.994000
vn 0.077100 0.078100 0.994000
vn 0.065000 0.065000 0.995800
vn 0.084700 0.035100 0.995800
vn 0.035200 0.084800 0.995800
vn 0.041400 0.101000 0.994000
vn -0.090300 -0.477200 0.874100
vn -0.157200 -0.821500 0.548200
vn -0.294800 -0.740000 0.604600
vn -0.172300 -0.364600 0.915100
vn 0.535100 -0.544200 0.646200
vn 0.689300 -0.710100 0.143700
vn 0.367400 -0.926300 0.083300
vn 0.295200 -0.740400 0.603800
vn 0.091700 -0.000000 0.995800
vn 0.000000 0.109100 0.994000
vn -0.041400 0.100900 0.994000
vn -0.035300 0.084900 0.995800
vn 0.000000 0.091800 0.995800
vn -0.905800 -0.386400 0.173800
vn -0.688100 -0.289900 0.665200
vn -0.534400 -0.544900 0.646200
vn -0.688000 -0.711400 0.143300
vn 0.109100 0.000100 0.994000
vn -0.531900 0.540700 0.651800
vn -0.690500 0.707400 0.150900
vn -0.367900 0.926000 0.084900
vn -0.294300 0.732400 0.614000
vn -0.100400 -0.041900 0.994100
vn -0.077100 -0.078000 0.994000
vn -0.065000 -0.065000 0.995800
vn -0.084700 -0.035100 0.995800
vn -0.000000 -0.109100 0.994000
vn 0.041500 -0.100900 0.994000
vn 0.035300 -0.084900 0.995800
vn -0.000000 -0.091800 0.995800
vn 0.531000 0.541200 0.652100
vn 0.689100 0.709000 0.149800
vn 0.907100 0.381900 0.176900
vn 0.686400 0.291000 0.666500
vn -0.076900 0.077800 0.994000
vn -0.065200 0.065100 0.995700
vn -0.109000 0.000200 0.994000
vn -0.091800 0.000000 0.995800
vn -0.737900 0.000700 0.674900
vn -0.982800 -0.003100 0.184600
vn -0.906900 0.382500 0.176700
vn -0.686300 0.291200 0.666500
vn -0.041400 -0.101000 0.994000
vn -0.035200 -0.084900 0.995800
vn 0.076900 -0.077800 0.994000
vn 0.100200 -0.042000 0.994100
vn 0.084700 -0.035200 0.995800
vn 0.065200 -0.065100 0.995700
vn 0.001000 0.823100 0.567900
vn 0.001900 0.999400 0.035600
vn 0.367400 0.926400 0.082400
vn 0.293900 0.731600 0.615100
vn -0.100200 0.042200 0.994100
vn -0.084800 0.035200 0.995800
vn 0.737900 0.000800 0.675000
vn 0.982800 -0.002900 0.184400
vn 0.905600 -0.387200 0.173200
vn 0.687800 -0.290100 0.665400
vn -0.398700 0.917100 0.000000
vn -0.026900 0.999600 0.000000
vn 0.000000 0.815700 0.578500
vn 0.000000 0.280800 0.959800
vn 0.081800 0.238400 0.967700
vn 0.310900 0.740300 0.596100
vn -0.386800 0.921300 0.038700
vn -0.310900 0.740300 0.596100
vn -0.000000 0.999700 0.024800
vn -0.562000 0.558600 0.610000
vn -0.710100 0.701800 0.057300
vn -0.923200 0.378400 0.066500
vn -0.732900 0.301200 0.610100
vn -0.786700 0.000000 0.617400
vn -0.997500 0.000100 0.070100
vn -0.923300 -0.378200 0.067300
vn -0.733400 -0.300900 0.609600
vn -0.565900 -0.558600 0.606400
vn -0.710900 -0.700600 0.060700
vn -0.386900 -0.921000 0.046200
vn -0.317500 -0.747000 0.584100
vn -0.157200 -0.823900 0.544600
vn -0.184800 -0.982200 0.033900
vn 0.386900 -0.921000 0.046200
vn 0.317500 -0.747000 0.584100
vn 0.157200 -0.823900 0.544600
vn 0.184800 -0.982200 0.033900
vn 0.565900 -0.558600 0.606400
vn 0.710900 -0.700600 0.060700
vn 0.923300 -0.378200 0.067300
vn 0.733400 -0.300900 0.609600
vn 0.786700 0.000000 0.617400
vn 0.997500 0.000100 0.070100
vn 0.923600 0.377700 0.065700
vn 0.732900 0.300500 0.610400
vn 0.709500 0.702400 0.056400
vn 0.561500 0.558800 0.610300
vn 0.386800 0.921300 0.038700
vn -0.081800 0.238400 0.967700
vn -0.157100 0.177100 0.971600
vn -0.213400 0.099900 0.971800
vn -0.222800 0.000000 0.974900
vn -0.215600 -0.101900 0.971200
vn -0.168200 -0.193300 0.966600
vn -0.093500 -0.291000 0.952100
vn -0.069800 -0.359300 0.930600
vn 0.093500 -0.291000 0.952100
vn 0.069800 -0.359300 0.930600
vn 0.168200 -0.193200 0.966600
vn 0.215600 -0.101900 0.971200
vn 0.222800 0.000000 0.974900
vn 0.213400 0.099900 0.971800
vn 0.157100 0.177100 0.971600
vn 0.155600 -0.822300 0.547300
vn 0.090300 -0.477200 0.874100
vn 0.172300 -0.364600 0.915100
vn 0.269600 -0.247500 0.930600
vn 0.338300 -0.127100 0.932400
vn 0.348700 -0.000000 0.937300
vn 0.337600 0.127000 0.932700
vn 0.264800 0.244200 0.932900
vn 0.164300 0.350700 0.922000
vn 0.000000 0.451400 0.892300
vn -0.164300 0.350600 0.922000
vn -0.264900 0.244300 0.932800
vn -0.337600 0.127000 0.932700
vn -0.348600 -0.000000 0.937300
vn -0.338400 -0.127100 0.932400
vn -0.269600 -0.247500 0.930600
vn 0.186200 -0.981700 0.039100
vn -0.189200 -0.981200 0.037000
vn -0.366700 -0.926800 0.081300
vn 0.395300 0.144800 0.907100
vn 0.392300 -0.148000 0.907900
vn 0.648500 -0.149900 0.746300
vn 0.671700 0.104800 0.733300
vn -0.391900 -0.146400 0.908300
vn -0.652900 -0.139600 0.744500
vn -0.528500 -0.354600 0.771300
vn -0.127700 -0.414900 0.900900
vn -0.006400 -0.002100 1.000000
vn -0.834500 -0.551100 -0.000000
vn -0.398600 -0.917100 -0.000000
vn -0.834500 -0.551000 -0.000000
vn -0.286800 -0.586300 0.757600
vn -0.024800 -0.733800 0.679000
vn -0.381000 -0.149400 -0.912400
vn 0.121300 0.420400 -0.899200
vn -0.121500 -0.421300 -0.898800
vn 0.024800 0.748300 -0.662900
vn -0.117700 0.420800 -0.899500
vn -0.024800 0.748300 -0.662900
vn -0.125500 0.408900 0.903900
vn -0.024400 0.723500 0.689900
vn -0.282300 0.579700 0.764400
vn -0.395900 0.151400 0.905700
vn -0.006300 0.002100 1.000000
vn -0.662700 0.127200 0.738000
vn -0.534800 0.347000 0.770400
vn 0.123000 0.408600 0.904400
vn 0.024400 0.723500 0.689900
vn -0.983600 -0.180300 -0.000000
vn -0.024800 -0.749700 -0.661300
vn -0.293400 -0.583400 -0.757300
vn 0.119100 -0.421500 -0.899000
vn 0.024800 -0.749700 -0.661300
vn 0.991600 0.129200 0.000000
vn 0.980700 -0.195800 -0.000000
vn 0.387900 0.149200 -0.909500
vn 0.665900 0.100700 -0.739200
vn 0.641900 -0.142800 -0.753400
vn 0.381900 -0.148900 -0.912100
vn 0.026900 -0.999600 -0.000000
vn -0.026900 -0.999600 -0.000000
vn -0.645200 -0.132700 -0.752400
vn -0.526700 -0.353200 -0.773200
vn 0.026900 0.999600 0.000000
vn 0.398700 0.917100 0.000000
vn 0.292900 0.582500 -0.758300
vn 0.544700 0.330000 -0.771000
vn 0.825700 -0.564100 0.000000
vn 0.693400 -0.720500 0.000000
vn 0.127400 -0.415000 0.900800
vn 0.286800 -0.586300 0.757600
vn 0.524100 -0.362700 0.770600
vn -0.658800 0.122500 -0.742200
vn -0.544500 0.345000 -0.764500
vn -0.389600 0.149600 -0.908800
vn -0.290700 0.589400 -0.753700
vn -0.987100 0.160000 0.000000
vn -0.948800 0.315900 0.000000
vn -0.693600 0.720300 0.000000
vn 0.024800 -0.733800 0.679000
vn 0.292000 -0.588100 -0.754200
vn 0.527500 -0.360800 -0.769100
vn 0.006400 -0.002100 1.000000
vn 0.547500 0.330500 0.768800
vn 0.006300 0.002100 1.000000
vn 0.281100 0.584700 0.761000
vn 0.862000 0.507000 0.000000
vn 0.861900 0.507000 0.000000
vn -0.003600 0.021200 0.999800
vn 0.001900 0.006100 1.000000
vn 0.053800 -0.998600 -0.000000
vn 0.053700 -0.998600 -0.000000
vn -0.004400 0.003900 1.000000
vn -0.001200 0.007700 1.000000
vn -0.004400 -0.003900 1.000000
vn -0.001900 -0.006000 1.000000
vn 0.004400 0.003900 1.000000
vn 0.004400 -0.003900 1.000000
vn 0.001900 -0.006000 1.000000
vn -0.010800 -0.000000 0.999900
vn -0.000000 -0.009500 1.000000
vn 0.010800 -0.000000 0.999900
usemtl DefaultMaterial.001
s off
f 1/1/1 2/2/1 3/3/1 4/4/1
f 5/5/2 6/6/2 7/7/2 8/8/2
f 6/6/3 9/9/3 10/10/3 7/7/3
f 11/11/4 1/1/4 4/4/4 12/12/4
f 13/13/5 8/8/5 7/7/5 10/10/5
f 14/14/6 15/15/6 16/16/6 17/17/6
f 18/18/7 19/19/7 20/20/7 21/21/7
f 12/12/8 22/22/8 8/8/8 13/13/8
f 9/9/9 23/23/9 13/13/9 10/10/9
f 24/24/10 5/5/10 8/8/10 22/22/10
f 2/2/11 24/24/11 22/22/11 3/3/11
f 4/4/12 3/3/12 22/22/12 12/12/12
f 21/21/13 20/20/13 15/15/13 14/14/13
f 23/23/14 11/11/14 12/12/14 13/13/14
f 21/21/15 14/14/15 25/25/15 26/26/15
f 16/16/16 15/15/16 27/27/16 28/28/16
f 15/15/17 20/20/17 29/29/17 27/27/17
f 18/18/18 21/21/18 26/26/18 30/30/18
f 14/14/19 17/17/19 31/31/19 25/25/19
f 19/19/20 18/18/20 30/30/20 32/32/20
f 20/20/21 19/19/21 32/32/21 29/29/21
f 17/17/22 16/16/22 28/28/22 31/31/22
f 26/26/23 25/25/23 11/11/23 23/23/23
f 28/28/24 27/27/24 24/24/24 2/2/24
f 27/27/25 29/29/25 5/5/25 24/24/25
f 30/30/26 26/26/26 23/23/26 9/9/26
f 25/25/27 31/31/27 1/1/27 11/11/27
f 32/32/28 30/30/28 9/9/28 6/6/28
f 29/29/29 32/32/29 6/6/29 5/5/29
f 31/31/30 28/28/30 2/2/30 1/1/30
f 33/33/31 34/34/31 35/35/31 36/36/31
f 36/36/32 35/35/32 37/37/32 38/38/32
f 38/38/33 37/37/33 39/39/33 40/40/33
f 40/40/34 39/39/34 41/41/34 42/42/34
f 42/42/35 41/41/35 43/43/35 44/44/35
f 44/44/36 43/43/36 45/45/36 46/46/36
f 46/46/37 45/45/37 47/47/37 48/48/37
f 48/48/38 47/47/38 49/49/38 50/50/38
f 50/50/39 49/49/39 51/51/39 52/52/39
f 52/52/40 51/51/40 53/53/40 54/54/40
f 54/54/41 53/53/41 55/55/41 56/56/41
f 33/33/42 56/56/42 55/55/42 34/34/42
f 34/34/43 57/57/43 58/58/43 35/35/43
f 35/35/44 58/58/44 59/59/44 37/37/44
f 37/37/45 59/59/45 60/60/45 39/39/45
f 39/39/46 60/60/46 61/61/46 41/41/46
f 41/41/47 61/61/47 62/62/47 43/43/47
f 43/43/48 62/62/48 63/63/48 45/45/48
f 45/45/49 63/63/49 64/64/49 47/47/49
f 47/47/50 64/64/50 65/65/50 49/49/50
f 49/49/51 65/65/51 66/66/51 51/51/51
f 51/51/52 66/66/52 67/67/52 53/53/52
f 53/53/53 67/67/53 68/68/53 55/55/53
f 55/55/54 68/68/54 57/57/54 34/34/54
f 57/57/55 69/69/55 70/70/55 58/58/55
f 58/58/56 70/70/56 71/71/56 59/59/56
f 59/59/57 71/71/57 72/72/57 60/60/57
f 60/60/58 72/72/58 73/73/58 61/61/58
f 61/61/59 73/73/59 74/74/59 62/62/59
f 62/62/60 74/74/60 75/75/60 63/63/60
f 63/63/61 75/75/61 76/76/61 64/64/61
f 64/64/62 76/76/62 77/77/62 65/65/62
f 65/65/63 77/77/63 78/78/63 66/66/63
f 66/66/64 78/78/64 79/79/64 67/67/64
f 67/67/65 79/79/65 80/80/65 68/68/65
f 68/68/66 80/80/66 69/69/66 57/57/66
f 69/69/67 81/81/67 82/82/67 70/70/67
f 70/70/68 82/82/68 83/83/68 71/71/68
f 71/71/69 83/83/69 84/84/69 72/72/69
f 72/72/70 84/84/70 85/85/70 73/73/70
f 73/73/71 85/85/71 86/86/71 74/74/71
f 74/74/72 86/86/72 87/87/72 75/75/72
f 75/75/73 87/87/73 88/88/73 76/76/73
f 76/76/74 88/88/74 89/89/74 77/77/74
f 77/77/75 89/89/75 90/90/75 78/78/75
f 78/78/76 90/90/76 91/91/76 79/79/76
f 79/79/77 91/91/77 92/92/77 80/80/77
f 80/80/78 92/92/78 81/81/78 69/69/78
f 81/81/79 93/93/79 94/94/79 82/82/79
f 82/82/80 94/94/80 95/95/80 83/83/80
f 83/83/81 95/95/81 96/96/81 84/84/81
f 84/84/82 96/96/82 97/97/82 85/85/82
f 85/85/83 97/97/83 98/98/83 86/86/83
f 86/86/84 98/98/84 99/99/84 87/87/84
f 87/87/85 99/99/85 100/100/85 88/88/85
f 88/88/86 100/100/86 101/101/86 89/89/86
f 89/89/87 101/101/87 102/102/87 90/90/87
f 90/90/88 102/102/88 103/103/88 91/91/88
f 91/91/89 103/103/89 104/104/89 92/92/89
f 92/92/90 104/104/90 93/93/90 81/81/90
f 93/93/91 105/105/91 106/106/91 94/94/91
f 94/94/92 106/106/92 107/107/92 95/95/92
f 95/95/93 107/107/93 108/108/93 96/96/93
f 96/96/94 108/108/94 109/109/94 97/97/94
f 97/97/95 109/109/95 110/110/95 98/98/95
f 98/98/96 110/110/96 111/111/96 99/99/96
f 99/99/97 111/111/97 112/112/97 100/100/97
f 100/100/98 112/112/98 113/113/98 101/101/98
f 101/101/99 113/113/99 114/114/99 102/102/99
f 102/102/100 114/114/100 115/115/100 103/103/100
f 103/103/101 115/115/101 116/116/101 104/104/101
f 104/104/102 116/116/102 105/105/102 93/93/102
f 105/105/103 117/117/103 118/118/103 106/106/103
f 106/106/104 118/118/104 119/119/104 107/107/104
f 107/107/105 119/119/105 120/120/105 108/108/105
f 108/108/106 120/120/106 121/121/106 109/109/106
f 109/109/107 121/121/107 122/122/107 110/110/107
f 110/110/108 122/122/108 123/123/108 111/111/108
f 111/111/109 123/123/109 124/124/109 112/112/109
f 112/112/110 124/124/110 125/125/110 113/113/110
f 113/113/111 125/125/111 126/126/111 114/114/111
f 114/114/112 126/126/112 127/127/112 115/115/112
f 115/115/113 127/127/113 128/128/113 116/116/113
f 116/116/114 128/128/114 117/117/114 105/105/114
f 117/117/115 129/129/115 130/130/115 118/118/115
f 118/118/116 130/130/116 131/131/116 119/119/116
f 119/119/117 131/131/117 132/132/117 120/120/117
f 120/120/118 132/132/118 133/133/118 121/121/118
f 121/121/119 133/133/119 134/134/119 122/122/119
f 122/122/120 134/134/120 135/135/120 123/123/120
f 123/123/121 135/135/121 136/136/121 124/124/121
f 124/124/122 136/136/122 137/137/122 125/125/122
f 125/125/123 137/137/123 138/138/123 126/126/123
f 126/126/124 138/138/124 139/139/124 127/127/124
f 127/127/125 139/139/125 140/140/125 128/128/125
f 128/128/126 140/140/126 129/129/126 117/117/126
f 129/129/127 141/141/127 142/142/127 130/130/127
f 130/130/128 142/142/128 143/143/128 131/131/128
f 131/131/129 143/143/129 144/144/129 132/132/129
f 132/132/130 144/144/130 145/145/130 133/133/130
f 133/133/131 145/145/131 146/146/131 134/134/131
f 134/134/132 146/146/132 147/147/132 135/135/132
f 135/135/133 147/147/133 148/148/133 136/136/133
f 136/136/134 148/148/134 149/149/134 137/137/134
f 137/137/135 149/149/135 150/150/135 138/138/135
f 138/138/136 150/150/136 151/151/136 139/139/136
f 139/139/137 151/151/137 152/152/137 140/140/137
f 140/140/138 152/152/138 141/141/138 129/129/138
f 141/141/139 153/153/139 154/154/139 142/142/139
f 142/142/140 154/154/140 155/155/140 143/143/140
f 143/143/141 155/155/141 156/156/141 144/144/141
f 144/144/142 156/156/142 157/157/142 145/145/142
f 145/145/143 157/157/143 158/158/143 146/146/143
f 146/146/144 158/158/144 159/159/144 147/147/144
f 147/147/145 159/159/145 160/160/145 148/148/145
f 148/148/146 160/160/146 161/161/146 149/149/146
f 149/149/147 161/161/147 162/162/147 150/150/147
f 150/150/148 162/162/148 163/163/148 151/151/148
f 151/151/149 163/163/149 164/164/149 152/152/149
f 152/152/150 164/164/150 153/153/150 141/141/150
f 153/153/151 165/165/151 166/166/151 154/154/151
f 154/154/152 166/166/152 167/167/152 155/155/152
f 155/155/153 167/167/153 168/168/153 156/156/153
f 156/156/154 168/168/154 169/169/154 157/157/154
f 157/157/155 169/169/155 170/170/155 158/158/155
f 158/158/156 170/170/156 171/171/156 159/159/156
f 159/159/157 171/171/157 172/172/157 160/160/157
f 160/160/158 172/172/158 173/173/158 161/161/158
f 161/161/159 173/173/159 174/174/159 162/162/159
f 162/162/160 174/174/160 175/175/160 163/163/160
f 163/163/161 175/175/161 176/176/161 164/164/161
f 164/164/162 176/176/162 165/165/162 153/153/162
f 165/165/163 177/177/163 178/178/163 166/166/163
f 166/166/164 178/178/164 179/179/164 167/167/164
f 167/167/165 179/179/165 180/180/165 168/168/165
f 168/168/166 180/180/166 181/181/166 169/169/166
f 169/169/167 181/181/167 182/182/167 170/170/167
f 170/170/168 182/182/168 183/183/168 171/171/168
f 171/171/169 183/183/169 184/184/169 172/172/169
f 172/172/170 184/184/170 185/185/170 173/173/170
f 173/173/171 185/185/171 186/186/171 174/174/171
f 174/174/172 186/186/172 187/187/172 175/175/172
f 175/175/173 187/187/173 188/188/173 176/176/173
f 176/176/174 188/188/174 177/177/174 165/165/174
f 177/177/175 189/189/175 190/190/175 178/178/175
f 178/178/176 190/190/176 191/191/176 179/179/176
f 179/179/177 191/191/177 192/192/177 180/180/177
f 180/180/178 192/192/178 193/193/178 181/181/178
f 181/181/179 193/193/179 194/194/179 182/182/179
f 182/182/180 194/194/180 195/195/180 183/183/180
f 183/183/181 195/195/181 196/196/181 184/184/181
f 184/184/182 196/196/182 197/197/182 185/185/182
f 185/185/183 197/197/183 198/198/183 186/186/183
f 186/186/184 198/198/184 199/199/184 187/187/184
f 187/187/185 199/199/185 200/200/185 188/188/185
f 188/188/186 200/200/186 189/189/186 177/177/186
f 189/189/187 201/201/187 202/202/187 190/190/187
f 190/190/188 202/202/188 203/203/188 191/191/188
f 191/191/189 203/203/189 204/204/189 192/192/189
f 192/192/190 204/204/190 205/205/190 193/193/190
f 193/193/191 205/205/191 206/206/191 194/194/191
f 194/194/192 206/206/192 207/207/192 195/195/192
f 195/195/193 207/207/193 208/208/193 196/196/193
f 196/196/194 208/208/194 209/209/194 197/197/194
f 197/197/195 209/209/195 210/210/195 198/198/195
f 198/198/196 210/210/196 211/211/196 199/199/196
f 199/199/197 211/211/197 212/212/197 200/200/197
f 200/200/198 212/212/198 201/201/198 189/189/198
f 201/201/199 213/213/199 214/214/199 202/202/199
f 202/202/200 214/214/200 215/215/200 203/203/200
f 203/203/201 215/215/201 216/216/201 204/204/201
f 204/204/202 216/216/202 217/217/202 205/205/202
f 205/205/203 217/217/203 218/218/203 206/206/203
f 206/206/204 218/218/204 219/219/204 207/207/204
f 207/207/205 219/219/205 220/220/205 208/208/205
f 208/208/206 220/220/206 221/221/206 209/209/206
f 209/209/207 221/221/207 222/222/207 210/210/207
f 210/210/208 222/222/208 223/223/208 211/211/208
f 211/211/209 223/223/209 224/224/209 212/212/209
f 212/212/210 224/224/210 213/213/210 201/201/210
f 213/213/211 225/225/211 226/226/211 214/214/211
f 214/214/212 226/226/212 227/227/212 215/215/212
f 215/215/213 227/227/213 228/228/213 216/216/213
f 216/216/214 228/228/214 229/229/214 217/217/214
f 217/217/215 229/229/215 230/230/215 218/218/215
f 218/218/216 230/230/216 231/231/216 219/219/216
f 219/219/217 231/231/217 232/232/217 220/220/217
f 220/220/218 232/232/218 233/233/218 221/221/218
f 221/221/219 233/233/219 234/234/219 222/222/219
f 222/222/220 234/234/220 235/235/220 223/223/220
f 223/223/221 235/235/221 236/236/221 224/224/221
f 224/224/222 236/236/222 225/225/222 213/213/222
f 225/225/223 237/237/223 238/238/223 226/226/223
f 226/226/224 238/238/224 239/239/224 227/227/224
f 227/227/225 239/239/225 240/240/225 228/228/225
f 228/228/226 240/240/226 241/241/226 229/229/226
f 229/229/227 241/241/227 242/242/227 230/230/227
f 230/230/228 242/242/228 243/243/228 231/231/228
f 231/231/229 243/243/229 244/244/229 232/232/229
f 232/232/230 244/244/230 245/245/230 233/233/230
f 233/233/231 245/245/231 246/246/231 234/234/231
f 234/234/232 246/246/232 247/247/232 235/235/232
f 235/235/233 247/247/233 248/248/233 236/236/233
f 236/236/234 248/248/234 237/237/234 225/225/234
f 237/237/235 249/249/235 250/250/235 238/238/235
f 238/238/236 250/250/236 251/251/236 239/239/236
f 239/239/237 251/251/237 252/252/237 240/240/237
f 240/240/238 252/252/238 253/253/238 241/241/238
f 241/241/239 253/253/239 254/254/239 242/242/239
f 242/242/240 254/254/240 255/255/240 243/243/240
f 243/243/241 255/255/241 256/256/241 244/244/241
f 244/244/242 256/256/242 257/257/242 245/245/242
f 245/245/243 257/257/243 258/258/243 246/246/243
f 246/246/244 258/258/244 259/259/244 247/247/244
f 247/247/245 259/259/245 260/260/245 248/248/245
f 248/248/246 260/260/246 249/249/246 237/237/246
f 249/249/247 261/261/247 262/262/247 250/250/247
f 250/250/248 262/262/248 263/263/248 251/251/248
f 251/251/249 263/263/249 264/264/249 252/252/249
f 252/252/250 264/264/250 265/265/250 253/253/250
f 253/253/251 265/265/251 266/266/251 254/254/251
f 254/254/252 266/266/252 267/267/252 255/255/252
f 255/255/253 267/267/253 268/268/253 256/256/253
f 256/256/254 268/268/254 269/269/254 257/257/254
f 257/257/255 269/269/255 270/270/255 258/258/255
f 258/258/256 270/270/256 271/271/256 259/259/256
f 259/259/257 271/271/257 272/272/257 260/260/257
f 260/260/258 272/272/258 261/261/258 249/249/258
f 261/261/259 273/273/259 274/274/259 262/262/259
f 262/262/260 274/274/260 275/275/260 263/263/260
f 263/263/261 275/275/261 276/276/261 264/264/261
f 264/264/262 276/276/262 277/277/262 265/265/262
f 265/265/263 277/277/263 278/278/263 266/266/263
f 266/266/264 278/278/264 279/279/264 267/267/264
f 267/267/265 279/279/265 280/280/265 268/268/265
f 268/268/266 280/280/266 281/281/266 269/269/266
f 269/269/267 281/281/267 282/282/267 270/270/267
f 270/270/268 282/282/268 283/283/268 271/271/268
f 271/271/269 283/283/269 284/284/269 272/272/269
f 272/272/270 284/284/270 273/273/270 261/261/270
f 273/273/271 285/285/271 286/286/271 274/274/271
f 274/274/272 286/286/272 287/287/272 275/275/272
f 275/275/273 287/287/273 288/288/273 276/276/273
f 276/276/274 288/288/274 289/289/274 277/277/274
f 277/277/275 289/289/275 290/290/275 278/278/275
f 278/278/276 290/290/276 291/291/276 279/279/276
f 279/279/277 291/291/277 292/292/277 280/280/277
f 280/280/278 292/292/278 293/293/278 281/281/278
f 281/281/279 293/293/279 294/294/279 282/282/279
f 282/282/280 294/294/280 295/295/280 283/283/280
f 283/283/281 295/295/281 296/296/281 284/284/281
f 284/284/282 296/296/282 285/285/282 273/273/282
f 285/285/283 297/297/283 298/298/283 286/286/283
f 286/286/284 298/298/284 299/299/284 287/287/284
f 287/287/285 299/299/285 300/300/285 288/288/285
f 288/288/286 300/300/286 301/301/286 289/289/286
f 289/289/287 301/301/287 302/302/287 290/290/287
f 290/290/288 302/302/288 303/303/288 291/291/288
f 291/291/289 303/303/289 304/304/289 292/292/289
f 292/292/290 304/304/290 305/305/290 293/293/290
f 293/293/291 305/305/291 306/306/291 294/294/291
f 294/294/292 306/306/292 307/307/292 295/295/292
f 295/295/293 307/307/293 308/308/293 296/296/293
f 296/296/294 308/308/294 297/297/294 285/285/294
f 297/297/295 309/309/295 310/310/295 298/298/295
f 298/298/296 310/310/296 311/311/296 299/299/296
f 299/299/297 311/311/297 312/312/297 300/300/297
f 300/300/298 312/312/298 313/313/298 301/301/298
f 301/301/299 313/313/299 314/314/299 302/302/299
f 302/302/300 314/314/300 315/315/300 303/303/300
f 303/303/301 315/315/301 316/316/301 304/304/301
f 304/304/302 316/316/302 317/317/302 305/305/302
f 305/305/303 317/317/303 318/318/303 306/306/303
f 306/306/304 318/318/304 319/319/304 307/307/304
f 307/307/305 319/319/305 320/320/305 308/308/305
f 308/308/306 320/320/306 309/309/306 297/297/306
f 309/309/307 321/321/307 322/322/307 310/310/307
f 310/310/308 322/322/308 323/323/308 311/311/308
f 311/311/309 323/323/309 324/324/309 312/312/309
f 312/312/310 324/324/310 325/325/310 313/313/310
f 313/313/311 325/325/311 326/326/311 314/314/311
f 314/314/312 326/326/312 327/327/312 315/315/312
f 315/315/313 327/327/313 328/328/313 316/316/313
f 316/316/314 328/328/314 329/329/314 317/317/314
f 317/317/315 329/329/315 330/330/315 318/318/315
f 318/318/316 330/330/316 331/331/316 319/319/316
f 319/319/317 331/331/317 332/332/317 320/320/317
f 320/320/318 332/332/318 321/321/318 309/309/318
f 321/321/36 333/333/36 334/334/36 322/322/36
f 322/322/319 334/334/319 335/335/319 323/323/319
f 323/323/34 335/335/34 336/336/34 324/324/34
f 324/324/33 336/336/33 337/337/33 325/325/33
f 325/325/32 337/337/32 338/338/32 326/326/32
f 326/326/31 338/338/31 339/339/31 327/327/31
f 327/327/42 339/339/42 340/340/42 328/328/42
f 328/328/41 340/340/41 341/341/41 329/329/41
f 329/329/40 341/341/40 342/342/40 330/330/40
f 330/330/320 342/342/320 343/343/320 331/331/320
f 331/331/38 343/343/38 344/344/38 332/332/38
f 332/332/37 344/344/37 333/333/37 321/321/37
f 333/333/321 345/345/321 346/346/321 334/334/321
f 334/334/47 346/346/47 347/347/47 335/335/47
f 335/335/322 347/347/322 348/348/322 336/336/322
f 336/336/45 348/348/45 349/349/45 337/337/45
f 337/337/44 349/349/44 350/350/44 338/338/44
f 338/338/43 350/350/43 351/351/43 339/339/43
f 339/339/54 351/351/54 352/352/54 340/340/54
f 340/340/53 352/352/53 353/353/53 341/341/53
f 341/341/52 353/353/52 354/354/52 342/342/52
f 342/342/51 354/354/51 355/355/51 343/343/51
f 343/343/50 355/355/50 356/356/50 344/344/50
f 344/344/49 356/356/49 345/345/49 333/333/49
f 345/345/323 357/357/323 358/358/323 346/346/323
f 346/346/59 358/358/59 359/359/59 347/347/59
f 347/347/58 359/359/58 360/360/58 348/348/58
f 348/348/57 360/360/57 361/361/57 349/349/57
f 349/349/56 361/361/56 362/362/56 350/350/56
f 350/350/55 362/362/55 363/363/55 351/351/55
f 351/351/66 363/363/66 364/364/66 352/352/66
f 352/352/324 364/364/324 365/365/324 353/353/324
f 353/353/64 365/365/64 366/366/64 354/354/64
f 354/354/63 366/366/63 367/367/63 355/355/63
f 355/355/62 367/367/62 368/368/62 356/356/62
f 356/356/61 368/368/61 357/357/61 345/345/61
f 357/357/72 369/369/72 370/370/72 358/358/72
f 358/358/71 370/370/71 371/371/71 359/359/71
f 359/359/70 371/371/70 372/372/70 360/360/70
f 360/360/325 372/372/325 373/373/325 361/361/325
f 361/361/68 373/373/68 374/374/68 362/362/68
f 362/362/67 374/374/67 375/375/67 363/363/67
f 363/363/78 375/375/78 376/376/78 364/364/78
f 364/364/77 376/376/77 377/377/77 365/365/77
f 365/365/76 377/377/76 378/378/76 366/366/76
f 366/366/326 378/378/326 379/379/326 367/367/326
f 367/367/74 379/379/74 380/380/74 368/368/74
f 368/368/73 380/380/73 369/369/73 357/357/73
f 369/369/84 381/381/84 382/382/84 370/370/84
f 370/370/83 382/382/83 383/383/83 371/371/83
f 371/371/82 383/383/82 384/384/82 372/372/82
f 372/372/327 384/384/327 385/385/327 373/373/327
f 373/373/80 385/385/80 386/386/80 374/374/80
f 374/374/79 386/386/79 387/387/79 375/375/79
f 375/375/90 387/387/90 388/388/90 376/376/90
f 376/376/89 388/388/89 389/389/89 377/377/89
f 377/377/88 389/389/88 390/390/88 378/378/88
f 378/378/87 390/390/87 391/391/87 379/379/87
f 379/379/86 391/391/86 392/392/86 380/380/86
f 380/380/85 392/392/85 381/381/85 369/369/85
f 381/381/96 393/393/96 394/394/96 382/382/96
f 382/382/95 394/394/95 395/395/95 383/383/95
f 383/383/94 395/395/94 396/396/94 384/384/94
f 384/384/93 396/396/93 397/397/93 385/385/93
f 385/385/328 397/397/328 398/398/328 386/386/328
f 386/386/91 398/398/91 399/399/91 387/387/91
f 387/387/102 399/399/102 400/400/102 388/388/102
f 388/388/101 400/400/101 401/401/101 389/389/101
f 389/389/100 401/401/100 402/402/100 390/390/100
f 390/390/99 402/402/99 403/403/99 391/391/99
f 391/391/329 403/403/329 404/404/329 392/392/329
f 392/392/97 404/404/97 393/393/97 381/381/97
f 393/393/108 405/405/108 406/406/108 394/394/108
f 394/394/107 406/406/107 407/407/107 395/395/107
f 395/395/106 407/407/106 408/408/106 396/396/106
f 396/396/105 408/408/105 409/409/105 397/397/105
f 397/397/104 409/409/104 410/410/104 398/398/104
f 398/398/103 410/410/103 411/411/103 399/399/103
f 399/399/114 411/411/114 412/412/114 400/400/114
f 400/400/113 412/412/113 413/413/113 401/401/113
f 401/401/112 413/413/112 414/414/112 402/402/112
f 402/402/111 414/414/111 415/415/111 403/403/111
f 403/403/110 415/415/110 416/416/110 404/404/110
f 404/404/109 416/416/109 405/405/109 393/393/109
f 405/405/120 417/417/120 418/418/120 406/406/120
f 406/406/119 418/418/119 419/419/119 407/407/119
f 407/407/118 419/419/118 420/420/118 408/408/118
f 408/408/117 420/420/117 421/421/117 409/409/117
f 409/409/116 421/421/116 422/422/116 410/410/116
f 410/410/330 422/422/330 423/423/330 411/411/330
f 411/411/126 423/423/126 424/424/126 412/412/126
f 412/412/125 424/424/125 425/425/125 413/413/125
f 413/413/124 425/425/124 426/426/124 414/414/124
f 414/414/123 426/426/123 427/427/123 415/415/123
f 415/415/122 427/427/122 428/428/122 416/416/122
f 416/416/331 428/428/331 417/417/331 405/405/331
f 417/417/132 429/429/132 430/430/132 418/418/132
f 418/418/332 430/430/332 431/431/332 419/419/332
f 419/419/130 431/431/130 432/432/130 420/420/130
f 420/420/129 432/432/129 433/433/129 421/421/129
f 421/421/128 433/433/128 434/434/128 422/422/128
f 422/422/333 434/434/333 435/435/333 423/423/333
f 423/423/138 435/435/138 436/436/138 424/424/138
f 424/424/137 436/436/137 437/437/137 425/425/137
f 425/425/136 437/437/136 438/438/136 426/426/136
f 426/426/135 438/438/135 439/439/135 427/427/135
f 427/427/134 439/439/134 440/440/134 428/428/134
f 428/428/133 440/440/133 429/429/133 417/417/133
f 429/429/334 441/441/334 442/442/334 430/430/334
f 430/430/143 442/442/143 443/443/143 431/431/143
f 431/431/142 443/443/142 444/444/142 432/432/142
f 432/432/141 444/444/141 445/445/141 433/433/141
f 433/433/140 445/445/140 446/446/140 434/434/140
f 434/434/335 446/446/335 447/447/335 435/435/335
f 435/435/150 447/447/150 448/448/150 436/436/150
f 436/436/336 448/448/336 449/449/336 437/437/336
f 437/437/148 449/449/148 450/450/148 438/438/148
f 438/438/147 450/450/147 451/451/147 439/439/147
f 439/439/146 451/451/146 452/452/146 440/440/146
f 440/440/337 452/452/337 441/441/337 429/429/337
f 441/441/338 453/453/338 454/454/338 442/442/338
f 442/442/155 454/454/155 455/455/155 443/443/155
f 443/443/339 455/455/339 456/456/339 444/444/339
f 444/444/340 456/456/340 457/457/340 445/445/340
f 445/445/152 457/457/152 458/458/152 446/446/152
f 446/446/151 458/458/151 459/459/151 447/447/151
f 447/447/162 459/459/162 460/460/162 448/448/162
f 448/448/161 460/460/161 461/461/161 449/449/161
f 449/449/341 461/461/341 462/462/341 450/450/341
f 450/450/159 462/462/159 463/463/159 451/451/159
f 451/451/158 463/463/158 464/464/158 452/452/158
f 452/452/157 464/464/157 453/453/157 441/441/157
f 453/453/168 465/465/168 466/466/168 454/454/168
f 454/454/167 466/466/167 467/467/167 455/455/167
f 455/455/166 467/467/166 468/468/166 456/456/166
f 456/456/165 468/468/165 469/469/165 457/457/165
f 457/457/164 469/469/164 470/470/164 458/458/164
f 458/458/342 470/470/342 471/471/342 459/459/342
f 459/459/174 471/471/174 472/472/174 460/460/174
f 460/460/173 472/472/173 473/473/173 461/461/173
f 461/461/172 473/473/172 474/474/172 462/462/172
f 462/462/171 474/474/171 475/475/171 463/463/171
f 463/463/170 475/475/170 476/476/170 464/464/170
f 464/464/343 476/476/343 465/465/343 453/453/343
f 465/465/344 477/477/344 478/478/344 466/466/344
f 466/466/179 478/478/179 479/479/179 467/467/179
f 467/467/178 479/479/178 480/480/178 468/468/178
f 468/468/177 480/480/177 481/481/177 469/469/177
f 469/469/176 481/481/176 482/482/176 470/470/176
f 470/470/175 482/482/175 483/483/175 471/471/175
f 471/471/345 483/483/345 484/484/345 472/472/345
f 472/472/185 484/484/185 485/485/185 473/473/185
f 473/473/184 485/485/184 486/486/184 474/474/184
f 474/474/183 486/486/183 487/487/183 475/475/183
f 475/475/182 487/487/182 488/488/182 476/476/182
f 476/476/181 488/488/181 477/477/181 465/465/181
f 477/477/192 489/489/192 490/490/192 478/478/192
f 478/478/191 490/490/191 491/491/191 479/479/191
f 479/479/346 491/491/346 492/492/346 480/480/346
f 480/480/347 492/492/347 493/493/347 481/481/347
f 481/481/188 493/493/188 494/494/188 482/482/188
f 482/482/348 494/494/348 495/495/348 483/483/348
f 483/483/198 495/495/198 496/496/198 484/484/198
f 484/484/197 496/496/197 497/497/197 485/485/197
f 485/485/349 497/497/349 498/498/349 486/486/349
f 486/486/195 498/498/195 499/499/195 487/487/195
f 487/487/194 499/499/194 500/500/194 488/488/194
f 488/488/193 500/500/193 489/489/193 477/477/193
f 489/489/350 501/501/350 502/502/350 490/490/350
f 490/490/203 502/502/203 503/503/203 491/491/203
f 491/491/202 503/503/202 504/504/202 492/492/202
f 492/492/201 504/504/201 505/505/201 493/493/201
f 493/493/200 505/505/200 506/506/200 494/494/200
f 494/494/351 506/506/351 507/507/351 495/495/351
f 495/495/352 507/507/352 508/508/352 496/496/352
f 496/496/209 508/508/209 509/509/209 497/497/209
f 497/497/208 509/509/208 510/510/208 498/498/208
f 498/498/207 510/510/207 511/511/207 499/499/207
f 499/499/353 511/511/353 512/512/353 500/500/353
f 500/500/205 512/512/205 501/501/205 489/489/205
f 501/501/354 513/513/354 514/514/354 502/502/354
f 502/502/215 514/514/215 515/515/215 503/503/215
f 503/503/214 515/515/214 516/516/214 504/504/214
f 504/504/213 516/516/213 517/517/213 505/505/213
f 505/505/355 517/517/355 518/518/355 506/506/355
f 506/506/211 518/518/211 519/519/211 507/507/211
f 507/507/222 519/519/222 520/520/222 508/508/222
f 508/508/221 520/520/221 521/521/221 509/509/221
f 509/509/220 521/521/220 522/522/220 510/510/220
f 510/510/219 522/522/219 523/523/219 511/511/219
f 511/511/218 523/523/218 524/524/218 512/512/218
f 512/512/217 524/524/217 513/513/217 501/501/217
f 513/513/356 525/525/356 526/526/356 514/514/356
f 514/514/227 526/526/227 527/527/227 515/515/227
f 515/515/226 527/527/226 528/528/226 516/516/226
f 516/516/225 528/528/225 529/529/225 517/517/225
f 517/517/224 529/529/224 530/530/224 518/518/224
f 518/518/357 530/530/357 531/531/357 519/519/357
f 519/519/358 531/531/358 532/532/358 520/520/358
f 520/520/233 532/532/233 533/533/233 521/521/233
f 521/521/232 533/533/232 534/534/232 522/522/232
f 522/522/231 534/534/231 535/535/231 523/523/231
f 523/523/230 535/535/230 536/536/230 524/524/230
f 524/524/229 536/536/229 525/525/229 513/513/229
f 525/525/240 537/537/240 538/538/240 526/526/240
f 526/526/239 538/538/239 539/539/239 527/527/239
f 527/527/238 539/539/238 540/540/238 528/528/238
f 528/528/237 540/540/237 541/541/237 529/529/237
f 529/529/236 541/541/236 542/542/236 530/530/236
f 530/530/235 542/542/235 543/543/235 531/531/235
f 531/531/246 543/543/246 544/544/246 532/532/246
f 532/532/245 544/544/245 545/545/245 533/533/245
f 533/533/244 545/545/244 546/546/244 534/534/244
f 534/534/243 546/546/243 547/547/243 535/535/243
f 535/535/242 547/547/242 548/548/242 536/536/242
f 536/536/241 548/548/241 537/537/241 525/525/241
f 537/537/252 549/549/252 550/550/252 538/538/252
f 538/538/359 550/550/359 551/551/359 539/539/359
f 539/539/250 551/551/250 552/552/250 540/540/250
f 540/540/249 552/552/249 553/553/249 541/541/249
f 541/541/248 553/553/248 554/554/248 542/542/248
f 542/542/247 554/554/247 555/555/247 543/543/247
f 543/543/258 555/555/258 556/556/258 544/544/258
f 544/544/360 556/556/360 557/557/360 545/545/360
f 545/545/256 557/557/256 558/558/256 546/546/256
f 546/546/255 558/558/255 559/559/255 547/547/255
f 547/547/254 559/559/254 560/560/254 548/548/254
f 548/548/253 560/560/253 549/549/253 537/537/253
f 549/549/264 561/561/264 562/562/264 550/550/264
f 550/550/263 562/562/263 563/563/263 551/551/263
f 551/551/361 563/563/361 564/564/361 552/552/361
f 552/552/261 564/564/261 565/565/261 553/553/261
f 553/553/260 565/565/260 566/566/260 554/554/260
f 554/554/259 566/566/259 567/567/259 555/555/259
f 555/555/270 567/567/270 568/568/270 556/556/270
f 556/556/269 568/568/269 569/569/269 557/557/269
f 557/557/268 569/569/268 570/570/268 558/558/268
f 558/558/267 570/570/267 571/571/267 559/559/267
f 559/559/266 571/571/266 572/572/266 560/560/266
f 560/560/265 572/572/265 561/561/265 549/549/265
f 561/561/276 573/573/276 574/574/276 562/562/276
f 562/562/275 574/574/275 575/575/275 563/563/275
f 563/563/362 575/575/362 576/576/362 564/564/362
f 564/564/273 576/576/273 577/577/273 565/565/273
f 565/565/272 577/577/272 578/578/272 566/566/272
f 566/566/271 578/578/271 579/579/271 567/567/271
f 567/567/282 579/579/282 580/580/282 568/568/282
f 568/568/281 580/580/281 581/581/281 569/569/281
f 569/569/363 581/581/363 582/582/363 570/570/363
f 570/570/279 582/582/279 583/583/279 571/571/279
f 571/571/278 583/583/278 584/584/278 572/572/278
f 572/572/277 584/584/277 573/573/277 561/561/277
f 573/573/288 585/585/288 586/586/288 574/574/288
f 574/574/287 586/586/287 587/587/287 575/575/287
f 575/575/286 587/587/286 588/588/286 576/576/286
f 576/576/364 588/588/364 589/589/364 577/577/364
f 577/577/284 589/589/284 590/590/284 578/578/284
f 578/578/365 590/590/365 591/591/365 579/579/365
f 579/579/294 591/591/294 592/592/294 580/580/294
f 580/580/293 592/592/293 593/593/293 581/581/293
f 581/581/292 593/593/292 594/594/292 582/582/292
f 582/582/291 594/594/291 595/595/291 583/583/291
f 583/583/366 595/595/366 596/596/366 584/584/366
f 584/584/289 596/596/289 585/585/289 573/573/289
f 585/585/300 597/597/300 598/598/300 586/586/300
f 586/586/299 598/598/299 599/599/299 587/587/299
f 587/587/298 599/599/298 600/600/298 588/588/298
f 588/588/367 600/600/367 601/601/367 589/589/367
f 589/589/296 601/601/296 602/602/296 590/590/296
f 590/590/368 602/602/368 603/603/368 591/591/368
f 591/591/306 603/603/306 604/604/306 592/592/306
f 592/592/305 604/604/305 605/605/305 593/593/305
f 593/593/304 605/605/304 606/606/304 594/594/304
f 594/594/303 606/606/303 607/607/303 595/595/303
f 595/595/302 607/607/302 608/608/302 596/596/302
f 596/596/301 608/608/301 597/597/301 585/585/301
f 597/597/312 33/33/312 36/36/312 598/598/312
f 598/598/311 36/36/311 38/38/311 599/599/311
f 599/599/310 38/38/310 40/40/310 600/600/310
f 600/600/369 40/40/369 42/42/369 601/601/369
f 601/601/370 42/42/370 44/44/370 602/602/370
f 602/602/307 44/44/307 46/46/307 603/603/307
f 603/603/318 46/46/318 48/48/318 604/604/318
f 604/604/317 48/48/317 50/50/317 605/605/317
f 605/605/371 50/50/371 52/52/371 606/606/371
f 606/606/315 52/52/315 54/54/315 607/607/315
f 607/607/314 54/54/314 56/56/314 608/608/314
f 608/608/313 56/56/313 33/33/313 597/597/313
f 609/609/372 610/610/372 611/611/372 612/612/372
f 610/610/373 613/613/373 614/614/373 611/611/373
f 613/613/374 615/615/374 616/616/374 614/614/374
f 615/615/375 609/609/375 612/612/375 616/616/375
f 612/612/23 611/611/23 614/614/23 616/616/23
f 615/615/25 613/613/25 610/610/25 609/609/25
f 617/617/372 618/618/372 619/619/372 620/620/372
f 618/618/373 621/621/373 622/622/373 619/619/373
f 621/621/374 623/623/374 624/624/374 622/622/374
f 623/623/375 617/617/375 620/620/375 624/624/375
f 620/620/23 619/619/23 622/622/23 624/624/23
f 623/623/25 621/621/25 618/618/25 617/617/25
f 625/625/372 626/626/372 627/627/372 628/628/372
f 626/626/373 629/629/373 630/630/373 627/627/373
f 629/629/374 631/631/374 632/632/374 630/630/374
f 631/631/375 625/625/375 628/628/375 632/632/375
f 628/628/23 627/627/23 630/630/23 632/632/23
f 631/631/25 629/629/25 626/626/25 625/625/25
f 633/633/372 634/634/372 635/635/372 636/636/372
f 634/634/373 637/637/373 638/638/373 635/635/373
f 637/637/374 639/639/374 640/640/374 638/638/374
f 639/639/375 633/633/375 636/636/375 640/640/375
f 636/636/23 635/635/23 638/638/23 640/640/23
f 639/639/25 637/637/25 634/634/25 633/633/25
f 641/641/376 642/642/376 643/643/376 644/644/376
f 645/645/373 646/646/373 647/647/373 648/648/373
f 649/649/377 650/650/377 651/651/377 652/652/377
f 653/653/374 654/654/374 655/655/374 656/656/374
f 650/650/372 657/657/372 647/647/372 646/646/372
f 658/658/378 659/659/378 660/660/378 661/661/378
f 662/662/379 663/663/379 664/664/379 665/665/379
f 653/653/374 662/662/374 659/659/374 654/654/374
f 659/659/380 662/662/380 665/665/380 660/660/380
f 666/666/375 667/667/375 642/642/375 641/641/375
f 668/668/25 656/656/25 655/655/25 669/669/25
f 670/670/372 667/667/372 671/671/372 672/672/372
f 648/648/381 647/647/381 673/673/381 674/674/381
f 675/675/382 676/676/382 677/677/382 678/678/382
f 647/647/372 657/657/372 679/679/372 673/673/372
f 680/680/383 681/681/383 656/656/383 668/668/383
f 682/682/374 683/683/374 662/662/374 653/653/374
f 684/684/372 685/685/372 650/650/372 649/649/372
f 686/686/23 684/684/23 649/649/23 687/687/23
f 685/685/372 688/688/372 657/657/372 650/650/372
f 682/682/374 653/653/374 656/656/374 681/681/374
f 683/683/374 689/689/374 663/663/374 662/662/374
f 690/690/374 691/691/374 692/692/374 693/693/374
f 676/676/374 694/694/374 695/695/374 677/677/374
f 642/642/372 667/667/372 670/670/372 696/696/372
f 644/644/23 643/643/23 697/697/23 698/698/23
f 643/643/372 642/642/372 696/696/372 697/697/372
f 676/676/374 690/690/374 693/693/374 694/694/374
f 678/678/25 677/677/25 695/695/25 699/699/25
f 700/700/372 670/670/372 672/672/372 701/701/372
f 688/688/372 700/700/372 701/701/372 702/702/372
f 693/693/374 692/692/374 703/703/374 704/704/374
f 694/694/374 705/705/374 706/706/374 695/695/374
f 696/696/372 670/670/372 700/700/372 707/707/372
f 698/698/23 697/697/23 708/708/23 709/709/23
f 697/697/372 696/696/372 707/707/372 708/708/372
f 694/694/374 693/693/374 704/704/374 705/705/374
f 699/699/384 695/695/384 706/706/384 710/710/384
f 657/657/372 688/688/372 702/702/372 679/679/372
f 704/704/374 703/703/374 689/689/374 683/683/374
f 705/705/374 682/682/374 681/681/374 706/706/374
f 707/707/372 700/700/372 688/688/372 685/685/372
f 709/709/23 708/708/23 684/684/23 686/686/23
f 708/708/372 707/707/372 685/685/372 684/684/372
f 705/705/374 704/704/374 683/683/374 682/682/374
f 710/710/25 706/706/25 681/681/25 680/680/25
f 711/711/385 712/712/385 713/713/385 714/714/385
f 714/714/386 713/713/386 715/715/386 716/716/386
f 716/716/387 715/715/387 717/717/387 718/718/387
f 718/718/388 717/717/388 719/719/388 720/720/388
f 720/720/389 719/719/389 721/721/389 722/722/389
f 722/722/390 721/721/390 723/723/390 724/724/390
f 724/724/391 723/723/391 725/725/391 726/726/391
f 726/726/392 725/725/392 727/727/392 728/728/392
f 728/728/393 727/727/393 729/729/393 730/730/393
f 730/730/394 729/729/394 731/731/394 732/732/394
f 732/732/395 731/731/395 733/733/395 734/734/395
f 711/711/396 734/734/396 733/733/396 712/712/396
f 712/712/397 735/735/397 736/736/397 713/713/397
f 713/713/398 736/736/398 737/737/398 715/715/398
f 715/715/399 737/737/399 738/738/399 717/717/399
f 717/717/400 738/738/400 739/739/400 719/719/400
f 719/719/401 739/739/401 740/740/401 721/721/401
f 721/721/402 740/740/402 741/741/402 723/723/402
f 723/723/403 741/741/403 742/742/403 725/725/403
f 725/725/404 742/742/404 743/743/404 727/727/404
f 727/727/405 743/743/405 744/744/405 729/729/405
f 729/729/406 744/744/406 745/745/406 731/731/406
f 731/731/407 745/745/407 746/746/407 733/733/407
f 733/733/408 746/746/408 735/735/408 712/712/408
f 735/735/409 747/747/409 748/748/409 736/736/409
f 736/736/410 748/748/410 749/749/410 737/737/410
f 737/737/411 749/749/411 750/750/411 738/738/411
f 738/738/412 750/750/412 751/751/412 739/739/412
f 739/739/413 751/751/413 752/752/413 740/740/413
f 740/740/414 752/752/414 753/753/414 741/741/414
f 741/741/415 753/753/415 754/754/415 742/742/415
f 742/742/416 754/754/416 755/755/416 743/743/416
f 743/743/417 755/755/417 756/756/417 744/744/417
f 744/744/418 756/756/418 757/757/418 745/745/418
f 745/745/419 757/757/419 758/758/419 746/746/419
f 746/746/420 758/758/420 747/747/420 735/735/420
f 747/747/421 759/759/421 760/760/421 748/748/421
f 748/748/422 760/760/422 761/761/422 749/749/422
f 749/749/423 761/761/423 762/762/423 750/750/423
f 750/750/424 762/762/424 763/763/424 751/751/424
f 751/751/425 763/763/425 764/764/425 752/752/425
f 752/752/426 764/764/426 765/765/426 753/753/426
f 753/753/427 765/765/427 766/766/427 754/754/427
f 754/754/428 766/766/428 767/767/428 755/755/428
f 755/755/429 767/767/429 768/768/429 756/756/429
f 756/756/430 768/768/430 769/769/430 757/757/430
f 757/757/431 769/769/431 770/770/431 758/758/431
f 758/758/432 770/770/432 759/759/432 747/747/432
f 759/759/433 771/771/433 772/772/433 760/760/433
f 760/760/434 772/772/434 773/773/434 761/761/434
f 761/761/435 773/773/435 774/774/435 762/762/435
f 762/762/436 774/774/436 775/775/436 763/763/436
f 763/763/437 775/775/437 776/776/437 764/764/437
f 764/764/438 776/776/438 777/777/438 765/765/438
f 765/765/439 777/777/439 778/778/439 766/766/439
f 766/766/440 778/778/440 779/779/440 767/767/440
f 767/767/441 779/779/441 780/780/441 768/768/441
f 768/768/442 780/780/442 781/781/442 769/769/442
f 769/769/443 781/781/443 782/782/443 770/770/443
f 770/770/444 782/782/444 771/771/444 759/759/444
f 771/771/445 783/783/445 784/784/445 772/772/445
f 772/772/446 784/784/446 785/785/446 773/773/446
f 773/773/447 785/785/447 786/786/447 774/774/447
f 774/774/448 786/786/448 787/787/448 775/775/448
f 775/775/449 787/787/449 788/788/449 776/776/449
f 776/776/450 788/788/450 789/789/450 777/777/450
f 777/777/451 789/789/451 790/790/451 778/778/451
f 778/778/452 790/790/452 791/791/452 779/779/452
f 779/779/453 791/791/453 792/792/453 780/780/453
f 780/780/454 792/792/454 793/793/454 781/781/454
f 781/781/455 793/793/455 794/794/455 782/782/455
f 782/782/456 794/794/456 783/783/456 771/771/456
f 783/783/457 795/795/457 796/796/457 784/784/457
f 784/784/458 796/796/458 797/797/458 785/785/458
f 785/785/459 797/797/459 798/798/459 786/786/459
f 786/786/460 798/798/460 799/799/460 787/787/460
f 787/787/461 799/799/461 800/800/461 788/788/461
f 788/788/462 800/800/462 801/801/462 789/789/462
f 789/789/463 801/801/463 802/802/463 790/790/463
f 790/790/464 802/802/464 803/803/464 791/791/464
f 791/791/465 803/803/465 804/804/465 792/792/465
f 792/792/466 804/804/466 805/805/466 793/793/466
f 793/793/467 805/805/467 806/806/467 794/794/467
f 794/794/468 806/806/468 795/795/468 783/783/468
f 795/795/469 807/807/469 808/808/469 796/796/469
f 796/796/470 808/808/470 809/809/470 797/797/470
f 797/797/471 809/809/471 810/810/471 798/798/471
f 798/798/472 810/810/472 811/811/472 799/799/472
f 799/799/473 811/811/473 812/812/473 800/800/473
f 800/800/474 812/812/474 813/813/474 801/801/474
f 801/801/475 813/813/475 814/814/475 802/802/475
f 802/802/476 814/814/476 815/815/476 803/803/476
f 803/803/477 815/815/477 816/816/477 804/804/477
f 804/804/478 816/816/478 817/817/478 805/805/478
f 805/805/479 817/817/479 818/818/479 806/806/479
f 806/806/480 818/818/480 807/807/480 795/795/480
f 807/807/481 819/819/481 820/820/481 808/808/481
f 808/808/482 820/820/482 821/821/482 809/809/482
f 809/809/483 821/821/483 822/822/483 810/810/483
f 810/810/484 822/822/484 823/823/484 811/811/484
f 811/811/485 823/823/485 824/824/485 812/812/485
f 812/812/486 824/824/486 825/825/486 813/813/486
f 813/813/487 825/825/487 826/826/487 814/814/487
f 814/814/488 826/826/488 827/827/488 815/815/488
f 815/815/489 827/827/489 828/828/489 816/816/489
f 816/816/490 828/828/490 829/829/490 817/817/490
f 817/817/491 829/829/491 830/830/491 818/818/491
f 818/818/492 830/830/492 819/819/492 807/807/492
f 819/819/493 831/831/493 832/832/493 820/820/493
f 820/820/494 832/832/494 833/833/494 821/821/494
f 821/821/495 833/833/495 834/834/495 822/822/495
f 822/822/496 834/834/496 835/835/496 823/823/496
f 823/823/497 835/835/497 836/836/497 824/824/497
f 824/824/498 836/836/498 837/837/498 825/825/498
f 825/825/499 837/837/499 838/838/499 826/826/499
f 826/826/500 838/838/500 839/839/500 827/827/500
f 827/827/501 839/839/501 840/840/501 828/828/501
f 828/828/502 840/840/502 841/841/502 829/829/502
f 829/829/503 841/841/503 842/842/503 830/830/503
f 830/830/504 842/842/504 831/831/504 819/819/504
f 831/831/505 843/843/505 844/844/505 832/832/505
f 832/832/506 844/844/506 845/845/506 833/833/506
f 833/833/507 845/845/507 846/846/507 834/834/507
f 834/834/508 846/846/508 847/847/508 835/835/508
f 835/835/509 847/847/509 848/848/509 836/836/509
f 836/836/510 848/848/510 849/849/510 837/837/510
f 837/837/511 849/849/511 850/850/511 838/838/511
f 838/838/512 850/850/512 851/851/512 839/839/512
f 839/839/513 851/851/513 852/852/513 840/840/513
f 840/840/514 852/852/514 853/853/514 841/841/514
f 841/841/515 853/853/515 854/854/515 842/842/515
f 842/842/516 854/854/516 843/843/516 831/831/516
f 843/843/517 855/855/517 856/856/517 844/844/517
f 844/844/518 856/856/518 857/857/518 845/845/518
f 845/845/519 857/857/519 858/858/519 846/846/519
f 846/846/520 858/858/520 859/859/520 847/847/520
f 847/847/521 859/859/521 860/860/521 848/848/521
f 848/848/522 860/860/522 861/861/522 849/849/522
f 849/849/523 861/861/523 862/862/523 850/850/523
f 850/850/524 862/862/524 863/863/524 851/851/524
f 851/851/525 863/863/525 864/864/525 852/852/525
f 852/852/526 864/864/526 865/865/526 853/853/526
f 853/853/527 865/865/527 866/866/527 854/854/527
f 854/854/528 866/866/528 855/855/528 843/843/528
f 855/855/529 867/867/529 868/868/529 856/856/529
f 856/856/530 868/868/530 869/869/530 857/857/530
f 857/857/531 869/869/531 870/870/531 858/858/531
f 858/858/532 870/870/532 871/871/532 859/859/532
f 859/859/533 871/871/533 872/872/533 860/860/533
f 860/860/534 872/872/534 873/873/534 861/861/534
f 861/861/535 873/873/535 874/874/535 862/862/535
f 862/862/536 874/874/536 875/875/536 863/863/536
f 863/863/537 875/875/537 876/876/537 864/864/537
f 864/864/538 876/876/538 877/877/538 865/865/538
f 865/865/539 877/877/539 878/878/539 866/866/539
f 866/866/540 878/878/540 867/867/540 855/855/540
f 867/867/541 879/879/541 880/880/541 868/868/541
f 868/868/542 880/880/542 881/881/542 869/869/542
f 869/869/543 881/881/543 882/882/543 870/870/543
f 870/870/544 882/882/544 883/883/544 871/871/544
f 871/871/545 883/883/545 884/884/545 872/872/545
f 872/872/546 884/884/546 885/885/546 873/873/546
f 873/873/547 885/885/547 886/886/547 874/874/547
f 874/874/548 886/886/548 887/887/548 875/875/548
f 875/875/549 887/887/549 888/888/549 876/876/549
f 876/876/550 888/888/550 889/889/550 877/877/550
f 877/877/551 889/889/551 890/890/551 878/878/551
f 878/878/552 890/890/552 879/879/552 867/867/552
f 879/879/553 891/891/553 892/892/553 880/880/553
f 880/880/554 892/892/554 893/893/554 881/881/554
f 881/881/555 893/893/555 894/894/555 882/882/555
f 882/882/556 894/894/556 895/895/556 883/883/556
f 883/883/557 895/895/557 896/896/557 884/884/557
f 884/884/558 896/896/558 897/897/558 885/885/558
f 885/885/559 897/897/559 898/898/559 886/886/559
f 886/886/560 898/898/560 899/899/560 887/887/560
f 887/887/561 899/899/561 900/900/561 888/888/561
f 888/888/562 900/900/562 901/901/562 889/889/562
f 889/889/563 901/901/563 902/902/563 890/890/563
f 890/890/564 902/902/564 891/891/564 879/879/564
f 891/891/565 903/903/565 904/904/565 892/892/565
f 892/892/566 904/904/566 905/905/566 893/893/566
f 893/893/567 905/905/567 906/906/567 894/894/567
f 894/894/568 906/906/568 907/907/568 895/895/568
f 895/895/569 907/907/569 908/908/569 896/896/569
f 896/896/570 908/908/570 909/909/570 897/897/570
f 897/897/571 909/909/571 910/910/571 898/898/571
f 898/898/572 910/910/572 911/911/572 899/899/572
f 899/899/573 911/911/573 912/912/573 900/900/573
f 900/900/574 912/912/574 913/913/574 901/901/574
f 901/901/575 913/913/575 914/914/575 902/902/575
f 902/902/576 914/914/576 903/903/576 891/891/576
f 903/903/577 915/915/577 916/916/577 904/904/577
f 904/904/578 916/916/578 917/917/578 905/905/578
f 905/905/579 917/917/579 918/918/579 906/906/579
f 906/906/580 918/918/580 919/919/580 907/907/580
f 907/907/581 919/919/581 920/920/581 908/908/581
f 908/908/582 920/920/582 921/921/582 909/909/582
f 909/909/583 921/921/583 922/922/583 910/910/583
f 910/910/584 922/922/584 923/923/584 911/911/584
f 911/911/585 923/923/585 924/924/585 912/912/585
f 912/912/586 924/924/586 925/925/586 913/913/586
f 913/913/587 925/925/587 926/926/587 914/914/587
f 914/914/588 926/926/588 915/915/588 903/903/588
f 915/915/589 927/927/589 928/928/589 916/916/589
f 916/916/590 928/928/590 929/929/590 917/917/590
f 917/917/591 929/929/591 930/930/591 918/918/591
f 918/918/592 930/930/592 931/931/592 919/919/592
f 919/919/593 931/931/593 932/932/593 920/920/593
f 920/920/594 932/932/594 933/933/594 921/921/594
f 921/921/595 933/933/595 934/934/595 922/922/595
f 922/922/596 934/934/596 935/935/596 923/923/596
f 923/923/597 935/935/597 936/936/597 924/924/597
f 924/924/598 936/936/598 937/937/598 925/925/598
f 925/925/599 937/937/599 938/938/599 926/926/599
f 926/926/600 938/938/600 927/927/600 915/915/600
f 927/927/601 939/939/601 940/940/601 928/928/601
f 928/928/602 940/940/602 941/941/602 929/929/602
f 929/929/603 941/941/603 942/942/603 930/930/603
f 930/930/604 942/942/604 943/943/604 931/931/604
f 931/931/605 943/943/605 944/944/605 932/932/605
f 932/932/606 944/944/606 945/945/606 933/933/606
f 933/933/607 945/945/607 946/946/607 934/934/607
f 934/934/608 946/946/608 947/947/608 935/935/608
f 935/935/609 947/947/609 948/948/609 936/936/609
f 936/936/610 948/948/610 949/949/610 937/937/610
f 937/937/611 949/949/611 950/950/611 938/938/611
f 938/938/612 950/950/612 939/939/612 927/927/612
f 939/939/613 951/951/613 952/952/613 940/940/613
f 940/940/614 952/952/614 953/953/614 941/941/614
f 941/941/615 953/953/615 954/954/615 942/942/615
f 942/942/616 954/954/616 955/955/616 943/943/616
f 943/943/617 955/955/617 956/956/617 944/944/617
f 944/944/618 956/956/618 957/957/618 945/945/618
f 945/945/619 957/957/619 958/958/619 946/946/619
f 946/946/620 958/958/620 959/959/620 947/947/620
f 947/947/621 959/959/621 960/960/621 948/948/621
f 948/948/622 960/960/622 961/961/622 949/949/622
f 949/949/623 961/961/623 962/962/623 950/950/623
f 950/950/624 962/962/624 951/951/624 939/939/624
f 951/951/625 963/963/625 964/964/625 952/952/625
f 952/952/626 964/964/626 965/965/626 953/953/626
f 953/953/627 965/965/627 966/966/627 954/954/627
f 954/954/628 966/966/628 967/967/628 955/955/628
f 955/955/629 967/967/629 968/968/629 956/956/629
f 956/956/630 968/968/630 969/969/630 957/957/630
f 957/957/631 969/969/631 970/970/631 958/958/631
f 958/958/632 970/970/632 971/971/632 959/959/632
f 959/959/633 971/971/633 972/972/633 960/960/633
f 960/960/634 972/972/634 973/973/634 961/961/634
f 961/961/635 973/973/635 974/974/635 962/962/635
f 962/962/636 974/974/636 963/963/636 951/951/636
f 963/963/637 975/975/637 976/976/637 964/964/637
f 964/964/638 976/976/638 977/977/638 965/965/638
f 965/965/639 977/977/639 978/978/639 966/966/639
f 966/966/640 978/978/640 979/979/640 967/967/640
f 967/967/641 979/979/641 980/980/641 968/968/641
f 968/968/642 980/980/642 981/981/642 969/969/642
f 969/969/643 981/981/643 982/982/643 970/970/643
f 970/970/644 982/982/644 983/983/644 971/971/644
f 971/971/645 983/983/645 984/984/645 972/972/645
f 972/972/646 984/984/646 985/985/646 973/973/646
f 973/973/647 985/985/647 986/986/647 974/974/647
f 974/974/648 986/986/648 975/975/648 963/963/648
f 975/975/649 987/987/649 988/988/649 976/976/649
f 976/976/650 988/988/650 989/989/650 977/977/650
f 977/977/651 989/989/651 990/990/651 978/978/651
f 978/978/652 990/990/652 991/991/652 979/979/652
f 979/979/653 991/991/653 992/992/653 980/980/653
f 980/980/654 992/992/654 993/993/654 981/981/654
f 981/981/655 993/993/655 994/994/655 982/982/655
f 982/982/656 994/994/656 995/995/656 983/983/656
f 983/983/657 995/995/657 996/996/657 984/984/657
f 984/984/658 996/996/658 997/997/658 985/985/658
f 985/985/659 997/997/659 998/998/659 986/986/659
f 986/986/660 998/998/660 987/987/660 975/975/660
f 987/987/661 999/999/661 1000/1000/661 988/988/661
f 988/988/662 1000/1000/662 1001/1001/662 989/989/662
f 989/989/663 1001/1001/663 1002/1002/663 990/990/663
f 990/990/664 1002/1002/664 1003/1003/664 991/991/664
f 991/991/665 1003/1003/665 1004/1004/665 992/992/665
f 992/992/666 1004/1004/666 1005/1005/666 993/993/666
f 993/993/667 1005/1005/667 1006/1006/667 994/994/667
f 994/994/668 1006/1006/668 1007/1007/668 995/995/668
f 995/995/669 1007/1007/669 1008/1008/669 996/996/669
f 996/996/670 1008/1008/670 1009/1009/670 997/997/670
f 997/997/671 1009/1009/671 1010/1010/671 998/998/671
f 998/998/672 1010/1010/672 999/999/672 987/987/672
f 999/999/390 1011/1011/390 1012/1012/390 1000/1000/390
f 1000/1000/389 1012/1012/389 1013/1013/389 1001/1001/389
f 1001/1001/673 1013/1013/673 1014/1014/673 1002/1002/673
f 1002/1002/674 1014/1014/674 1015/1015/674 1003/1003/674
f 1003/1003/386 1015/1015/386 1016/1016/386 1004/1004/386
f 1004/1004/385 1016/1016/385 1017/1017/385 1005/1005/385
f 1005/1005/675 1017/1017/675 1018/1018/675 1006/1006/675
f 1006/1006/395 1018/1018/395 1019/1019/395 1007/1007/395
f 1007/1007/676 1019/1019/676 1020/1020/676 1008/1008/676
f 1008/1008/393 1020/1020/393 1021/1021/393 1009/1009/393
f 1009/1009/392 1021/1021/392 1022/1022/392 1010/1010/392
f 1010/1010/391 1022/1022/391 1011/1011/391 999/999/391
f 1011/1011/402 1023/1023/402 1024/1024/402 1012/1012/402
f 1012/1012/401 1024/1024/401 1025/1025/401 1013/1013/401
f 1013/1013/400 1025/1025/400 1026/1026/400 1014/1014/400
f 1014/1014/399 1026/1026/399 1027/1027/399 1015/1015/399
f 1015/1015/398 1027/1027/398 1028/1028/398 1016/1016/398
f 1016/1016/397 1028/1028/397 1029/1029/397 1017/1017/397
f 1017/1017/408 1029/1029/408 1030/1030/408 1018/1018/408
f 1018/1018/407 1030/1030/407 1031/1031/407 1019/1019/407
f 1019/1019/406 1031/1031/406 1032/1032/406 1020/1020/406
f 1020/1020/405 1032/1032/405 1033/1033/405 1021/1021/405
f 1021/1021/404 1033/1033/404 1034/1034/404 1022/1022/404
f 1022/1022/403 1034/1034/403 1023/1023/403 1011/1011/403
f 1023/1023/414 1035/1035/414 1036/1036/414 1024/1024/414
f 1024/1024/413 1036/1036/413 1037/1037/413 1025/1025/413
f 1025/1025/412 1037/1037/412 1038/1038/412 1026/1026/412
f 1026/1026/411 1038/1038/411 1039/1039/411 1027/1027/411
f 1027/1027/410 1039/1039/410 1040/1040/410 1028/1028/410
f 1028/1028/409 1040/1040/409 1041/1041/409 1029/1029/409
f 1029/1029/420 1041/1041/420 1042/1042/420 1030/1030/420
f 1030/1030/419 1042/1042/419 1043/1043/419 1031/1031/419
f 1031/1031/418 1043/1043/418 1044/1044/418 1032/1032/418
f 1032/1032/417 1044/1044/417 1045/1045/417 1033/1033/417
f 1033/1033/416 1045/1045/416 1046/1046/416 1034/1034/416
f 1034/1034/415 1046/1046/415 1035/1035/415 1023/1023/415
f 1035/1035/426 1047/1047/426 1048/1048/426 1036/1036/426
f 1036/1036/677 1048/1048/677 1049/1049/677 1037/1037/677
f 1037/1037/424 1049/1049/424 1050/1050/424 1038/1038/424
f 1038/1038/423 1050/1050/423 1051/1051/423 1039/1039/423
f 1039/1039/422 1051/1051/422 1052/1052/422 1040/1040/422
f 1040/1040/421 1052/1052/421 1053/1053/421 1041/1041/421
f 1041/1041/432 1053/1053/432 1054/1054/432 1042/1042/432
f 1042/1042/678 1054/1054/678 1055/1055/678 1043/1043/678
f 1043/1043/430 1055/1055/430 1056/1056/430 1044/1044/430
f 1044/1044/429 1056/1056/429 1057/1057/429 1045/1045/429
f 1045/1045/428 1057/1057/428 1058/1058/428 1046/1046/428
f 1046/1046/427 1058/1058/427 1047/1047/427 1035/1035/427
f 1047/1047/438 1059/1059/438 1060/1060/438 1048/1048/438
f 1048/1048/437 1060/1060/437 1061/1061/437 1049/1049/437
f 1049/1049/436 1061/1061/436 1062/1062/436 1050/1050/436
f 1050/1050/435 1062/1062/435 1063/1063/435 1051/1051/435
f 1051/1051/679 1063/1063/679 1064/1064/679 1052/1052/679
f 1052/1052/433 1064/1064/433 1065/1065/433 1053/1053/433
f 1053/1053/444 1065/1065/444 1066/1066/444 1054/1054/444
f 1054/1054/443 1066/1066/443 1067/1067/443 1055/1055/443
f 1055/1055/442 1067/1067/442 1068/1068/442 1056/1056/442
f 1056/1056/441 1068/1068/441 1069/1069/441 1057/1057/441
f 1057/1057/440 1069/1069/440 1070/1070/440 1058/1058/440
f 1058/1058/439 1070/1070/439 1059/1059/439 1047/1047/439
f 1059/1059/450 1071/1071/450 1072/1072/450 1060/1060/450
f 1060/1060/449 1072/1072/449 1073/1073/449 1061/1061/449
f 1061/1061/448 1073/1073/448 1074/1074/448 1062/1062/448
f 1062/1062/680 1074/1074/680 1075/1075/680 1063/1063/680
f 1063/1063/446 1075/1075/446 1076/1076/446 1064/1064/446
f 1064/1064/445 1076/1076/445 1077/1077/445 1065/1065/445
f 1065/1065/456 1077/1077/456 1078/1078/456 1066/1066/456
f 1066/1066/455 1078/1078/455 1079/1079/455 1067/1067/455
f 1067/1067/454 1079/1079/454 1080/1080/454 1068/1068/454
f 1068/1068/681 1080/1080/681 1081/1081/681 1069/1069/681
f 1069/1069/452 1081/1081/452 1082/1082/452 1070/1070/452
f 1070/1070/451 1082/1082/451 1071/1071/451 1059/1059/451
f 1071/1071/462 1083/1083/462 1084/1084/462 1072/1072/462
f 1072/1072/461 1084/1084/461 1085/1085/461 1073/1073/461
f 1073/1073/460 1085/1085/460 1086/1086/460 1074/1074/460
f 1074/1074/459 1086/1086/459 1087/1087/459 1075/1075/459
f 1075/1075/458 1087/1087/458 1088/1088/458 1076/1076/458
f 1076/1076/457 1088/1088/457 1089/1089/457 1077/1077/457
f 1077/1077/468 1089/1089/468 1090/1090/468 1078/1078/468
f 1078/1078/467 1090/1090/467 1091/1091/467 1079/1079/467
f 1079/1079/466 1091/1091/466 1092/1092/466 1080/1080/466
f 1080/1080/682 1092/1092/682 1093/1093/682 1081/1081/682
f 1081/1081/464 1093/1093/464 1094/1094/464 1082/1082/464
f 1082/1082/463 1094/1094/463 1083/1083/463 1071/1071/463
f 1083/1083/474 1095/1095/474 1096/1096/474 1084/1084/474
f 1084/1084/473 1096/1096/473 1097/1097/473 1085/1085/473
f 1085/1085/472 1097/1097/472 1098/1098/472 1086/1086/472
f 1086/1086/471 1098/1098/471 1099/1099/471 1087/1087/471
f 1087/1087/470 1099/1099/470 1100/1100/470 1088/1088/470
f 1088/1088/469 1100/1100/469 1101/1101/469 1089/1089/469
f 1089/1089/480 1101/1101/480 1102/1102/480 1090/1090/480
f 1090/1090/479 1102/1102/479 1103/1103/479 1091/1091/479
f 1091/1091/478 1103/1103/478 1104/1104/478 1092/1092/478
f 1092/1092/477 1104/1104/477 1105/1105/477 1093/1093/477
f 1093/1093/683 1105/1105/683 1106/1106/683 1094/1094/683
f 1094/1094/475 1106/1106/475 1095/1095/475 1083/1083/475
f 1095/1095/486 1107/1107/486 1108/1108/486 1096/1096/486
f 1096/1096/485 1108/1108/485 1109/1109/485 1097/1097/485
f 1097/1097/684 1109/1109/684 1110/1110/684 1098/1098/684
f 1098/1098/483 1110/1110/483 1111/1111/483 1099/1099/483
f 1099/1099/482 1111/1111/482 1112/1112/482 1100/1100/482
f 1100/1100/685 1112/1112/685 1113/1113/685 1101/1101/685
f 1101/1101/492 1113/1113/492 1114/1114/492 1102/1102/492
f 1102/1102/686 1114/1114/686 1115/1115/686 1103/1103/686
f 1103/1103/687 1115/1115/687 1116/1116/687 1104/1104/687
f 1104/1104/489 1116/1116/489 1117/1117/489 1105/1105/489
f 1105/1105/488 1117/1117/488 1118/1118/488 1106/1106/488
f 1106/1106/688 1118/1118/688 1107/1107/688 1095/1095/688
f 1107/1107/498 1119/1119/498 1120/1120/498 1108/1108/498
f 1108/1108/497 1120/1120/497 1121/1121/497 1109/1109/497
f 1109/1109/496 1121/1121/496 1122/1122/496 1110/1110/496
f 1110/1110/495 1122/1122/495 1123/1123/495 1111/1111/495
f 1111/1111/494 1123/1123/494 1124/1124/494 1112/1112/494
f 1112/1112/493 1124/1124/493 1125/1125/493 1113/1113/493
f 1113/1113/504 1125/1125/504 1126/1126/504 1114/1114/504
f 1114/1114/503 1126/1126/503 1127/1127/503 1115/1115/503
f 1115/1115/502 1127/1127/502 1128/1128/502 1116/1116/502
f 1116/1116/501 1128/1128/501 1129/1129/501 1117/1117/501
f 1117/1117/500 1129/1129/500 1130/1130/500 1118/1118/500
f 1118/1118/499 1130/1130/499 1119/1119/499 1107/1107/499
f 1119/1119/510 1131/1131/510 1132/1132/510 1120/1120/510
f 1120/1120/509 1132/1132/509 1133/1133/509 1121/1121/509
f 1121/1121/689 1133/1133/689 1134/1134/689 1122/1122/689
f 1122/1122/690 1134/1134/690 1135/1135/690 1123/1123/690
f 1123/1123/691 1135/1135/691 1136/1136/691 1124/1124/691
f 1124/1124/505 1136/1136/505 1137/1137/505 1125/1125/505
f 1125/1125/516 1137/1137/516 1138/1138/516 1126/1126/516
f 1126/1126/692 1138/1138/692 1139/1139/692 1127/1127/692
f 1127/1127/693 1139/1139/693 1140/1140/693 1128/1128/693
f 1128/1128/513 1140/1140/513 1141/1141/513 1129/1129/513
f 1129/1129/512 1141/1141/512 1142/1142/512 1130/1130/512
f 1130/1130/511 1142/1142/511 1131/1131/511 1119/1119/511
f 1131/1131/522 1143/1143/522 1144/1144/522 1132/1132/522
f 1132/1132/521 1144/1144/521 1145/1145/521 1133/1133/521
f 1133/1133/520 1145/1145/520 1146/1146/520 1134/1134/520
f 1134/1134/519 1146/1146/519 1147/1147/519 1135/1135/519
f 1135/1135/694 1147/1147/694 1148/1148/694 1136/1136/694
f 1136/1136/517 1148/1148/517 1149/1149/517 1137/1137/517
f 1137/1137/695 1149/1149/695 1150/1150/695 1138/1138/695
f 1138/1138/696 1150/1150/696 1151/1151/696 1139/1139/696
f 1139/1139/526 1151/1151/526 1152/1152/526 1140/1140/526
f 1140/1140/525 1152/1152/525 1153/1153/525 1141/1141/525
f 1141/1141/697 1153/1153/697 1154/1154/697 1142/1142/697
f 1142/1142/523 1154/1154/523 1143/1143/523 1131/1131/523
f 1143/1143/534 1155/1155/534 1156/1156/534 1144/1144/534
f 1144/1144/698 1156/1156/698 1157/1157/698 1145/1145/698
f 1145/1145/532 1157/1157/532 1158/1158/532 1146/1146/532
f 1146/1146/531 1158/1158/531 1159/1159/531 1147/1147/531
f 1147/1147/530 1159/1159/530 1160/1160/530 1148/1148/530
f 1148/1148/699 1160/1160/699 1161/1161/699 1149/1149/699
f 1149/1149/540 1161/1161/540 1162/1162/540 1150/1150/540
f 1150/1150/700 1162/1162/700 1163/1163/700 1151/1151/700
f 1151/1151/538 1163/1163/538 1164/1164/538 1152/1152/538
f 1152/1152/537 1164/1164/537 1165/1165/537 1153/1153/537
f 1153/1153/701 1165/1165/701 1166/1166/701 1154/1154/701
f 1154/1154/702 1166/1166/702 1155/1155/702 1143/1143/702
f 1155/1155/703 1167/1167/703 1168/1168/703 1156/1156/703
f 1156/1156/545 1168/1168/545 1169/1169/545 1157/1157/545
f 1157/1157/704 1169/1169/704 1170/1170/704 1158/1158/704
f 1158/1158/543 1170/1170/543 1171/1171/543 1159/1159/543
f 1159/1159/705 1171/1171/705 1172/1172/705 1160/1160/705
f 1160/1160/541 1172/1172/541 1173/1173/541 1161/1161/541
f 1161/1161/552 1173/1173/552 1174/1174/552 1162/1162/552
f 1162/1162/706 1174/1174/706 1175/1175/706 1163/1163/706
f 1163/1163/550 1175/1175/550 1176/1176/550 1164/1164/550
f 1164/1164/707 1176/1176/707 1177/1177/707 1165/1165/707
f 1165/1165/548 1177/1177/548 1178/1178/548 1166/1166/548
f 1166/1166/547 1178/1178/547 1167/1167/547 1155/1155/547
f 1167/1167/558 1179/1179/558 1180/1180/558 1168/1168/558
f 1168/1168/557 1180/1180/557 1181/1181/557 1169/1169/557
f 1169/1169/556 1181/1181/556 1182/1182/556 1170/1170/556
f 1170/1170/555 1182/1182/555 1183/1183/555 1171/1171/555
f 1171/1171/554 1183/1183/554 1184/1184/554 1172/1172/554
f 1172/1172/553 1184/1184/553 1185/1185/553 1173/1173/553
f 1173/1173/564 1185/1185/564 1186/1186/564 1174/1174/564
f 1174/1174/563 1186/1186/563 1187/1187/563 1175/1175/563
f 1175/1175/562 1187/1187/562 1188/1188/562 1176/1176/562
f 1176/1176/561 1188/1188/561 1189/1189/561 1177/1177/561
f 1177/1177/560 1189/1189/560 1190/1190/560 1178/1178/560
f 1178/1178/559 1190/1190/559 1179/1179/559 1167/1167/559
f 1179/1179/708 1191/1191/708 1192/1192/708 1180/1180/708
f 1180/1180/569 1192/1192/569 1193/1193/569 1181/1181/569
f 1181/1181/568 1193/1193/568 1194/1194/568 1182/1182/568
f 1182/1182/709 1194/1194/709 1195/1195/709 1183/1183/709
f 1183/1183/710 1195/1195/710 1196/1196/710 1184/1184/710
f 1184/1184/565 1196/1196/565 1197/1197/565 1185/1185/565
f 1185/1185/711 1197/1197/711 1198/1198/711 1186/1186/711
f 1186/1186/575 1198/1198/575 1199/1199/575 1187/1187/575
f 1187/1187/574 1199/1199/574 1200/1200/574 1188/1188/574
f 1188/1188/712 1200/1200/712 1201/1201/712 1189/1189/712
f 1189/1189/713 1201/1201/713 1202/1202/713 1190/1190/713
f 1190/1190/571 1202/1202/571 1191/1191/571 1179/1179/571
f 1191/1191/582 1203/1203/582 1204/1204/582 1192/1192/582
f 1192/1192/581 1204/1204/581 1205/1205/581 1193/1193/581
f 1193/1193/580 1205/1205/580 1206/1206/580 1194/1194/580
f 1194/1194/579 1206/1206/579 1207/1207/579 1195/1195/579
f 1195/1195/578 1207/1207/578 1208/1208/578 1196/1196/578
f 1196/1196/577 1208/1208/577 1209/1209/577 1197/1197/577
f 1197/1197/588 1209/1209/588 1210/1210/588 1198/1198/588
f 1198/1198/587 1210/1210/587 1211/1211/587 1199/1199/587
f 1199/1199/586 1211/1211/586 1212/1212/586 1200/1200/586
f 1200/1200/585 1212/1212/585 1213/1213/585 1201/1201/585
f 1201/1201/584 1213/1213/584 1214/1214/584 1202/1202/584
f 1202/1202/583 1214/1214/583 1203/1203/583 1191/1191/583
f 1203/1203/594 1215/1215/594 1216/1216/594 1204/1204/594
f 1204/1204/593 1216/1216/593 1217/1217/593 1205/1205/593
f 1205/1205/592 1217/1217/592 1218/1218/592 1206/1206/592
f 1206/1206/591 1218/1218/591 1219/1219/591 1207/1207/591
f 1207/1207/590 1219/1219/590 1220/1220/590 1208/1208/590
f 1208/1208/589 1220/1220/589 1221/1221/589 1209/1209/589
f 1209/1209/600 1221/1221/600 1222/1222/600 1210/1210/600
f 1210/1210/599 1222/1222/599 1223/1223/599 1211/1211/599
f 1211/1211/714 1223/1223/714 1224/1224/714 1212/1212/714
f 1212/1212/597 1224/1224/597 1225/1225/597 1213/1213/597
f 1213/1213/596 1225/1225/596 1226/1226/596 1214/1214/596
f 1214/1214/595 1226/1226/595 1215/1215/595 1203/1203/595
f 1215/1215/606 1227/1227/606 1228/1228/606 1216/1216/606
f 1216/1216/605 1228/1228/605 1229/1229/605 1217/1217/605
f 1217/1217/715 1229/1229/715 1230/1230/715 1218/1218/715
f 1218/1218/603 1230/1230/603 1231/1231/603 1219/1219/603
f 1219/1219/602 1231/1231/602 1232/1232/602 1220/1220/602
f 1220/1220/601 1232/1232/601 1233/1233/601 1221/1221/601
f 1221/1221/612 1233/1233/612 1234/1234/612 1222/1222/612
f 1222/1222/611 1234/1234/611 1235/1235/611 1223/1223/611
f 1223/1223/716 1235/1235/716 1236/1236/716 1224/1224/716
f 1224/1224/609 1236/1236/609 1237/1237/609 1225/1225/609
f 1225/1225/608 1237/1237/608 1238/1238/608 1226/1226/608
f 1226/1226/607 1238/1238/607 1227/1227/607 1215/1215/607
f 1227/1227/618 1239/1239/618 1240/1240/618 1228/1228/618
f 1228/1228/617 1240/1240/617 1241/1241/617 1229/1229/617
f 1229/1229/616 1241/1241/616 1242/1242/616 1230/1230/616
f 1230/1230/615 1242/1242/615 1243/1243/615 1231/1231/615
f 1231/1231/614 1243/1243/614 1244/1244/614 1232/1232/614
f 1232/1232/613 1244/1244/613 1245/1245/613 1233/1233/613
f 1233/1233/624 1245/1245/624 1246/1246/624 1234/1234/624
f 1234/1234/623 1246/1246/623 1247/1247/623 1235/1235/623
f 1235/1235/622 1247/1247/622 1248/1248/622 1236/1236/622
f 1236/1236/621 1248/1248/621 1249/1249/621 1237/1237/621
f 1237/1237/620 1249/1249/620 1250/1250/620 1238/1238/620
f 1238/1238/619 1250/1250/619 1239/1239/619 1227/1227/619
f 1239/1239/630 1251/1251/630 1252/1252/630 1240/1240/630
f 1240/1240/629 1252/1252/629 1253/1253/629 1241/1241/629
f 1241/1241/628 1253/1253/628 1254/1254/628 1242/1242/628
f 1242/1242/627 1254/1254/627 1255/1255/627 1243/1243/627
f 1243/1243/717 1255/1255/717 1256/1256/717 1244/1244/717
f 1244/1244/625 1256/1256/625 1257/1257/625 1245/1245/625
f 1245/1245/636 1257/1257/636 1258/1258/636 1246/1246/636
f 1246/1246/635 1258/1258/635 1259/1259/635 1247/1247/635
f 1247/1247/634 1259/1259/634 1260/1260/634 1248/1248/634
f 1248/1248/633 1260/1260/633 1261/1261/633 1249/1249/633
f 1249/1249/718 1261/1261/718 1262/1262/718 1250/1250/718
f 1250/1250/631 1262/1262/631 1251/1251/631 1239/1239/631
f 1251/1251/642 1263/1263/642 1264/1264/642 1252/1252/642
f 1252/1252/641 1264/1264/641 1265/1265/641 1253/1253/641
f 1253/1253/640 1265/1265/640 1266/1266/640 1254/1254/640
f 1254/1254/639 1266/1266/639 1267/1267/639 1255/1255/639
f 1255/1255/638 1267/1267/638 1268/1268/638 1256/1256/638
f 1256/1256/637 1268/1268/637 1269/1269/637 1257/1257/637
f 1257/1257/648 1269/1269/648 1270/1270/648 1258/1258/648
f 1258/1258/647 1270/1270/647 1271/1271/647 1259/1259/647
f 1259/1259/719 1271/1271/719 1272/1272/719 1260/1260/719
f 1260/1260/645 1272/1272/645 1273/1273/645 1261/1261/645
f 1261/1261/644 1273/1273/644 1274/1274/644 1262/1262/644
f 1262/1262/643 1274/1274/643 1263/1263/643 1251/1251/643
f 1263/1263/654 1275/1275/654 1276/1276/654 1264/1264/654
f 1264/1264/653 1276/1276/653 1277/1277/653 1265/1265/653
f 1265/1265/652 1277/1277/652 1278/1278/652 1266/1266/652
f 1266/1266/651 1278/1278/651 1279/1279/651 1267/1267/651
f 1267/1267/650 1279/1279/650 1280/1280/650 1268/1268/650
f 1268/1268/649 1280/1280/649 1281/1281/649 1269/1269/649
f 1269/1269/660 1281/1281/660 1282/1282/660 1270/1270/660
f 1270/1270/659 1282/1282/659 1283/1283/659 1271/1271/659
f 1271/1271/658 1283/1283/658 1284/1284/658 1272/1272/658
f 1272/1272/657 1284/1284/657 1285/1285/657 1273/1273/657
f 1273/1273/656 1285/1285/656 1286/1286/656 1274/1274/656
f 1274/1274/720 1286/1286/720 1275/1275/720 1263/1263/720
f 1275/1275/666 711/711/666 714/714/666 1276/1276/666
f 1276/1276/665 714/714/665 716/716/665 1277/1277/665
f 1277/1277/721 716/716/721 718/718/721 1278/1278/721
f 1278/1278/722 718/718/722 720/720/722 1279/1279/722
f 1279/1279/662 720/720/662 722/722/662 1280/1280/662
f 1280/1280/661 722/722/661 724/724/661 1281/1281/661
f 1281/1281/672 724/724/672 726/726/672 1282/1282/672
f 1282/1282/671 726/726/671 728/728/671 1283/1283/671
f 1283/1283/670 728/728/670 730/730/670 1284/1284/670
f 1284/1284/723 730/730/723 732/732/723 1285/1285/723
f 1285/1285/668 732/732/668 734/734/668 1286/1286/668
f 1286/1286/667 734/734/667 711/711/667 1275/1275/667
f 665/665/374 664/664/374 1287/1287/374 660/660/374
f 1288/1288/724 652/652/724 1289/1289/724 1290/1290/724
f 652/652/372 651/651/372 1291/1291/372 1289/1289/372
f 1290/1290/725 1289/1289/725 1291/1291/725 1292/1292/725
f 650/650/726 646/646/726 1291/1291/726 651/651/726
f 687/687/727 649/649/727 652/652/727 1288/1288/727
f 663/663/727 1293/1293/727 1294/1294/727 664/664/727
f 1287/1287/728 1295/1295/728 661/661/728 660/660/728
f 664/664/729 1294/1294/729 1295/1295/729 1287/1287/729
f 1296/1296/25 710/710/25 680/680/25 1297/1297/25
f 703/703/23 1298/1298/23 1299/1299/23 689/689/23
f 1300/1300/384 699/699/384 710/710/384 1296/1296/384
f 692/692/23 1301/1301/23 1298/1298/23 703/703/23
f 1302/1302/25 678/678/25 699/699/25 1300/1300/25
f 691/691/23 1303/1303/23 1301/1301/23 692/692/23
f 689/689/23 1299/1299/23 1293/1293/23 663/663/23
f 1297/1297/383 680/680/383 668/668/383 1304/1304/383
f 666/666/382 675/675/382 678/678/382 1302/1302/382
f 654/654/381 1305/1305/381 669/669/381 655/655/381
f 1304/1304/25 668/668/25 669/669/25 674/674/25
f 676/676/375 675/675/375 1306/1306/375 690/690/375
f 645/645/23 658/658/23 661/661/23 1292/1292/23
f 659/659/373 658/658/373 1305/1305/373 654/654/373
f 690/690/376 1306/1306/376 1303/1303/376 691/691/376
f 646/646/378 645/645/378 1292/1292/378 1291/1291/378
f 679/679/25 1304/1304/25 674/674/25 673/673/25
f 667/667/382 666/666/382 1302/1302/382 671/671/382
f 702/702/383 1297/1297/383 1304/1304/383 679/679/383
f 671/671/25 1302/1302/25 1300/1300/25 672/672/25
f 672/672/384 1300/1300/384 1296/1296/384 701/701/384
f 701/701/25 1296/1296/25 1297/1297/25 702/702/25
f 1293/1293/23 687/687/23 1288/1288/23 1294/1294/23
f 1295/1295/730 1290/1290/730 1292/1292/730 661/661/730
f 1294/1294/23 1288/1288/23 1290/1290/23 1295/1295/23
f 1298/1298/23 709/709/23 686/686/23 1299/1299/23
f 1301/1301/23 698/698/23 709/709/23 1298/1298/23
f 1303/1303/23 644/644/23 698/698/23 1301/1301/23
f 1299/1299/23 686/686/23 687/687/23 1293/1293/23
f 1305/1305/381 648/648/381 674/674/381 669/669/381
f 675/675/375 666/666/375 641/641/375 1306/1306/375
f 658/658/373 645/645/373 648/648/373 1305/1305/373
f 1306/1306/376 641/641/376 644/644/376 1303/1303/376
s 1
f 1307/1307/731 1308/1308/731 1309/1309/374
f 1309/1309/374 1310/1310/374 1307/1307/731
f 1311/1311/732 1312/1312/733 1313/1313/734
f 1313/1313/734 1314/1314/735 1311/1311/732
f 1315/1315/736 1316/1316/737 1317/1317/738
f 1317/1317/738 1318/1318/739 1315/1315/736
f 1319/1319/740 1320/1320/740 1321/1321/741
f 1321/1321/741 1322/1322/741 1319/1319/740
f 1323/1323/742 1324/1324/743 1325/1325/744
f 1325/1325/744 1326/1326/745 1323/1323/742
f 1313/1313/734 1327/1327/746 1328/1328/747
f 1328/1328/747 1314/1314/735 1313/1313/734
f 1329/1329/748 1330/1330/748 1310/1310/374
f 1310/1310/374 1309/1309/374 1329/1329/748
f 1331/1331/375 1332/1332/375 1333/1333/749
f 1333/1333/749 1334/1334/749 1331/1331/375
f 1335/1335/750 1336/1336/751 1315/1315/736
f 1315/1315/736 1318/1318/739 1335/1335/750
f 1325/1325/744 1337/1337/752 1338/1338/753
f 1338/1338/753 1326/1326/745 1325/1325/744
f 1339/1339/754 1340/1340/754 1322/1322/741
f 1322/1322/741 1321/1321/741 1339/1339/754
f 1341/1341/755 1330/1330/748 1329/1329/748
f 1329/1329/748 1342/1342/755 1341/1341/755
f 1317/1317/738 1316/1316/737 1343/1343/756
f 1343/1343/756 1344/1344/757 1317/1317/738
f 1345/1345/758 1346/1346/759 1347/1347/760
f 1347/1347/760 1348/1348/761 1345/1345/758
f 1349/1349/762 1350/1350/762 1334/1334/749
f 1334/1334/749 1333/1333/749 1349/1349/762
f 1351/1351/763 1352/1352/764 1353/1353/764
f 1353/1353/764 1354/1354/763 1351/1351/763
f 1328/1328/747 1327/1327/746 1355/1355/765
f 1355/1355/765 1356/1356/766 1328/1328/747
f 1343/1343/756 1312/1312/733 1311/1311/732
f 1311/1311/732 1344/1344/757 1343/1343/756
f 1342/1342/755 1332/1332/375 1331/1331/375
f 1331/1331/375 1341/1341/755 1342/1342/755
f 1357/1357/372 1350/1350/762 1349/1349/762
f 1349/1349/762 1358/1358/372 1357/1357/372
f 1338/1338/753 1337/1337/752 1359/1359/767
f 1359/1359/767 1360/1360/768 1338/1338/753
f 1355/1355/765 1324/1324/743 1323/1323/742
f 1323/1323/742 1356/1356/766 1355/1355/765
f 1354/1354/763 1308/1308/731 1307/1307/731
f 1307/1307/731 1351/1351/763 1354/1354/763
f 1316/1316/737 1315/1315/736 1361/1361/769
f 1361/1361/769 1362/1362/770 1316/1316/737
f 1362/1362/770 1363/1363/771 1364/1364/772
f 1364/1364/772 1365/1365/773 1362/1362/770
f 1358/1358/372 1320/1320/740 1319/1319/740
f 1319/1319/740 1357/1357/372 1358/1358/372
f 1366/1366/774 1367/1367/775 1368/1368/776
f 1368/1368/776 1369/1369/777 1366/1366/774
f 1364/1364/772 1370/1370/778 1371/1371/779
f 1371/1371/779 1365/1365/773 1364/1364/772
f 1372/1372/780 1373/1373/781 1345/1345/758
f 1345/1345/758 1348/1348/761 1372/1372/780
f 1368/1368/776 1374/1374/782 1375/1375/783
f 1375/1375/783 1369/1369/777 1368/1368/776
f 1371/1371/779 1370/1370/778 1376/1376/784
f 1376/1376/784 1377/1377/785 1371/1371/779
f 1378/1378/786 1363/1363/771 1362/1362/770
f 1362/1362/770 1361/1361/769 1378/1378/786
f 1375/1375/783 1374/1374/782 1379/1379/787
f 1379/1379/787 1380/1380/788 1375/1375/783
f 1376/1376/784 1367/1367/775 1366/1366/774
f 1366/1366/774 1377/1377/785 1376/1376/784
f 1347/1347/760 1346/1346/759 1378/1378/786
f 1378/1378/786 1361/1361/769 1347/1347/760
f 1379/1379/787 1373/1373/781 1372/1372/780
f 1372/1372/780 1380/1380/788 1379/1379/787
f 1381/1381/23 1382/1382/789 1383/1383/790
f 1384/1384/791 1385/1385/792 1386/1386/792
f 1386/1386/792 1387/1387/791 1384/1384/791
f 1388/1388/793 1389/1389/794 1381/1381/23
f 1390/1390/795 1381/1381/23 1383/1383/790
f 1391/1391/796 1392/1392/797 1381/1381/23
f 1381/1381/23 1389/1389/794 1393/1393/798
f 1381/1381/23 1392/1392/797 1382/1382/789
f 1381/1381/23 1394/1394/799 1395/1395/800
f 1390/1390/795 1394/1394/799 1381/1381/23
f 1343/1343/756 1316/1316/737 1362/1362/770
f 1362/1362/770 1365/1365/773 1343/1343/756
f 1327/1327/746 1313/1313/734 1377/1377/785
f 1377/1377/785 1366/1366/774 1327/1327/746
f 1355/1355/765 1327/1327/746 1366/1366/774
f 1366/1366/774 1369/1369/777 1355/1355/765
f 1337/1337/752 1325/1325/744 1380/1380/788
f 1380/1380/788 1372/1372/780 1337/1337/752
f 1359/1359/767 1337/1337/752 1372/1372/780
f 1372/1372/780 1348/1348/761 1359/1359/767
f 1343/1343/756 1365/1365/773 1371/1371/779
f 1371/1371/779 1312/1312/733 1343/1343/756
f 1313/1313/734 1312/1312/733 1371/1371/779
f 1371/1371/779 1377/1377/785 1313/1313/734
f 1355/1355/765 1369/1369/777 1375/1375/783
f 1375/1375/783 1324/1324/743 1355/1355/765
f 1325/1325/744 1324/1324/743 1375/1375/783
f 1375/1375/783 1380/1380/788 1325/1325/744
f 1359/1359/767 1348/1348/761 1347/1347/760
f 1347/1347/760 1336/1336/751 1359/1359/767
f 1315/1315/736 1336/1336/751 1347/1347/760
f 1347/1347/760 1361/1361/769 1315/1315/736
f 1391/1391/796 1381/1381/23 1396/1396/801
f 1388/1388/793 1381/1381/23 1397/1397/802
f 1359/1359/767 1336/1336/751 1335/1335/750
f 1335/1335/750 1360/1360/768 1359/1359/767
f 1381/1381/23 1395/1395/800 1397/1397/802
f 1398/1398/803 1384/1384/791 1387/1387/791
f 1387/1387/791 1399/1399/804 1398/1398/803
f 1400/1400/805 1401/1401/806 1402/1402/806
f 1402/1402/806 1403/1403/807 1400/1400/805
f 1404/1404/808 1400/1400/805 1403/1403/807
f 1403/1403/807 1405/1405/808 1404/1404/808
f 1406/1406/809 1407/1407/810 1408/1408/810
f 1408/1408/810 1409/1409/811 1406/1406/809
f 1410/1410/812 1406/1406/809 1409/1409/811
f 1409/1409/811 1411/1411/812 1410/1410/812
f 1412/1412/813 1413/1413/813 1414/1414/814
f 1414/1414/814 1415/1415/815 1412/1412/813
f 1385/1385/792 1415/1415/815 1414/1414/814
f 1414/1414/814 1386/1386/792 1385/1385/792
f 1398/1398/803 1399/1399/804 1416/1416/816
f 1416/1416/816 1417/1417/817 1398/1398/803
f 1401/1401/806 1417/1417/817 1416/1416/816
f 1416/1416/816 1402/1402/806 1401/1401/806
f 1404/1404/808 1405/1405/808 1418/1418/818
f 1418/1418/818 1419/1419/818 1404/1404/808
f 1407/1407/810 1419/1419/818 1418/1418/818
f 1418/1418/818 1408/1408/810 1407/1407/810
f 1381/1381/23 1393/1393/798 1396/1396/801
f 1420/1420/819 1421/1421/820 1422/1422/821
f 1422/1422/821 1423/1423/822 1420/1420/819
f 1424/1424/823 1425/1425/824 1426/1426/825
f 1426/1426/825 1427/1427/826 1424/1424/823
f 1428/1428/827 1429/1429/828 1422/1422/821
f 1422/1422/821 1430/1430/829 1428/1428/827
f 1421/1421/820 1431/1431/830 1430/1430/829
f 1430/1430/829 1422/1422/821 1421/1421/820
f 1432/1432/831 1433/1433/832 1434/1434/833
f 1434/1434/833 1435/1435/834 1432/1432/831
f 1436/1436/835 1437/1437/836 1428/1428/827
f 1428/1428/827 1430/1430/829 1436/1436/835
f 1438/1438/837 1439/1439/838 1434/1434/833
f 1434/1434/833 1440/1440/839 1438/1438/837
f 1433/1433/832 1441/1441/840 1440/1440/839
f 1440/1440/839 1434/1434/833 1433/1433/832
f 1442/1442/841 1443/1443/842 1444/1444/843
f 1444/1444/843 1445/1445/844 1442/1442/841
f 1446/1446/845 1447/1447/846 1438/1438/837
f 1438/1438/837 1440/1440/839 1446/1446/845
f 1448/1448/847 1449/1449/848 1444/1444/843
f 1444/1444/843 1450/1450/849 1448/1448/847
f 1443/1443/842 1451/1451/850 1450/1450/849
f 1450/1450/849 1444/1444/843 1443/1443/842
f 1452/1452/851 1453/1453/852 1454/1454/853
f 1454/1454/853 1455/1455/854 1452/1452/851
f 1456/1456/855 1457/1457/856 1448/1448/847
f 1448/1448/847 1450/1450/849 1456/1456/855
f 1426/1426/825 1458/1458/857 1454/1454/853
f 1454/1454/853 1427/1427/826 1426/1426/825
f 1453/1453/852 1459/1459/858 1427/1427/826
f 1427/1427/826 1454/1454/853 1453/1453/852
f 1459/1459/858 1460/1460/25 1424/1424/823
f 1424/1424/823 1427/1427/826 1459/1459/858
f 1461/1461/859 1425/1425/824 1424/1424/823
f 1424/1424/823 1423/1423/822 1461/1461/859
f 1420/1420/819 1423/1423/822 1424/1424/823
f 1424/1424/823 1460/1460/25 1420/1420/819
f 1431/1431/830 1462/1462/860 1436/1436/835
f 1436/1436/835 1430/1430/829 1431/1431/830
f 1422/1422/821 1429/1429/828 1461/1461/859
f 1461/1461/859 1423/1423/822 1422/1422/821
f 1463/1463/861 1437/1437/836 1436/1436/835
f 1436/1436/835 1464/1464/862 1463/1463/861
f 1465/1465/863 1464/1464/862 1436/1436/835
f 1436/1436/835 1462/1462/860 1465/1465/863
f 1441/1441/840 1466/1466/23 1446/1446/845
f 1446/1446/845 1440/1440/839 1441/1441/840
f 1434/1434/833 1439/1439/838 1467/1467/864
f 1467/1467/864 1435/1435/834 1434/1434/833
f 1468/1468/865 1447/1447/846 1446/1446/845
f 1446/1446/845 1445/1445/844 1468/1468/865
f 1442/1442/841 1445/1445/844 1446/1446/845
f 1446/1446/845 1466/1466/23 1442/1442/841
f 1451/1451/850 1469/1469/375 1456/1456/855
f 1456/1456/855 1450/1450/849 1451/1451/850
f 1444/1444/843 1449/1449/848 1468/1468/865
f 1468/1468/865 1445/1445/844 1444/1444/843
f 1470/1470/866 1457/1457/856 1456/1456/855
f 1456/1456/855 1455/1455/854 1470/1470/866
f 1471/1471/867 1472/1472/868 1473/1473/869
f 1473/1473/869 1474/1474/870 1471/1471/867
f 1475/1475/372 1476/1476/372 1477/1477/372
f 1478/1478/871 1479/1479/872 1480/1480/873
f 1480/1480/873 1473/1473/869 1478/1478/871
f 1475/1475/372 1481/1481/372 1482/1482/372
f 1483/1483/874 1484/1484/875 1485/1485/876
f 1485/1485/876 1486/1486/877 1483/1483/874
f 1487/1487/878 1488/1488/879 1489/1489/880
f 1489/1489/880 1490/1490/881 1487/1487/878
f 1491/1491/882 1492/1492/883 1480/1480/873
f 1480/1480/873 1479/1479/872 1491/1491/882
f 1493/1493/884 1484/1484/875 1487/1487/878
f 1487/1487/878 1490/1490/881 1493/1493/884
f 1494/1494/885 1495/1495/886 1472/1472/868
f 1472/1472/868 1471/1471/867 1494/1494/885
f 1488/1488/879 1496/1496/887 1497/1497/888
f 1497/1497/888 1492/1492/883 1488/1488/879
f 1488/1488/879 1492/1492/883 1491/1491/882
f 1491/1491/882 1489/1489/880 1488/1488/879
f 1472/1472/868 1495/1495/886 1498/1498/889
f 1498/1498/889 1499/1499/890 1472/1472/868
f 1500/1500/891 1487/1487/878 1484/1484/875
f 1484/1484/875 1483/1483/874 1500/1500/891
f 1474/1474/870 1473/1473/869 1480/1480/873
f 1480/1480/873 1501/1501/892 1474/1474/870
f 1480/1480/873 1492/1492/883 1497/1497/888
f 1497/1497/888 1501/1501/892 1480/1480/873
f 1500/1500/891 1496/1496/887 1488/1488/879
f 1488/1488/879 1487/1487/878 1500/1500/891
f 1493/1493/884 1502/1502/893 1485/1485/876
f 1485/1485/876 1484/1484/875 1493/1493/884
f 1475/1475/372 1503/1503/372 1481/1481/372
f 1504/1504/372 1475/1475/372 1505/1505/372
f 1505/1505/372 1475/1475/372 1477/1477/372
f 1503/1503/372 1475/1475/372 1504/1504/372
f 1506/1506/372 1507/1507/372 1508/1508/372
f 1508/1508/372 1509/1509/372 1506/1506/372
f 1510/1510/372 1509/1509/372 1508/1508/372
f 1508/1508/372 1511/1511/372 1510/1510/372
f 1512/1512/372 1513/1513/372 1514/1514/372
f 1514/1514/372 1515/1515/372 1512/1512/372
f 1516/1516/372 1515/1515/372 1514/1514/372
f 1514/1514/372 1517/1517/372 1516/1516/372
f 1518/1518/372 1519/1519/372 1520/1520/372
f 1520/1520/372 1521/1521/372 1518/1518/372
f 1522/1522/372 1521/1521/372 1520/1520/372
f 1520/1520/372 1523/1523/372 1522/1522/372
f 1524/1524/372 1525/1525/372 1526/1526/372
f 1526/1526/372 1527/1527/372 1524/1524/372
f 1506/1506/372 1527/1527/372 1526/1526/372
f 1526/1526/372 1507/1507/372 1506/1506/372
f 1528/1528/372 1510/1510/372 1511/1511/372
f 1511/1511/372 1529/1529/372 1528/1528/372
f 1512/1512/372 1528/1528/372 1529/1529/372
f 1529/1529/372 1513/1513/372 1512/1512/372
f 1530/1530/372 1516/1516/372 1517/1517/372
f 1517/1517/372 1531/1531/372 1530/1530/372
f 1518/1518/372 1530/1530/372 1531/1531/372
f 1531/1531/372 1519/1519/372 1518/1518/372
f 1532/1532/372 1522/1522/372 1523/1523/372
f 1523/1523/372 1533/1533/372 1532/1532/372
f 1534/1534/372 1532/1532/372 1533/1533/372
f 1533/1533/372 1535/1535/372 1534/1534/372
f 1536/1536/372 1534/1534/372 1535/1535/372
f 1535/1535/372 1537/1537/372 1536/1536/372
f 1524/1524/372 1536/1536/372 1537/1537/372
f 1537/1537/372 1525/1525/372 1524/1524/372
f 1452/1452/851 1455/1455/854 1456/1456/855
f 1456/1456/855 1469/1469/375 1452/1452/851
f 1454/1454/853 1458/1458/857 1470/1470/866
f 1470/1470/866 1455/1455/854 1454/1454/853
f 1472/1472/868 1499/1499/890 1478/1478/871
f 1478/1478/871 1473/1473/869 1472/1472/868
f 1538/1538/894 1539/1539/820 1540/1540/819
f 1540/1540/819 1541/1541/895 1538/1538/894
f 1542/1542/896 1543/1543/897 1544/1544/898
f 1544/1544/898 1545/1545/899 1542/1542/896
f 1538/1538/894 1546/1546/900 1547/1547/901
f 1547/1547/901 1548/1548/902 1538/1538/894
f 1548/1548/902 1549/1549/830 1539/1539/820
f 1539/1539/820 1538/1538/894 1548/1548/902
f 1550/1550/903 1551/1551/904 1552/1552/831
f 1552/1552/831 1553/1553/905 1550/1550/903
f 1547/1547/901 1554/1554/906 1555/1555/907
f 1555/1555/907 1548/1548/902 1547/1547/901
f 1550/1550/903 1556/1556/908 1557/1557/909
f 1557/1557/909 1558/1558/910 1550/1550/903
f 1558/1558/910 1559/1559/840 1551/1551/904
f 1551/1551/904 1550/1550/903 1558/1558/910
f 1560/1560/911 1561/1561/842 1562/1562/841
f 1562/1562/841 1563/1563/912 1560/1560/911
f 1557/1557/909 1564/1564/913 1565/1565/914
f 1565/1565/914 1558/1558/910 1557/1557/909
f 1560/1560/911 1566/1566/915 1567/1567/916
f 1567/1567/916 1568/1568/917 1560/1560/911
f 1568/1568/917 1569/1569/850 1561/1561/842
f 1561/1561/842 1560/1560/911 1568/1568/917
f 1570/1570/918 1571/1571/852 1572/1572/851
f 1572/1572/851 1573/1573/919 1570/1570/918
f 1567/1567/916 1574/1574/920 1575/1575/921
f 1575/1575/921 1568/1568/917 1567/1567/916
f 1570/1570/918 1576/1576/922 1542/1542/896
f 1542/1542/896 1545/1545/899 1570/1570/918
f 1545/1545/899 1577/1577/858 1571/1571/852
f 1571/1571/852 1570/1570/918 1545/1545/899
f 1544/1544/898 1578/1578/25 1577/1577/858
f 1577/1577/858 1545/1545/899 1544/1544/898
f 1544/1544/898 1543/1543/897 1579/1579/923
f 1579/1579/923 1541/1541/895 1544/1544/898
f 1544/1544/898 1541/1541/895 1540/1540/819
f 1540/1540/819 1578/1578/25 1544/1544/898
f 1555/1555/907 1580/1580/924 1549/1549/830
f 1549/1549/830 1548/1548/902 1555/1555/907
f 1579/1579/923 1546/1546/900 1538/1538/894
f 1538/1538/894 1541/1541/895 1579/1579/923
f 1555/1555/907 1554/1554/906 1581/1581/925
f 1581/1581/925 1582/1582/926 1555/1555/907
f 1555/1555/907 1582/1582/926 1583/1583/927
f 1583/1583/927 1580/1580/924 1555/1555/907
f 1565/1565/914 1584/1584/23 1559/1559/840
f 1559/1559/840 1558/1558/910 1565/1565/914
f 1585/1585/928 1556/1556/908 1550/1550/903
f 1550/1550/903 1553/1553/905 1585/1585/928
f 1565/1565/914 1564/1564/913 1586/1586/929
f 1586/1586/929 1563/1563/912 1565/1565/914
f 1565/1565/914 1563/1563/912 1562/1562/841
f 1562/1562/841 1584/1584/23 1565/1565/914
f 1575/1575/921 1587/1587/375 1569/1569/850
f 1569/1569/850 1568/1568/917 1575/1575/921
f 1586/1586/929 1566/1566/915 1560/1560/911
f 1560/1560/911 1563/1563/912 1586/1586/929
f 1575/1575/921 1574/1574/920 1588/1588/930
f 1588/1588/930 1573/1573/919 1575/1575/921
f 1589/1589/931 1590/1590/932 1591/1591/867
f 1591/1591/867 1592/1592/870 1589/1589/931
f 1593/1593/374 1594/1594/374 1595/1595/374
f 1596/1596/933 1597/1597/934 1598/1598/935
f 1598/1598/935 1589/1589/931 1596/1596/933
f 1593/1593/374 1599/1599/374 1600/1600/374
f 1601/1601/936 1602/1602/937 1603/1603/874
f 1603/1603/874 1604/1604/877 1601/1601/936
f 1605/1605/938 1606/1606/939 1607/1607/940
f 1607/1607/940 1608/1608/941 1605/1605/938
f 1596/1596/933 1609/1609/942 1610/1610/943
f 1610/1610/943 1597/1597/934 1596/1596/933
f 1607/1607/940 1602/1602/937 1611/1611/944
f 1611/1611/944 1608/1608/941 1607/1607/940
f 1590/1590/932 1612/1612/945 1613/1613/885
f 1613/1613/885 1591/1591/867 1590/1590/932
f 1614/1614/888 1615/1615/887 1606/1606/939
f 1606/1606/939 1609/1609/942 1614/1614/888
f 1610/1610/943 1609/1609/942 1606/1606/939
f 1606/1606/939 1605/1605/938 1610/1610/943
f 1616/1616/946 1612/1612/945 1590/1590/932
f 1590/1590/932 1617/1617/947 1616/1616/946
f 1602/1602/937 1607/1607/940 1618/1618/891
f 1618/1618/891 1603/1603/874 1602/1602/937
f 1596/1596/933 1589/1589/931 1592/1592/870
f 1592/1592/870 1619/1619/892 1596/1596/933
f 1614/1614/888 1609/1609/942 1596/1596/933
f 1596/1596/933 1619/1619/892 1614/1614/888
f 1606/1606/939 1615/1615/887 1618/1618/891
f 1618/1618/891 1607/1607/940 1606/1606/939
f 1601/1601/936 1620/1620/948 1611/1611/944
f 1611/1611/944 1602/1602/937 1601/1601/936
f 1593/1593/374 1600/1600/374 1621/1621/374
f 1622/1622/374 1623/1623/374 1593/1593/374
f 1623/1623/374 1594/1594/374 1593/1593/374
f 1621/1621/374 1622/1622/374 1593/1593/374
f 1624/1624/374 1625/1625/374 1626/1626/374
f 1626/1626/374 1627/1627/374 1624/1624/374
f 1624/1624/374 1627/1627/374 1628/1628/374
f 1628/1628/374 1629/1629/374 1624/1624/374
f 1630/1630/374 1631/1631/374 1632/1632/374
f 1632/1632/374 1633/1633/374 1630/1630/374
f 1630/1630/374 1633/1633/374 1634/1634/374
f 1634/1634/374 1635/1635/374 1630/1630/374
f 1636/1636/374 1637/1637/374 1638/1638/374
f 1638/1638/374 1639/1639/374 1636/1636/374
f 1636/1636/374 1639/1639/374 1640/1640/374
f 1640/1640/374 1641/1641/374 1636/1636/374
f 1642/1642/374 1643/1643/374 1644/1644/374
f 1644/1644/374 1645/1645/374 1642/1642/374
f 1642/1642/374 1645/1645/374 1626/1626/374
f 1626/1626/374 1625/1625/374 1642/1642/374
f 1629/1629/374 1628/1628/374 1646/1646/374
f 1646/1646/374 1647/1647/374 1629/1629/374
f 1647/1647/374 1646/1646/374 1632/1632/374
f 1632/1632/374 1631/1631/374 1647/1647/374
f 1635/1635/374 1634/1634/374 1648/1648/374
f 1648/1648/374 1649/1649/374 1635/1635/374
f 1649/1649/374 1648/1648/374 1638/1638/374
f 1638/1638/374 1637/1637/374 1649/1649/374
f 1641/1641/374 1640/1640/374 1650/1650/374
f 1650/1650/374 1651/1651/374 1641/1641/374
f 1651/1651/374 1650/1650/374 1652/1652/374
f 1652/1652/374 1653/1653/374 1651/1651/374
f 1653/1653/374 1652/1652/374 1654/1654/374
f 1654/1654/374 1655/1655/374 1653/1653/374
f 1655/1655/374 1654/1654/374 1644/1644/374
f 1644/1644/374 1643/1643/374 1655/1655/374
f 1575/1575/921 1573/1573/919 1572/1572/851
f 1572/1572/851 1587/1587/375 1575/1575/921
f 1588/1588/930 1576/1576/922 1570/1570/918
f 1570/1570/918 1573/1573/919 1588/1588/930
f 1598/1598/935 1617/1617/947 1590/1590/932
f 1590/1590/932 1589/1589/931 1598/1598/935
f 1656/1656/23 1657/1657/23 1658/1658/23
f 1658/1658/23 1659/1659/23 1656/1656/23
f 1660/1660/949 1661/1661/950 1662/1662/951
f 1662/1662/951 1663/1663/952 1660/1660/949
f 1662/1662/951 1664/1664/953 1665/1665/23
f 1661/1661/950 1666/1666/954 1664/1664/953
f 1664/1664/953 1662/1662/951 1661/1661/950
f 1667/1667/955 1668/1668/956 1669/1669/957
f 1669/1669/957 1670/1670/958 1667/1667/955
f 1671/1671/959 1672/1672/960 1673/1673/961
f 1673/1673/961 1674/1674/962 1671/1671/959
f 1675/1675/963 1663/1663/952 1665/1665/23
f 1676/1676/964 1677/1677/965 1678/1678/966
f 1678/1678/966 1679/1679/967 1676/1676/964
f 1680/1680/968 1681/1681/969 1682/1682/970
f 1682/1682/970 1683/1683/971 1680/1680/968
f 1666/1666/954 1676/1676/964 1679/1679/967
f 1679/1679/967 1664/1664/953 1666/1666/954
f 1684/1684/972 1660/1660/949 1663/1663/952
f 1663/1663/952 1675/1675/963 1684/1684/972
f 1685/1685/973 1686/1686/974 1687/1687/975
f 1687/1687/975 1688/1688/976 1685/1685/973
f 1689/1689/977 1690/1690/978 1691/1691/979
f 1691/1691/979 1692/1692/980 1689/1689/977
f 1693/1693/981 1694/1694/982 1695/1695/983
f 1695/1695/983 1696/1696/984 1693/1693/981
f 1697/1697/985 1698/1698/986 1699/1699/987
f 1699/1699/987 1700/1700/988 1697/1697/985
f 1677/1677/965 1701/1701/989 1702/1702/990
f 1702/1702/990 1678/1678/966 1677/1677/965
f 1703/1703/991 1689/1689/977 1692/1692/980
f 1692/1692/980 1704/1704/992 1703/1703/991
f 1705/1705/993 1706/1706/994 1707/1707/995
f 1707/1707/995 1708/1708/996 1705/1705/993
f 1709/1709/997 1693/1693/981 1696/1696/984
f 1696/1696/984 1710/1710/998 1709/1709/997
f 1711/1711/999 1712/1712/1000 1713/1713/1001
f 1713/1713/1001 1714/1714/1002 1711/1711/999
f 1715/1715/1003 1716/1716/1004 1717/1717/1005
f 1717/1717/1005 1718/1718/1006 1715/1715/1003
f 1719/1719/1007 1703/1703/991 1704/1704/992
f 1704/1704/992 1720/1720/1008 1719/1719/1007
f 1690/1690/978 1709/1709/997 1710/1710/998
f 1710/1710/998 1691/1691/979 1690/1690/978
f 1721/1721/1009 1722/1722/1010 1723/1723/1011
f 1723/1723/1011 1724/1724/1012 1721/1721/1009
f 1694/1694/982 1711/1711/999 1714/1714/1002
f 1714/1714/1002 1695/1695/983 1694/1694/982
f 1701/1701/989 1719/1719/1007 1720/1720/1008
f 1720/1720/1008 1702/1702/990 1701/1701/989
f 1702/1702/990 1720/1720/1008 1665/1665/23
f 1664/1664/953 1679/1679/967 1665/1665/23
f 1663/1663/952 1662/1662/951 1665/1665/23
f 1695/1695/983 1714/1714/1002 1665/1665/23
f 1696/1696/984 1695/1695/983 1665/1665/23
f 1725/1725/1013 1726/1726/1013 1727/1727/1014
f 1727/1727/1014 1728/1728/1014 1725/1725/1013
f 1704/1704/992 1692/1692/980 1665/1665/23
f 1678/1678/966 1702/1702/990 1665/1665/23
f 1679/1679/967 1678/1678/966 1665/1665/23
f 1713/1713/1001 1675/1675/963 1665/1665/23
f 1714/1714/1002 1713/1713/1001 1665/1665/23
f 1710/1710/998 1696/1696/984 1665/1665/23
f 1691/1691/979 1710/1710/998 1665/1665/23
f 1720/1720/1008 1704/1704/992 1665/1665/23
f 1692/1692/980 1691/1691/979 1665/1665/23
f 1729/1729/1015 1730/1730/1016 1731/1731/1017
f 1731/1731/1017 1732/1732/1018 1729/1729/1015
f 1733/1733/1019 1734/1734/1020 1729/1729/1015
f 1729/1729/1015 1735/1735/1021 1733/1733/1019
f 1736/1736/1022 1734/1734/1020 1733/1733/1019
f 1733/1733/1019 1737/1737/1023 1736/1736/1022
f 1738/1738/1024 1739/1739/1025 1736/1736/1022
f 1736/1736/1022 1737/1737/1023 1738/1738/1024
f 1740/1740/1026 1739/1739/1025 1738/1738/1024
f 1738/1738/1024 1741/1741/1027 1740/1740/1026
f 1742/1742/1028 1743/1743/1029 1740/1740/1026
f 1740/1740/1026 1741/1741/1027 1742/1742/1028
f 1744/1744/1030 1743/1743/1029 1742/1742/1028
f 1742/1742/1028 1745/1745/1031 1744/1744/1030
f 1746/1746/1032 1747/1747/1033 1744/1744/1030
f 1744/1744/1030 1745/1745/1031 1746/1746/1032
f 1748/1748/1034 1747/1747/1033 1746/1746/1032
f 1746/1746/1032 1749/1749/1035 1748/1748/1034
f 1750/1750/1036 1751/1751/1037 1752/1752/1038
f 1752/1752/1038 1753/1753/1039 1750/1750/1036
f 1754/1754/1040 1751/1751/1037 1750/1750/1036
f 1750/1750/1036 1755/1755/1041 1754/1754/1040
f 1756/1756/1042 1757/1757/1043 1754/1754/1040
f 1754/1754/1040 1755/1755/1041 1756/1756/1042
f 1758/1758/1044 1757/1757/1043 1756/1756/1042
f 1756/1756/1042 1759/1759/1045 1758/1758/1044
f 1758/1758/1044 1759/1759/1045 1760/1760/1046
f 1760/1760/1046 1761/1761/1047 1758/1758/1044
f 1761/1761/1047 1760/1760/1046 1762/1762/1048
f 1762/1762/1048 1763/1763/1049 1761/1761/1047
f 1729/1729/1015 1732/1732/1018 1764/1764/1050
f 1764/1764/1050 1735/1735/1021 1729/1729/1015
f 1764/1764/1050 1732/1732/1018 1763/1763/1049
f 1763/1763/1049 1762/1762/1048 1764/1764/1050
f 1765/1765/1051 1730/1730/1016 1729/1729/1015
f 1729/1729/1015 1734/1734/1020 1765/1765/1051
f 1736/1736/1022 1766/1766/1052 1765/1765/1051
f 1765/1765/1051 1734/1734/1020 1736/1736/1022
f 1767/1767/1053 1766/1766/1052 1736/1736/1022
f 1736/1736/1022 1739/1739/1025 1767/1767/1053
f 1740/1740/1026 1768/1768/1054 1767/1767/1053
f 1767/1767/1053 1739/1739/1025 1740/1740/1026
f 1769/1769/1055 1768/1768/1054 1740/1740/1026
f 1740/1740/1026 1743/1743/1029 1769/1769/1055
f 1744/1744/1030 1770/1770/1056 1769/1769/1055
f 1769/1769/1055 1743/1743/1029 1744/1744/1030
f 1771/1771/1057 1770/1770/1056 1744/1744/1030
f 1744/1744/1030 1747/1747/1033 1771/1771/1057
f 1748/1748/1034 1772/1772/1058 1771/1771/1057
f 1771/1771/1057 1747/1747/1033 1748/1748/1034
f 1773/1773/1059 1774/1774/1060 1752/1752/1038
f 1752/1752/1038 1751/1751/1037 1773/1773/1059
f 1754/1754/1040 1775/1775/1061 1773/1773/1059
f 1773/1773/1059 1751/1751/1037 1754/1754/1040
f 1776/1776/1062 1775/1775/1061 1754/1754/1040
f 1754/1754/1040 1757/1757/1043 1776/1776/1062
f 1758/1758/1044 1777/1777/1063 1776/1776/1062
f 1776/1776/1062 1757/1757/1043 1758/1758/1044
f 1778/1778/1064 1777/1777/1063 1758/1758/1044
f 1758/1758/1044 1761/1761/1047 1778/1778/1064
f 1763/1763/1049 1779/1779/1065 1778/1778/1064
f 1778/1778/1064 1761/1761/1047 1763/1763/1049
f 1731/1731/1017 1779/1779/1065 1763/1763/1049
f 1763/1763/1049 1732/1732/1018 1731/1731/1017
f 1780/1780/23 1657/1657/23 1656/1656/23
f 1656/1656/23 1781/1781/23 1780/1780/23
f 1782/1782/23 1783/1783/23 1784/1784/23
f 1784/1784/23 1785/1785/23 1782/1782/23
f 1674/1674/962 1786/1786/1066 1787/1787/1067
f 1787/1787/1067 1788/1788/1068 1674/1674/962
f 1789/1789/1069 1671/1671/959 1674/1674/962
f 1674/1674/962 1788/1788/1068 1789/1789/1069
f 1658/1658/23 1783/1783/23 1782/1782/23
f 1782/1782/23 1659/1659/23 1658/1658/23
f 1790/1790/23 1791/1791/23 1792/1792/23
f 1792/1792/23 1793/1793/23 1790/1790/23
f 1724/1724/1012 1671/1671/959 1789/1789/1069
f 1789/1789/1069 1794/1794/1070 1724/1724/1012
f 1795/1795/1071 1721/1721/1009 1724/1724/1012
f 1724/1724/1012 1794/1794/1070 1795/1795/1071
f 1784/1784/23 1791/1791/23 1790/1790/23
f 1790/1790/23 1785/1785/23 1784/1784/23
f 1796/1796/23 1797/1797/23 1798/1798/23
f 1798/1798/23 1799/1799/23 1796/1796/23
f 1700/1700/988 1721/1721/1009 1795/1795/1071
f 1795/1795/1071 1800/1800/1072 1700/1700/988
f 1801/1801/1073 1697/1697/985 1700/1700/988
f 1700/1700/988 1800/1800/1072 1801/1801/1073
f 1792/1792/23 1797/1797/23 1796/1796/23
f 1796/1796/23 1793/1793/23 1792/1792/23
f 1802/1802/23 1803/1803/23 1804/1804/23
f 1804/1804/23 1805/1805/23 1802/1802/23
f 1718/1718/1006 1697/1697/985 1801/1801/1073
f 1801/1801/1073 1806/1806/1074 1718/1718/1006
f 1807/1807/1075 1715/1715/1003 1718/1718/1006
f 1718/1718/1006 1806/1806/1074 1807/1807/1075
f 1798/1798/23 1803/1803/23 1802/1802/23
f 1802/1802/23 1799/1799/23 1798/1798/23
f 1808/1808/23 1809/1809/23 1810/1810/23
f 1810/1810/23 1811/1811/23 1808/1808/23
f 1688/1688/976 1715/1715/1003 1807/1807/1075
f 1807/1807/1075 1812/1812/1076 1688/1688/976
f 1813/1813/1077 1685/1685/973 1688/1688/976
f 1688/1688/976 1812/1812/1076 1813/1813/1077
f 1804/1804/23 1809/1809/23 1808/1808/23
f 1808/1808/23 1805/1805/23 1804/1804/23
f 1814/1814/23 1815/1815/23 1816/1816/23
f 1816/1816/23 1817/1817/23 1814/1814/23
f 1708/1708/996 1685/1685/973 1813/1813/1077
f 1813/1813/1077 1818/1818/1078 1708/1708/996
f 1819/1819/1079 1705/1705/993 1708/1708/996
f 1708/1708/996 1818/1818/1078 1819/1819/1079
f 1810/1810/23 1815/1815/23 1814/1814/23
f 1814/1814/23 1811/1811/23 1810/1810/23
f 1820/1820/23 1821/1821/23 1780/1780/23
f 1780/1780/23 1781/1781/23 1820/1820/23
f 1681/1681/969 1705/1705/993 1819/1819/1079
f 1819/1819/1079 1822/1822/1080 1681/1681/969
f 1823/1823/1081 1682/1682/970 1681/1681/969
f 1681/1681/969 1822/1822/1080 1823/1823/1081
f 1816/1816/23 1821/1821/23 1820/1820/23
f 1820/1820/23 1817/1817/23 1816/1816/23
f 1669/1669/957 1682/1682/970 1823/1823/1081
f 1823/1823/1081 1670/1670/958 1669/1669/957
f 1674/1674/962 1673/1673/961 1824/1824/1082
f 1824/1824/1082 1786/1786/1066 1674/1674/962
f 1724/1724/1012 1723/1723/1011 1672/1672/960
f 1672/1672/960 1671/1671/959 1724/1724/1012
f 1700/1700/988 1699/1699/987 1722/1722/1010
f 1722/1722/1010 1721/1721/1009 1700/1700/988
f 1718/1718/1006 1717/1717/1005 1698/1698/986
f 1698/1698/986 1697/1697/985 1718/1718/1006
f 1688/1688/976 1687/1687/975 1716/1716/1004
f 1716/1716/1004 1715/1715/1003 1688/1688/976
f 1708/1708/996 1707/1707/995 1686/1686/974
f 1686/1686/974 1685/1685/973 1708/1708/996
f 1705/1705/993 1681/1681/969 1680/1680/968
f 1680/1680/968 1706/1706/994 1705/1705/993
f 1668/1668/956 1825/1825/1083 1826/1826/1084
f 1826/1826/1084 1669/1669/957 1668/1668/956
f 1669/1669/957 1826/1826/1084 1683/1683/971
f 1683/1683/971 1682/1682/970 1669/1669/957
f 1827/1827/1085 1828/1828/1086 1829/1829/1087
f 1829/1829/1087 1830/1830/1088 1827/1827/1085
f 1831/1831/1089 1832/1832/1090 1833/1833/1091
f 1831/1831/1089 1834/1834/1092 1835/1835/1093
f 1836/1836/1094 1837/1837/1095 1838/1838/1095
f 1838/1838/1095 1839/1839/1096 1836/1836/1094
f 1834/1834/1092 1840/1840/1097 1841/1841/1098
f 1833/1833/1091 1840/1840/1097 1834/1834/1092
f 1834/1834/1092 1831/1831/1089 1833/1833/1091
f 1842/1842/1099 1843/1843/1100 1844/1844/1101
f 1845/1845/1102 1843/1843/1100 1846/1846/1103
f 1846/1846/1103 1847/1847/1104 1845/1845/1102
f 1848/1848/1105 1849/1849/1106 1850/1850/1107
f 1851/1851/1108 1852/1852/1109 1848/1848/1105
f 1853/1853/1110 1851/1851/1108 1854/1854/1111
f 1848/1848/1105 1855/1855/1112 1856/1856/1113
f 1856/1856/1113 1849/1849/1106 1848/1848/1105
f 1836/1836/1094 1839/1839/1096 1857/1857/1114
f 1857/1857/1114 1858/1858/1114 1836/1836/1094
f 1859/1859/1115 1860/1860/1116 1844/1844/1101
f 1844/1844/1101 1861/1861/1117 1862/1862/1118
f 1862/1862/1118 1859/1859/1115 1844/1844/1101
f 1863/1863/1119 1864/1864/1120 1865/1865/1120
f 1865/1865/1120 1866/1866/1119 1863/1863/1119
f 1867/1867/1121 1868/1868/1122 1869/1869/1123
f 1869/1869/1123 1870/1870/1124 1867/1867/1121
f 1871/1871/1125 1872/1872/1126 1873/1873/1126
f 1873/1873/1126 1874/1874/1125 1871/1871/1125
f 1851/1851/1108 1853/1853/1110 1832/1832/1090
f 1832/1832/1090 1831/1831/1089 1851/1851/1108
f 1875/1875/1127 1842/1842/1099 1876/1876/1128
f 1877/1877/1129 1878/1878/1129 1879/1879/1130
f 1879/1879/1130 1880/1880/1130 1877/1877/1129
f 1843/1843/1100 1881/1881/1131 1882/1882/1132
f 1882/1882/1132 1867/1867/1121 1843/1843/1100
f 1883/1883/1133 1884/1884/1134 1885/1885/1134
f 1885/1885/1134 1886/1886/1133 1883/1883/1133
f 1887/1887/1135 1888/1888/1136 1889/1889/1137
f 1889/1889/1137 1828/1828/1086 1887/1887/1135
f 1873/1873/1126 1872/1872/1126 1838/1838/1095
f 1838/1838/1095 1837/1837/1095 1873/1873/1126
f 1890/1890/1138 1891/1891/1139 1892/1892/1140
f 1892/1892/1140 1891/1891/1139 1893/1893/1141
f 1893/1893/1141 1846/1846/1103 1892/1892/1140
f 1894/1894/1142 1895/1895/1142 1896/1896/1143
f 1896/1896/1143 1897/1897/1143 1894/1894/1142
f 1893/1893/1141 1847/1847/1104 1846/1846/1103
f 1848/1848/1105 1850/1850/1107 1854/1854/1111
f 1854/1854/1111 1851/1851/1108 1848/1848/1105
f 1898/1898/1144 1726/1726/1013 1725/1725/1013
f 1725/1725/1013 1899/1899/1144 1898/1898/1144
f 1887/1887/1135 1900/1900/1145 1888/1888/1136
f 1892/1892/1140 1842/1842/1099 1875/1875/1127
f 1875/1875/1127 1890/1890/1138 1892/1892/1140
f 1901/1901/1146 1861/1861/1117 1870/1870/1124
f 1870/1870/1124 1902/1902/1147 1901/1901/1146
f 1828/1828/1086 1903/1903/1148 1887/1887/1135
f 1829/1829/1087 1828/1828/1086 1889/1889/1137
f 1842/1842/1099 1846/1846/1103 1843/1843/1100
f 1827/1827/1085 1830/1830/1088 1904/1904/1149
f 1827/1827/1085 1855/1855/1112 1905/1905/1150
f 1855/1855/1112 1906/1906/1151 1856/1856/1113
f 1869/1869/1123 1902/1902/1147 1870/1870/1124
f 1894/1894/1142 1858/1858/1114 1857/1857/1114
f 1857/1857/1114 1895/1895/1142 1894/1894/1142
f 1865/1865/1120 1864/1864/1120 1883/1883/1133
f 1883/1883/1133 1886/1886/1133 1865/1865/1120
f 1901/1901/1146 1862/1862/1118 1861/1861/1117
f 1844/1844/1101 1860/1860/1116 1876/1876/1128
f 1876/1876/1128 1842/1842/1099 1844/1844/1101
f 1843/1843/1100 1867/1867/1121 1870/1870/1124
f 1870/1870/1124 1861/1861/1117 1843/1843/1100
f 1907/1907/1152 1908/1908/1153 1863/1863/1119
f 1863/1863/1119 1866/1866/1119 1907/1907/1152
f 1845/1845/1102 1881/1881/1131 1843/1843/1100
f 1855/1855/1112 1909/1909/1154 1910/1910/1155
f 1827/1827/1085 1904/1904/1149 1906/1906/1151
f 1906/1906/1151 1855/1855/1112 1827/1827/1085
f 1868/1868/1122 1867/1867/1121 1882/1882/1132
f 1911/1911/1156 1912/1912/1157 1871/1871/1125
f 1871/1871/1125 1874/1874/1125 1911/1911/1156
f 1892/1892/1140 1846/1846/1103 1842/1842/1099
f 1848/1848/1105 1913/1913/1158 1914/1914/1159
f 1848/1848/1105 1852/1852/1109 1913/1913/1158
f 1834/1834/1092 1915/1915/1160 1835/1835/1093
f 1834/1834/1092 1916/1916/1161 1915/1915/1160
f 1907/1907/1152 1880/1880/1130 1879/1879/1130
f 1879/1879/1130 1908/1908/1153 1907/1907/1152
f 1855/1855/1112 1917/1917/1162 1905/1905/1150
f 1855/1855/1112 1910/1910/1155 1917/1917/1162
f 1887/1887/1135 1918/1918/1163 1919/1919/1164
f 1887/1887/1135 1903/1903/1148 1918/1918/1163
f 1887/1887/1135 1834/1834/1092 1841/1841/1098
f 1841/1841/1098 1900/1900/1145 1887/1887/1135
f 1851/1851/1108 1920/1920/1165 1852/1852/1109
f 1920/1920/1165 1851/1851/1108 1831/1831/1089
f 1831/1831/1089 1835/1835/1093 1920/1920/1165
f 1834/1834/1092 1921/1921/1166 1916/1916/1161
f 1921/1921/1166 1834/1834/1092 1887/1887/1135
f 1887/1887/1135 1919/1919/1164 1921/1921/1166
f 1844/1844/1101 1843/1843/1100 1861/1861/1117
f 1855/1855/1112 1848/1848/1105 1914/1914/1159
f 1914/1914/1159 1909/1909/1154 1855/1855/1112
f 1727/1727/1014 1878/1878/1129 1877/1877/1129
f 1877/1877/1129 1728/1728/1014 1727/1727/1014
f 1828/1828/1086 1827/1827/1085 1922/1922/1167
f 1922/1922/1167 1903/1903/1148 1828/1828/1086
f 1827/1827/1085 1905/1905/1150 1922/1922/1167
f 1712/1712/1000 1684/1684/972 1675/1675/963
f 1675/1675/963 1713/1713/1001 1712/1712/1000
